bucket,bucket_kind,app_id,title,genre,match_strength,reasons,members_count,published,age_days,rank_growth_rate,rank_popular_week,rank_popular_today,hot_top300
arrow_tapaway,mechanic,54489790,ТапТап Стрелка,Puzzle,strong,title:стрелк,169060,2026-04-02,167,101,34,39,1
arrow_tapaway,mechanic,54579291,Стрелки: Очисти поле,Puzzle,strong,title:стрелк; desc:стрелки: очист,91709,2026-05-25,114,145,70,71,1
arrow_tapaway,mechanic,54539273,Разбери Стрелочки,Puzzle,strong,title:стрелоч,81470,2026-04-16,153,78,95,78,1
arrow_tapaway,mechanic,54579195,Стрелочки,Puzzle,strong,title:стрелоч,72211,2026-05-07,132,761,398,438,0
arrow_tapaway,mechanic,54184191,Лабиринт Стрелок Пазл,Puzzle,strong,"desc:стрелки по игровому полю, чтобы очист",37107,2026-02-24,204,8,179,44,1
arrow_tapaway,mechanic,53131314,Разбери кубики 3D головоломка,Puzzle,strong,desc:в направлении стрелк,35635,2025-02-27,566,2209,912,,0
arrow_tapaway,mechanic,54531151,Arrow Escape Стрелки Лабиринт,Puzzle,strong,"title:arrow; desc:стрелки, чтобы убрать их с поля",30553,2026-04-13,156,1120,256,300,1
arrow_tapaway,mechanic,54698383,Туда-Сюда: Распутай Рисунок,Puzzle,strong,title:туда-сюда; desc:стрелочки с поля,21922,2026-08-14,33,7,133,40,1
arrow_tapaway,mechanic,54631079,Туда-Сюда: Стрелочки,Puzzle,strong,"title:туда-сюда; desc:стрелочки — затягивающая головоломка, в ",15443,2026-06-23,85,3776,1873,440,0
arrow_tapaway,mechanic,54432978,Распутай Стрелки,Puzzle,strong,"title:распута; desc:стрелки блокируют друг друга, а твоя зад",15274,2026-02-04,224,2380,734,2507,0
arrow_tapaway,mechanic,51569769,Скинь квадрат,Puzzle,strong,"desc:стрелки на квадрате нет, значит квадрат ",6379,2023-03-13,1283,3963,4513,4515,0
arrow_tapaway,mechanic,54669674,Стрелки: Дизайн Дома Мечты,Puzzle,strong,title:стрелк; desc:стрелки: дизайн дома мечты — головоломка,5740,2026-08-19,28,132,691,368,1
arrow_tapaway,mechanic,54646011,Snake Escape - Найди Выход,Puzzle,strong,desc:tap away,5422,2026-06-26,82,3818,593,1145,0
arrow_tapaway,mechanic,54644271,Стрелочки - Построй свой Дом,Puzzle,strong,title:стрелоч,5036,2026-07-13,65,4553,1819,1674,0
arrow_tapaway,mechanic,54438665,Стрелочки,Puzzle,strong,title:стрелоч,4478,2026-02-06,222,3339,359,1121,0
arrow_tapaway,mechanic,54641447,Мастер стрелок,Puzzle,strong,"desc:стрелки, чтобы очист",3974,2026-06-23,85,3148,1386,2490,0
arrow_tapaway,mechanic,54673391,Стрелки - Открой Картинку,Puzzle,strong,"title:стрелк; desc:стрелки, убира",3827,2026-07-16,62,2686,771,174,1
arrow_tapaway,mechanic,54629726,Стрелки: Спаси хомяков,Puzzle,strong,title:стрелк; desc:головоломка со стрел,3651,2026-08-21,26,4422,1080,706,0
arrow_tapaway,mechanic,54706915,Тапай Стрелки: Головоломка,Puzzle,strong,title:стрелк,3514,2026-08-06,41,2471,1111,,0
arrow_tapaway,mechanic,54629332,Стрелки: Распутай Клубок,Puzzle,strong,"title:стрелк; desc:в направлении, куда",3219,2026-06-15,93,3368,1420,995,0
arrow_tapaway,mechanic,54649206,Разбери Кубик Стрелочек,Puzzle,strong,title:стрелоч,2668,2026-07-02,76,2869,1187,1233,0
arrow_tapaway,mechanic,54657624,Сортируй Стрелки,Puzzle,strong,title:стрелк,2509,2026-07-03,75,3623,1351,2683,0
arrow_tapaway,mechanic,54637960,Стреляй стрелки,Hyper-casual,strong,"title:стрелк; desc:стрелки одну за другой, пока поле не очи",1924,2026-06-22,86,3934,4336,4337,0
arrow_tapaway,mechanic,52203029,Разбери Стрелки,Puzzle,strong,title:стрелк; desc:unpuzzle,1786,2024-08-26,751,2495,3502,3503,0
arrow_tapaway,mechanic,54613781,Куб стрелок,Puzzle,strong,desc:убрать все стрелк,1592,2026-06-02,106,3175,2950,2952,0
arrow_tapaway,mechanic,54643096,Распутай змей,Puzzle,strong,title:распута,1237,2026-07-02,76,2219,3780,3822,0
arrow_tapaway,mechanic,54335423,Разблок Пазл,Puzzle,strong,desc:unpuzzle,953,2025-11-21,299,2905,3744,3746,0
arrow_tapaway,mechanic,54655149,Куб и Стрелки - разбери,Puzzle,strong,title:стрелк,688,2026-07-03,75,3650,2880,2875,0
arrow_tapaway,mechanic,54608047,Hexa Slink: Tap Away Puzzle,Puzzle,strong,title:tap away; desc:tap away,682,2026-07-10,68,3848,4024,4025,0
arrow_tapaway,mechanic,54723170,Стрелки - Найди выход,Puzzle,strong,"title:стрелк; desc:стрелки, которые могут выйти без препятс",593,2026-08-21,26,1433,4279,4279,0
arrow_tapaway,mechanic,54723115,КликТап Стрелки,Puzzle,strong,title:стрелк,493,2026-08-21,26,2629,3982,3983,0
arrow_tapaway,mechanic,54702801,Пульс стрелок,Puzzle,strong,"desc:стрелке, если путь в ее направлении своб",430,2026-09-04,12,793,3554,3521,0
arrow_tapaway,mechanic,54732019,Arrowbox,Puzzle,strong,"desc:стрелками, где нужно полностью очист",155,2026-09-07,9,1933,4457,4459,0
arrow_tapaway,mechanic,53992911,Двигай Цветные Блоки,Puzzle,strong,desc:unpuzzle,67,2025-08-05,407,4728,4117,4109,0
arrow_tapaway,mechanic,2247474,Лабиринт,Puzzle,weak,title_weak:лабиринт,1394435,2011-03-29,5650,3560,4832,4833,0
arrow_tapaway,mechanic,8005097,Покрась Лабиринт,Hyper-casual,weak,title_weak:лабиринт,624048,2021-11-22,1759,4566,3294,3295,0
arrow_tapaway,mechanic,51559466,Зелёный Лабиринт,Adventure,weak,title_weak:лабиринт,167380,2023-02-27,1297,380,903,,0
arrow_tapaway,mechanic,7605538,🎯Рейчел Холмс: найди отличия,Puzzle,weak,desc_weak:распутыва,165164,2020-09-24,2183,1175,932,,0
arrow_tapaway,mechanic,7675528,Лабиринт Контроль,Puzzle,weak,title_weak:лабиринт,106069,2020-11-24,2122,3894,3963,3955,0
arrow_tapaway,mechanic,8192045,Конструктор труб: лабиринт,Puzzle,weak,title_weak:лабиринт,96732,2022-06-28,1541,1699,1088,2465,0
arrow_tapaway,mechanic,7702952,Числовой Лабиринт,Puzzle,weak,title_weak:лабиринт,55545,2020-12-18,2098,4946,4428,4429,0
arrow_tapaway,mechanic,53138411,Симулятор Парковки 2025,Racing,weak,desc_weak:стрелк,47067,2025-02-25,568,481,1396,,0
arrow_tapaway,mechanic,54184211,Сортируй Плитки,Puzzle,weak,desc_weak:стрелк,41102,2025-10-13,338,4512,769,569,0
arrow_tapaway,mechanic,53917906,Бу Испугался 7: Лето,Adventure,weak,desc_weak:распута,37696,2025-07-17,426,674,1616,,0
arrow_tapaway,mechanic,7969380,Поп Ит Лабиринт: Попыт Мания,Puzzle,weak,title_weak:лабиринт,37680,2021-10-11,1801,4921,1633,639,0
arrow_tapaway,mechanic,53695641,Бу Испугался 6: Цирк Италии,Adventure,weak,desc_weak:распутыва,37282,2025-06-05,468,1978,1459,598,0
arrow_tapaway,mechanic,54579601,Разбери Кубик 2026,Puzzle,weak,desc_weak:стрелк,36042,2026-05-13,126,4927,1023,517,0
arrow_tapaway,mechanic,51911415,Пасьянс криминальные истории,Puzzle,weak,desc_weak:распута,27711,2024-04-23,876,2888,1372,301,0
arrow_tapaway,mechanic,8183676,Бесконечный лабиринт,Hyper-casual,weak,title_weak:лабиринт,21625,2022-06-05,1564,4912,2086,655,0
arrow_tapaway,mechanic,51731336,Лабиринт: побег от монстра,Arcade,weak,title_weak:лабиринт; desc_weak:стрелочк,21222,2023-08-18,1125,2689,2365,2770,0
arrow_tapaway,mechanic,51470914,Кубик Разберубик,Puzzle,weak,desc_weak:кубики и они будут вылета,20134,2022-12-28,1358,2655,2188,1673,0
arrow_tapaway,mechanic,51427204,Стикмэн: Меткий Стрелок,Puzzle,weak,title_weak:стрелок,13258,2022-09-19,1458,4751,4016,4017,0
arrow_tapaway,mechanic,8220556,Плитки Лабиринт,Hyper-casual,weak,title_weak:лабиринт,12598,2022-11-02,1414,4453,1863,650,0
arrow_tapaway,mechanic,53344562,Цветные блоки с Чубриками,Puzzle,weak,"desc_weak:блоками, которые необходимо распутать и ",11017,2025-07-14,429,2485,2701,,0
arrow_tapaway,mechanic,51871349,Запутанные линии,Puzzle,weak,desc_weak:распута,9030,2024-07-24,784,4679,2262,2408,0
arrow_tapaway,mechanic,7814363,Монстр Слайд,Puzzle,weak,desc_weak:стрелк,8410,2021-04-05,1990,3590,4983,4983,0
arrow_tapaway,mechanic,8216701,🧱Лабиринт,Puzzle,weak,title_weak:лабиринт,7858,2022-08-10,1498,4793,2029,837,0
arrow_tapaway,mechanic,8205706,Физический лабиринт,Puzzle,weak,title_weak:лабиринт,7191,2022-06-29,1540,3870,1961,924,0
arrow_tapaway,mechanic,8192572,Физический лабиринт 2,Puzzle,weak,title_weak:лабиринт,6859,2022-07-12,1527,4479,4762,4763,0
arrow_tapaway,mechanic,51718605,Нубик Рикошет,Hyper-casual,weak,desc_weak:стрелк,6129,2023-08-07,1136,1376,2483,,0
arrow_tapaway,mechanic,54621697,Веломастер,Arcade,weak,desc_weak:стрелк,6069,2026-06-08,100,3928,2538,947,0
arrow_tapaway,mechanic,52977265,Болтики: Сортировка,Puzzle,weak,desc_weak:распутыва,5628,2026-06-30,78,1595,2106,1112,0
arrow_tapaway,mechanic,54416559,Семейное Дерево,Puzzle,weak,desc_weak:распута,5494,2026-01-21,238,2810,2560,2778,0
arrow_tapaway,mechanic,54722886,Головоломка: Закрась лабиринт,Puzzle,weak,title_weak:лабиринт,5086,2026-09-04,12,213,,,1
arrow_tapaway,mechanic,54643911,Шерстеплёт,Arcade,weak,desc_weak:распутыва,5046,2026-07-13,65,2750,433,2528,0
arrow_tapaway,mechanic,54731799,Сканворд: Поменяй Буквы,Word game,weak,desc_weak:стрелк,4759,2026-08-27,20,2937,846,,0
arrow_tapaway,mechanic,51913596,Парковка авто в городе,Simulator,weak,desc_weak:стрелк,4718,2024-05-03,866,2579,4917,4917,0
arrow_tapaway,mechanic,54653215,Шарик в лабиринте,Hyper-casual,weak,title_weak:лабиринт,4457,2026-07-03,75,3885,1384,522,0
arrow_tapaway,mechanic,52328332,Разбери кубик из блоков,Puzzle,weak,desc_weak:стрелк,4073,2024-09-24,722,,4347,4348,0
arrow_tapaway,mechanic,51524227,Раскраска Лабиринта,Puzzle,weak,title_weak:лабиринт,3974,2023-01-12,1343,4717,4377,4378,0
arrow_tapaway,mechanic,54730119,Оплот: Осада замков,Strategy,weak,desc_weak:стрелк,3849,2026-08-27,20,1818,1790,146,1
arrow_tapaway,mechanic,54496464,Цветы: Соединяй и Продавай,Puzzle,weak,desc_weak:стрелк,3485,2026-04-01,168,3752,1151,948,0
arrow_tapaway,mechanic,51926818,Лабиринт Труб,Puzzle,weak,title_weak:лабиринт,3476,2024-05-27,842,4455,585,652,0
arrow_tapaway,mechanic,54617048,Tileswale: Школа Чародейства,Three in a row,weak,desc_weak:распутыва,3333,2026-06-16,92,3429,664,874,0
arrow_tapaway,mechanic,54343105,Мастер узлов,Arcade,weak,desc_weak:распута,3067,2025-12-19,271,2200,3548,3558,0
arrow_tapaway,mechanic,52796578,Снежный замес: игра-лабиринт,Puzzle,weak,title_weak:лабиринт,2764,2024-12-23,632,3675,3185,3187,0
arrow_tapaway,mechanic,54449328,NonoCross Японские кроссворды,Puzzle,weak,desc_weak:распутыва,2257,2026-04-07,162,1871,2925,2936,0
arrow_tapaway,mechanic,53371848,Сортировка птиц,Puzzle,weak,desc_weak:стрелк,2040,2025-04-02,532,2491,3536,,0
arrow_tapaway,mechanic,53981531,Волшебная Сага: Три в ряд,Three in a row,weak,desc_weak:распутыва,1548,2025-08-18,394,3766,3422,3398,0
arrow_tapaway,mechanic,54289236,Цветные Катушки,Hyper-casual,weak,desc_weak:распута,1533,2025-11-06,314,4386,4548,4549,0
arrow_tapaway,mechanic,54686517,Спаси семью от змей,Puzzle,weak,desc_weak:стрелк,1264,2026-08-03,44,57,3556,3532,1
arrow_tapaway,mechanic,54568590,Лабиринт Стрелок Убери блоки,Puzzle,weak,title_weak:лабиринт; desc_weak:стрелк,1255,2026-06-11,97,2765,2820,2867,0
arrow_tapaway,mechanic,54611496,Сортировка пряжи: Вызов,Puzzle,weak,desc_weak:распутыва,1203,2026-06-01,107,4694,2849,2844,0
arrow_tapaway,mechanic,51889455,Цветной лабиринт Поиск Звезды,Puzzle,weak,title_weak:лабиринт,1134,2024-03-29,901,1941,3094,3095,0
arrow_tapaway,mechanic,51937967,Мастер клубков,Hyper-casual,weak,desc_weak:распута,576,2024-06-03,835,2743,3015,3017,0
arrow_tapaway,mechanic,53546633,Закрась Лабиринт,Hyper-casual,weak,title_weak:лабиринт,417,2025-07-08,435,1536,4847,4847,0
arrow_tapaway,mechanic,53350179,Да будет свет! Головоломка,Puzzle,weak,desc_weak:распута,406,2025-04-11,523,4057,4981,4981,0
arrow_tapaway,mechanic,54308038,НеЛабиринт - Not a Maze,Puzzle,weak,title_weak:лабиринт,391,2025-12-05,285,2728,4701,4703,0
arrow_tapaway,mechanic,51875817,Числовой лабиринт,Puzzle,weak,title_weak:лабиринт,381,2024-03-13,917,2602,4795,4796,0
arrow_tapaway,mechanic,54749981,Дедоку - Детективное судоку,Puzzle,weak,desc_weak:распута,319,2026-09-08,8,686,3830,3806,0
arrow_tapaway,mechanic,51843834,Кубикойд лабиринт,Hyper-casual,weak,title_weak:лабиринт,307,2024-02-05,954,2252,4972,4972,0
arrow_tapaway,mechanic,54250604,Гирлянды Графа,Puzzle,weak,desc_weak:распута,286,2025-10-20,331,4056,4984,4984,0
arrow_tapaway,mechanic,54107973,Вопрос дня,Puzzle,weak,desc_weak:распутыва,67,2025-09-16,365,3554,4754,4755,0
arrow_tapaway,mechanic,54742775,Стрелариум,Hyper-casual,weak,desc_weak:стрелк,37,2026-09-14,2,796,,3396,0
arrow_tapaway,mechanic,54759951,Колорит,Puzzle,weak,desc_weak:стрелк,2,2026-09-16,0,4928,3188,3190,0
sort,mechanic,51991602,По полочкам: Сортировка,Three in a row,strong,title:по полочкам; desc:сортир,299190,2024-07-29,779,49,63,250,1
sort,mechanic,51918751,Шарики в колбах,Three in a row,strong,desc:сортир,208167,2024-05-07,862,162,159,477,1
sort,mechanic,54255702,Болты и гайки: сортировка,Puzzle,strong,title:сортир; desc:сортир,177003,2025-10-27,324,80,108,307,1
sort,mechanic,54380425,Яга: Зелья судьбы,Puzzle,strong,desc:сортир,129265,2026-06-24,84,122,93,36,1
sort,mechanic,54174190,Сортировка Болтомания,Puzzle,strong,title:сортир; desc:сортир,96177,2025-10-13,338,1397,430,230,1
sort,mechanic,52740328,Сортировка вещей в шкафу,Three in a row,strong,title:сортир; desc:сортир,89533,2024-11-26,659,215,672,,1
sort,mechanic,52904486,Безумная парковка,Puzzle,strong,desc:сортир,87243,2025-03-06,559,378,552,458,0
sort,mechanic,54539273,Разбери Стрелочки,Puzzle,strong,desc:сортир,81470,2026-04-16,153,78,95,78,1
sort,mechanic,7797078,Головоломка сортировка шаров,Puzzle,strong,title:сортир; desc:сортир,71972,2021-03-21,2005,2724,990,1917,0
sort,mechanic,52847608,Болты и Гайки - Сортировка,Puzzle,strong,title:сортир; desc:сортир,62834,2024-12-23,632,3314,627,,0
sort,mechanic,53475510,Реагенты,Puzzle,strong,desc:перелива,58694,2025-04-28,506,562,688,,0
sort,mechanic,54184207,Волшебные Бутылки,Puzzle,strong,desc:сортир,57962,2026-02-24,204,25,92,27,1
sort,mechanic,52705366,Гений продаж 3D - сортировка,Three in a row,strong,title:сортир; desc:сортир,50944,2024-11-22,663,4545,674,1777,0
sort,mechanic,7791760,Сортировка по цвету,Puzzle,strong,title:сортир; desc:сортир,42587,2021-03-16,2010,4190,3831,3807,0
sort,mechanic,54184211,Сортируй Плитки,Puzzle,strong,title:сортир; desc:сортир,41102,2025-10-13,338,4512,769,569,0
sort,mechanic,51928211,Сортировка Эмодзи!,Three in a row,strong,title:сортир; desc:сортир,40946,2024-05-24,845,3827,824,1130,0
sort,mechanic,54496145,Солитер Цепочка Слов,Word game,strong,desc:сортир,39950,2026-04-08,161,533,282,103,1
sort,mechanic,52402295,Три в ряд. Фабрика слияний,Three in a row,strong,desc:сортир,38706,2024-10-04,712,1577,1493,245,1
sort,mechanic,52896454,Плиточки: Сортировка,Three in a row,strong,title:сортир; desc:сортир,37568,2025-01-29,595,413,540,,0
sort,mechanic,52382922,Сортировка плиток,Puzzle,strong,title:сортир; desc:сортир,31658,2024-09-30,716,1949,607,1796,0
sort,mechanic,7773901,Сортировка,Puzzle,strong,title:сортир; desc:сортир,29630,2021-02-28,2026,1836,2166,1972,0
sort,mechanic,51533334,Мастер сортировки мячей,Puzzle,strong,title:сортир; desc:сортир,28561,2023-01-27,1328,,3749,3649,0
sort,mechanic,52755162,Фишечки,Hyper-casual,strong,desc:сортир,28283,2024-11-27,658,553,1357,,0
sort,mechanic,53082679,Сортировка Машин: по парковке,Puzzle,strong,title:сортир,26449,2025-02-17,576,890,1649,,0
sort,mechanic,52846943,Бесконечные Коробки,Puzzle,strong,desc:сортир,25394,2025-04-16,518,3753,1740,,0
sort,mechanic,52899915,Цветные Гайки,Puzzle,strong,desc:сортир,24807,2025-01-09,615,2239,1077,,0
sort,mechanic,51517117,Головоломка типа воды,Puzzle,strong,desc:water sort,22373,2023-01-10,1345,1546,2211,2420,0
sort,mechanic,53013570,Сортировка: женские штучки,Three in a row,strong,title:сортир,21780,2025-02-11,582,2630,1936,981,0
sort,mechanic,52753042,Сортировка жидкости в колбах,Puzzle,strong,title:сортир; desc:сортир,20725,2024-11-27,658,,1817,1090,0
sort,mechanic,54567036,Солитер: Ассоциации,Word game,strong,desc:сортир,19904,2026-04-30,139,,1254,427,0
sort,mechanic,51567810,Копатели,Adventure,strong,desc:перелива,18350,2023-03-02,1294,1331,2102,,0
sort,mechanic,54661725,Слияние пузырей,Puzzle,strong,desc:сортир,17921,2026-07-08,70,100,215,54,1
sort,mechanic,54155240,ЭкоЛис Сортировка,Puzzle,strong,title:сортир; desc:сортир,17843,2025-09-24,357,,1981,1174,0
sort,mechanic,51727306,Цепи Сортировка,Puzzle,strong,title:сортир,16073,2023-08-14,1129,3182,2464,2391,0
sort,mechanic,52917333,Гараж Ника - сортируй машины!,Simulator,strong,title:сортир; desc:сортир,14370,2025-02-07,586,2010,2787,,0
sort,mechanic,53178685,Гекса Мастер,Puzzle,strong,desc:sort,14283,2025-03-06,559,1896,1026,1722,0
sort,mechanic,53614048,Cash Clean Simulator,Simulator,strong,desc:сортир,13999,2025-06-16,457,936,2760,,0
sort,mechanic,8207380,Конфетки,Puzzle,strong,desc:сортир,13988,2022-07-12,1527,2342,2492,1970,0
sort,mechanic,52813474,Магическая сортировка,Three in a row,strong,title:сортир; desc:сортир,13846,2024-12-09,646,4956,1109,890,0
sort,mechanic,53480720,Пиратский Рай,Puzzle,strong,desc:сортир,13644,2025-04-24,510,,960,1203,0
sort,mechanic,54468944,Магия Цвета ✨,Puzzle,strong,desc:сортир,13336,2026-06-05,103,980,251,28,1
sort,mechanic,54583313,Гайки и Болты - Сортировка!,Puzzle,strong,title:сортир; desc:сортир,13331,2026-05-26,113,92,399,305,1
sort,mechanic,53021580,По полочкам: игра-сортировка,Three in a row,strong,title:по полочкам; desc:сортир,13277,2025-02-18,575,4814,1597,589,0
sort,mechanic,52850855,Порядок на полках,Puzzle,strong,desc:сортир,11927,2024-12-16,639,1463,1497,,0
sort,mechanic,52851428,Коты-циркачи: всё по полочкам,Puzzle,strong,title:по полочкам; desc:по полочкам,11661,2024-12-20,635,2929,2703,1058,0
sort,mechanic,51916382,Сортируй шарики,Puzzle,strong,title:сортир,11502,2024-05-02,867,2335,2661,2364,0
sort,mechanic,53038500,Спасай цветы: сортировка,Three in a row,strong,title:сортир; desc:сортир,10508,2025-02-18,575,3495,2650,718,0
sort,mechanic,52901297,Гекса Квест,Puzzle,strong,desc:сортир,9726,2025-01-14,610,3971,1852,1864,0
sort,mechanic,53515711,Зверята по полочкам,Three in a row,strong,title:по полочкам; desc:по полочкам,9079,2025-04-30,504,4097,2165,2789,0
sort,mechanic,52052723,Мастер по Зельям 3D,Puzzle,strong,desc:сортир,8864,2024-08-09,768,4804,1495,812,0
sort,mechanic,54411310,Занимательные жидкости,Puzzle,strong,desc:перелива,7747,2026-01-16,243,3695,2630,2703,0
sort,mechanic,54500920,Побег Овец: Сортировка Фермы,Puzzle,strong,title:сортир; desc:сортир,7496,2026-03-25,175,2742,1918,1977,0
sort,mechanic,54468287,Цветы по местам,Puzzle,strong,desc:сортир,7337,2026-03-03,197,4781,813,818,0
sort,mechanic,54598270,Сортировка кругов,Puzzle,strong,title:сортир; desc:сортир,7156,2026-05-22,117,1115,625,1063,0
sort,mechanic,54670833,Полки: Три в Ряд,Three in a row,strong,title:полки; desc:сортир,6943,2026-07-13,65,3792,1478,1169,0
sort,mechanic,54143992,Sort Puzzle,Arcade,strong,title:sort; desc:sort,6743,2025-09-16,365,2296,2005,982,0
sort,mechanic,51926565,Пьяница карты онлайн,Tabletop game,strong,desc:сортир,6714,2024-05-20,849,3070,3086,3087,0
sort,mechanic,54027484,Сортировка: уютный порядок,Three in a row,strong,title:сортир; desc:сортир,6544,2025-09-24,357,583,947,329,0
sort,mechanic,51549677,2048 Сортировка шариков,Puzzle,strong,title:сортир; desc:сортир,6530,2023-02-21,1303,1263,318,704,0
sort,mechanic,54481329,Сортировка бубликов,Puzzle,strong,title:сортир; desc:сортир,6418,2026-03-20,180,2276,934,2276,0
sort,mechanic,54454139,Сортировка птиц: Квест,Puzzle,strong,title:сортир; desc:сортир,5963,2026-02-17,211,3693,751,2679,0
sort,mechanic,52977265,Болтики: Сортировка,Puzzle,strong,title:сортир; desc:сортир,5628,2026-06-30,78,1595,2106,1112,0
sort,mechanic,54649914,Пасьянс Собери картинки,Tabletop game,strong,desc:сортир,5626,2026-07-20,58,4543,1285,1768,0
sort,mechanic,54254065,Гайки и болты: сортировка,Puzzle,strong,title:сортир; desc:сортир,5605,2025-10-22,329,3158,2914,2916,0
sort,mechanic,54303118,Соединяй Колбы!,Puzzle,strong,desc:перелива,5400,2025-11-07,313,1102,1072,1851,0
sort,mechanic,54662458,Болты Сортировка,Puzzle,strong,title:сортир,5395,2026-07-07,71,2054,2806,2811,0
sort,mechanic,51740272,Шарики Дзен,Arcade,strong,desc:перелива,5248,2023-09-29,1083,3164,968,2387,0
sort,mechanic,54467048,Блеск Самоцветов - Три в Ряд,Three in a row,strong,desc:перелива,5206,2026-03-06,194,2320,1239,2782,0
sort,mechanic,54643911,Шерстеплёт,Arcade,strong,desc:сортир,5046,2026-07-13,65,2750,433,2528,0
sort,mechanic,54644271,Стрелочки - Построй свой Дом,Puzzle,strong,desc:сортир,5036,2026-07-13,65,4553,1819,1674,0
sort,mechanic,54305838,Роблокс Обби: Спаси Новый Год,Arcade,strong,desc:перелива,4907,2025-11-17,303,872,4559,4561,0
sort,mechanic,52139382,Хекса,Hyper-casual,strong,desc:сортир,4890,2024-08-21,756,4468,1447,671,0
sort,mechanic,54341878,По порядку: Сортировка суши,Puzzle,strong,title:сортир; desc:сортир,4579,2025-11-24,296,4355,874,861,0
sort,mechanic,51650749,Поезда,Puzzle,strong,desc:сортир,4510,2023-05-19,1216,2286,390,836,0
sort,mechanic,54046127,Сэндтрис,Puzzle,strong,desc:перелива,4465,2025-09-11,370,4089,799,2680,0
sort,mechanic,53682511,По капле - Логическая игра,Puzzle,strong,desc:сортир,4400,2025-06-06,467,3698,3300,3301,0
sort,mechanic,53759483,Весёлый Шашлык,Hyper-casual,strong,desc:сортир,4283,2025-08-05,407,4383,1084,627,0
sort,mechanic,54711008,Сортировка колб: Зелья,Puzzle,strong,title:сортир; desc:сортир,4216,2026-08-14,33,874,1183,2460,0
sort,mechanic,53512514,Кубики Сортировка,Puzzle,strong,title:сортир,3912,2025-04-30,504,4077,2776,2714,0
sort,mechanic,54214533,Расхламление квартиры!,Hyper-casual,strong,desc:сортир,3889,2025-10-08,343,1685,1261,753,0
sort,mechanic,53477758,Сортировка Сидений,Hyper-casual,strong,title:сортир; desc:сортир,3713,2025-04-24,510,3663,3116,3081,0
sort,mechanic,53267140,Цветные Веревки,Hyper-casual,strong,desc:сортир,3705,2025-04-14,520,1480,3007,3009,0
sort,mechanic,54651903,Котовасия,Puzzle,strong,desc:сортир,3704,2026-07-02,76,2167,392,2506,0
sort,mechanic,51662604,Головоломка с Птицами,Puzzle,strong,desc:сортир,3633,2023-06-13,1191,2942,3967,3968,0
sort,mechanic,54707848,CAT SORT,Puzzle,strong,title:sort; desc:sort,3342,2026-08-06,41,4264,1849,1269,0
sort,mechanic,54617048,Tileswale: Школа Чародейства,Three in a row,strong,desc:по полочкам,3333,2026-06-16,92,3429,664,874,0
sort,mechanic,53544548,Сортировка веревок,Hyper-casual,strong,title:сортир; desc:сортир,3248,2025-05-12,492,3731,3882,3788,0
sort,mechanic,54686636,Конфетки: Сортировка,Puzzle,strong,title:сортир; desc:сортир,3228,2026-08-17,30,4487,332,2728,0
sort,mechanic,54696200,Water Sort: Сортировка воды,Puzzle,strong,title:sort; desc:перелива,3169,2026-07-31,47,3817,3732,3700,0
sort,mechanic,52238387,Пробирочки 2.0,Hyper-casual,strong,desc:сортир,2990,2024-09-09,737,4460,4783,4784,0
sort,mechanic,52444576,Агентство Сортировки,Hyper-casual,strong,title:сортир; desc:сортир,2967,2024-10-09,707,1713,4638,3168,0
sort,mechanic,51906347,Сортируй,Hyper-casual,strong,title:сортир; desc:сортир,2908,2024-04-22,877,4476,367,679,0
sort,mechanic,52207855,Милые Мордашки: Сортировка,Three in a row,strong,title:сортир; desc:сортир,2734,2024-08-27,750,3011,4273,4273,0
sort,mechanic,54657624,Сортируй Стрелки,Puzzle,strong,title:сортир; desc:сортир,2509,2026-07-03,75,3623,1351,2683,0
sort,mechanic,54066583,Верёвочки,Puzzle,strong,desc:сортир,2494,2025-08-22,390,1496,3569,,0
sort,mechanic,54439262,Сортировка Карт,Puzzle,strong,title:сортир; desc:сортир,2422,2026-02-06,222,2903,397,,0
sort,mechanic,53042807,Капибары: Золотая лихорадка,Hyper-casual,strong,desc:сортир,2294,2025-03-03,562,1014,2710,1731,0
sort,mechanic,51559734,2048 Пазл,Puzzle,strong,desc:сортир,2242,2023-02-21,1303,,3067,3069,0
sort,mechanic,53369519,Монетки,Puzzle,strong,desc:сортир,2201,2025-04-02,532,4293,4025,4026,0
sort,mechanic,53308488,Сортировка мячей,Hyper-casual,strong,title:сортир; desc:сортир,2189,2025-03-24,541,2601,4828,4829,0
sort,mechanic,51475309,Сортировка Шариков,Puzzle,strong,title:сортир; desc:сортир,2158,2022-12-06,1380,4451,4103,4104,0
sort,mechanic,54703143,Релакс игра - Аптека алхимика,Puzzle,strong,desc:water sort,2087,2026-08-05,42,4684,3070,3064,0
sort,mechanic,54698931,Склад 24 на 7,Arcade,strong,desc:сортир,2086,2026-08-07,40,2425,3254,3264,0
sort,mechanic,51734887,Сортировка пончиков,Puzzle,strong,title:сортир; desc:сортир,2078,2023-08-24,1119,2820,2831,2835,0
sort,mechanic,54422234,Сортируй шестиугольники,Puzzle,strong,title:сортир; desc:сортир,2064,2026-01-28,231,4435,4737,4738,0
sort,mechanic,54708779,Игра сортировка по полочкам,Three in a row,strong,title:сортир; desc:сортир,2045,2026-08-12,35,1800,3381,3364,0
sort,mechanic,53371848,Сортировка птиц,Puzzle,strong,title:сортир; desc:сортир,2040,2025-04-02,532,2491,3536,,0
sort,mechanic,54604116,Клубок,Puzzle,strong,desc:сортир,2035,2026-06-08,100,3654,2907,2909,0
sort,mechanic,52916427,Картишки,Tabletop game,strong,desc:сортир,1986,2025-01-14,610,1216,3731,3699,0
sort,mechanic,53402966,Сортировка цветных мячей,Puzzle,strong,title:сортир; desc:сортир,1843,2025-04-08,526,2956,3975,3976,0
sort,mechanic,53261501,Пружинки,Hyper-casual,strong,desc:сортир,1820,2025-03-14,551,3106,4912,4717,0
sort,mechanic,53334526,Сортировка кубиков,Hyper-casual,strong,title:сортир; desc:сортир,1674,2025-03-31,534,2243,4523,4525,0
sort,mechanic,53071590,Горшочки,Puzzle,strong,desc:сортир,1641,2025-02-14,579,3877,4122,4123,0
sort,mechanic,53056922,Стражи Галактики: хексы,Puzzle,strong,desc:сортир,1589,2025-02-25,568,1674,4378,4379,0
sort,mechanic,54289236,Цветные Катушки,Hyper-casual,strong,desc:сортир,1533,2025-11-06,314,4386,4548,4549,0
sort,mechanic,53729819,WaterSort:Сортировка по цвету,Hyper-casual,strong,title:сортир; desc:water sort,1441,2025-07-02,441,2522,3696,3667,0
sort,mechanic,53729818,Сортировка Шаров: Головоломка,Hyper-casual,strong,title:сортир,1427,2025-06-18,455,3134,4458,4451,0
sort,mechanic,54241455,Цветные Мячи,Hyper-casual,strong,desc:сортир,1411,2025-10-17,334,2512,3867,3840,0
sort,mechanic,53404473,Автопарк: сортируй тачки,Simulator,strong,title:сортир; desc:сортир,1345,2026-02-19,209,3391,4324,4325,0
sort,mechanic,54258496,Мастер Полок: Сортировка 3D,Hyper-casual,strong,title:сортир; desc:сортир,1288,2025-10-23,328,1513,3429,3437,0
sort,mechanic,53359352,Треугольники,Hyper-casual,strong,desc:по полочкам,1260,2025-04-01,533,3029,4383,4393,0
sort,mechanic,54269036,Хекса Сортировка,Puzzle,strong,title:сортир,1216,2025-10-27,324,2795,3249,3250,0
sort,mechanic,54611496,Сортировка пряжи: Вызов,Puzzle,strong,title:сортир; desc:сортир,1203,2026-06-01,107,4694,2849,2844,0
sort,mechanic,53994811,Сортировка Новый Год,Hyper-casual,strong,title:сортир,1200,2025-08-07,405,4389,4540,4541,0
sort,mechanic,54293966,Сортировка предметов: бублики,Puzzle,strong,title:сортир; desc:сортир,1122,2025-11-05,315,2989,4216,4217,0
sort,mechanic,54154005,Цветной Пазл,Hyper-casual,strong,desc:сортир,1007,2025-09-18,363,2336,2885,2889,0
sort,mechanic,54390045,Хекса Аниматор,Puzzle,strong,desc:sort,918,2025-12-23,267,1318,,,0
sort,mechanic,54655421,Мастер сортировки,Puzzle,strong,title:сортир; desc:сортир,804,2026-07-15,63,3639,2926,2825,0
sort,mechanic,54573917,Быстрая Алхимия,Puzzle,strong,desc:сортир,782,2026-05-21,118,4496,3253,3219,0
sort,mechanic,53966904,ПТИЧИЙ УЛЕЙ: ПАЗЛ СОРТИРОВКИ,Hyper-casual,strong,title:сортир; desc:сортир,762,2025-08-12,400,4094,3344,3345,0
sort,mechanic,54632273,Исправь Пиццу: Сортировка Еды,Puzzle,strong,title:сортир; desc:сортир,716,2026-08-04,43,1971,4439,4440,0
sort,mechanic,54608047,Hexa Slink: Tap Away Puzzle,Puzzle,strong,desc:сортир,682,2026-07-10,68,3848,4024,4025,0
sort,mechanic,54720714,Кодовое слово,Word game,strong,desc:сортир,674,2026-08-25,22,2952,4138,4139,0
sort,mechanic,54702048,PixelSort Puzzle,Puzzle,strong,desc:сортир,668,2026-08-06,41,3486,4713,4715,0
sort,mechanic,54258500,Bubble Tea Sort: Служба Доста,Hyper-casual,strong,title:sort,566,2025-11-20,300,3956,4473,4475,0
sort,mechanic,54681620,Всё по местам,Puzzle,strong,desc:сортир,559,2026-07-29,49,4501,2774,2700,0
sort,mechanic,52479425,Крышечки,Puzzle,strong,desc:сортир,528,2024-10-17,699,3253,3343,3344,0
sort,mechanic,52895482,Соедини все Буковки,Hyper-casual,strong,desc:сортир,482,2025-01-09,615,3399,4813,4814,0
sort,mechanic,52707765,Гекса: сортируем цветные пазл,Puzzle,strong,title:сортир,451,2024-11-19,666,4321,4137,4138,0
sort,mechanic,54683949,Сортировка: Цвет и Форма,Puzzle,strong,title:сортир; desc:сортир,437,2026-08-28,19,624,4408,4400,0
sort,mechanic,54346382,Кубомир,Puzzle,strong,desc:сортир,403,2025-12-04,286,3026,4417,4427,0
sort,mechanic,51921437,Сортировка По Полочкам!,Puzzle,strong,title:сортир; desc:по полочкам,396,2024-05-14,855,4317,4109,4119,0
sort,mechanic,52739935,Волшебная Кузница: Сортировка,Puzzle,strong,title:сортир; desc:сортир,392,2025-03-19,546,2614,4210,4211,0
sort,mechanic,52135775,Крути Шурупы,Puzzle,strong,desc:сортир,365,2024-08-13,764,4748,4021,4022,0
sort,mechanic,54597286,Давайте жить дружно,Puzzle,strong,desc:сортир,282,2026-07-07,71,4768,4257,4257,0
sort,mechanic,54645336,Казначей - сортируй монеты,Puzzle,strong,title:сортир; desc:сортир,273,2026-07-20,58,4111,2874,2887,0
sort,mechanic,54756455,Сортировка коробок,Puzzle,strong,title:сортир; desc:сортир,253,2026-09-11,5,811,3357,3366,0
sort,mechanic,54653496,Пазл Перемен,Puzzle,strong,desc:сортир,115,2026-09-14,2,759,3513,3523,0
sort,mechanic,51914517,По полочкам: магазин игрушек,Puzzle,strong,title:по полочкам; desc:сортир,68,2024-06-13,825,4895,4788,4789,0
sort,mechanic,7538793,Шарики,Puzzle,weak,desc_weak:колба,532387,2020-07-24,2245,3283,140,,1
sort,mechanic,7430200,Цветофор,Puzzle,weak,desc_weak:расставлять цвет,381712,2020-04-28,2332,4971,4158,4159,0
sort,mechanic,52326680,Тарелочки,Puzzle,weak,desc_weak:упорядочивайте их по цвет,70871,2024-09-23,723,4930,804,1660,0
sort,mechanic,52937214,Устранение Полок,Three in a row,weak,desc_weak:полках,41214,2025-05-06,498,937,1345,,0
sort,mechanic,51891603,Пробирочки,Hyper-casual,weak,desc_weak:распределить всю воду по пробиркам соотв,12733,2024-04-05,894,4352,1397,841,0
sort,mechanic,52876417,Я Люблю Устранение,Three in a row,weak,desc_weak:полке,11860,2025-07-22,421,2088,1097,2278,0
sort,mechanic,54572646,БуквоВарь,Puzzle,weak,desc_weak:полках,6675,2026-05-22,117,4105,2471,2270,0
sort,mechanic,54696297,Зал секретов: Поиск предметов,Puzzle,weak,desc_weak:полке,6205,2026-09-14,2,26,481,228,1
sort,mechanic,54754375,Маджонг: Чайники,Puzzle,weak,desc_weak:полку,4505,2026-09-11,5,91,366,,1
sort,mechanic,52513041,Из Частей,Puzzle,weak,desc_weak:расставлять разноцвет,4014,2024-10-21,695,2998,4176,4177,0
sort,mechanic,51600591,Мастер Линии,Puzzle,weak,desc_weak:колбу,3337,2023-04-03,1262,4051,4968,4968,0
sort,mechanic,52851920,Раздолбай Робота!,Puzzle,weak,"desc_weak:расставляй бомбы, гири и другие предмет",2831,2024-12-18,637,3677,3215,3216,0
sort,mechanic,54697900,Кладовая,Puzzle,weak,desc_weak:полку,2771,2026-08-05,42,2890,3598,3607,0
sort,mechanic,51466499,Цветные Обручи,Puzzle,weak,desc_weak:разложить все обручи по определенным цве,2099,2022-11-03,1413,4477,4785,4777,0
sort,mechanic,54724792,Лавка Алхимика,Puzzle,weak,desc_weak:колбы,1847,2026-08-31,16,1310,3899,3873,0
sort,mechanic,54704785,Тучкин: 28 котоигр,Puzzle,weak,desc_weak:полке,1704,2026-08-18,29,2206,,,0
sort,mechanic,54290693,Кадастр,Puzzle,weak,desc_weak:разделенная на цвет,1204,2025-11-10,310,3498,4695,4697,0
sort,mechanic,54666161,Королевский Джем: 2048,Puzzle,weak,desc_weak:колбу,848,2026-07-16,62,3867,4118,4110,0
sort,mechanic,54754987,Верстак - мастерская,Puzzle,weak,desc_weak:полку,249,2026-09-11,5,704,4904,4869,0
screw,mechanic,54255702,Болты и гайки: сортировка,Puzzle,strong,title:болты; desc:болты,177003,2025-10-27,324,80,108,307,1
screw,mechanic,53603592,Открути всё,Puzzle,strong,title:открути; desc:болтики,129691,2025-06-04,469,4627,441,298,1
screw,mechanic,52302182,Hе Могу Пошевелиться,Puzzle,strong,desc:винтами,101791,2025-04-16,518,426,1059,,0
screw,mechanic,54174190,Сортировка Болтомания,Puzzle,strong,title:болтомани; desc:гайк,96177,2025-10-13,338,1397,430,230,1
screw,mechanic,52847608,Болты и Гайки - Сортировка,Puzzle,strong,title:болты; desc:болты,62834,2024-12-23,632,3314,627,,0
screw,mechanic,51965979,Головоломка! Гайки и болты,Hyper-casual,strong,title:гайк; desc:гайк,49404,2024-06-27,811,4628,1776,199,1
screw,mechanic,52851783,Безголовый Джо,Puzzle,strong,desc:болты,49118,2024-12-18,637,4538,1143,1759,0
screw,mechanic,52012414,Болты и Гайки: Головоломка,Puzzle,strong,title:болты; desc:болтики,44084,2024-08-22,755,797,1484,231,1
screw,mechanic,53495696,ШурупоКрут,Puzzle,strong,title:шуруп; desc:шуруп,39106,2025-04-28,506,2511,636,1075,0
screw,mechanic,54277449,Открути и Подумай,Puzzle,strong,title:открути; desc:шуруп,38191,2025-11-06,314,4615,818,1182,0
screw,mechanic,52784173,Лимонадный Магнат,Economic,strong,desc:закручива,32737,2025-03-21,544,3739,1583,,0
screw,mechanic,53293475,Screw out: Bolt and Nuts,Puzzle,strong,title:screw,29185,2025-03-25,540,1386,694,1057,0
screw,mechanic,52899915,Цветные Гайки,Puzzle,strong,title:гайк; desc:гайк,24807,2025-01-09,615,2239,1077,,0
screw,mechanic,51729446,Повернул Bинт,Three in a row,strong,desc:винтами,24193,2024-10-24,692,3726,1874,,0
screw,mechanic,52782793,Болтики,Hyper-casual,strong,title:болтики; desc:болтики,23061,2024-12-02,653,1170,1835,241,1
screw,mechanic,51918009,Войны Роботов,Racing,strong,desc:гайк,18997,2024-08-09,768,840,1781,,0
screw,mechanic,53360165,Bolts,Puzzle,strong,title:bolts; desc:болтами,17419,2025-04-11,523,3856,1481,991,0
screw,mechanic,51890747,Болты и гайки,Puzzle,strong,title:болты,14943,2024-04-02,897,1157,1485,1651,0
screw,mechanic,51991025,Bolts and Nuts,Puzzle,strong,title:bolts; desc:bolts,14086,2024-07-15,793,2260,1743,603,0
screw,mechanic,54583313,Гайки и Болты - Сортировка!,Puzzle,strong,title:гайк; desc:болты,13331,2026-05-26,113,92,399,305,1
screw,mechanic,52977265,Болтики: Сортировка,Puzzle,strong,title:болтики; desc:болтики,5628,2026-06-30,78,1595,2106,1112,0
screw,mechanic,54254065,Гайки и болты: сортировка,Puzzle,strong,title:гайк; desc:гайк,5605,2025-10-22,329,3158,2914,2916,0
screw,mechanic,54662458,Болты Сортировка,Puzzle,strong,title:болты; desc:винты,5395,2026-07-07,71,2054,2806,2811,0
screw,mechanic,54709871,Шурупоголовые,Puzzle,strong,title:шуруп; desc:болтов,4412,2026-08-10,37,4635,1489,,0
screw,mechanic,54240170,Болтики и Гайки: Головоломка,Puzzle,strong,title:болтики; desc:винтами,3509,2025-10-16,335,372,3206,3207,0
screw,mechanic,54716790,Гайки и болты: головоломка,Puzzle,strong,title:гайк; desc:гайк,2919,2026-08-17,30,1580,1160,,0
screw,mechanic,54101040,Народный Винт,Hyper-casual,strong,title:винт; desc:винт,2747,2025-09-24,357,3602,3246,3272,0
screw,mechanic,54653453,Гайка За Гайкой,Puzzle,strong,title:гайк,2026,2026-07-03,75,3935,4433,4375,0
screw,mechanic,52232890,Болты,Puzzle,strong,title:болты; desc:болт,1585,2024-09-02,744,3277,3449,3457,0
screw,mechanic,54691906,Выкрути винты: Птичий парк,Puzzle,strong,title:выкрути; desc:винты,1239,2026-08-10,37,4125,4702,4704,0
screw,mechanic,54590940,Симулятор темщика,Simulator,strong,desc:выкрути,984,2026-05-26,113,3203,3318,3319,0
screw,mechanic,54737745,Спаси Семью: Цветные Винты,Hyper-casual,strong,title:винты; desc:винты,689,2026-09-09,7,474,3590,3566,0
screw,mechanic,54630379,MegaFactory,Simulator,strong,desc:болтов,409,2026-09-09,7,981,3544,,0
screw,mechanic,52135775,Крути Шурупы,Puzzle,strong,title:шуруп; desc:винты,365,2024-08-13,764,4748,4021,4022,0
screw,mechanic,54754987,Верстак - мастерская,Puzzle,strong,desc:винт,249,2026-09-11,5,704,4904,4869,0
bubble,mechanic,6214836,Лига Пузырей,Arcade,strong,title:пузыр,593137,2017-10-16,3257,2180,705,,0
bubble,mechanic,6994984,Атлантида - зума,Three in a row,strong,title:зума; desc:zuma,413628,2019-07-12,2623,,74,281,1
bubble,mechanic,7890960,Бабл Шарики,Three in a row,strong,title:бабл,271433,2022-07-07,1532,281,143,,1
bubble,mechanic,51918751,Шарики в колбах,Three in a row,strong,desc:шарики по колбам одного цвета,208167,2024-05-07,862,162,159,477,1
bubble,mechanic,51559482,Лопать Пузыри,Three in a row,strong,title:пузыр,139336,2023-03-21,1275,366,630,,0
bubble,mechanic,51719736,Шарики Зума Стрелялки,Three in a row,strong,title:зума,136304,2023-08-03,1140,3810,495,1234,0
bubble,mechanic,51554338,Пузырьковый Bпрыск,Three in a row,strong,title:пузыр,135290,2024-07-30,778,265,628,,1
bubble,mechanic,51495581,Симпатичный пузырьковый шутер,Three in a row,strong,title:пузыр; desc:стреляйте во все цветные шарик,129902,2023-01-19,1336,542,801,,0
bubble,mechanic,51900383,Соедини котиков,Hyper-casual,strong,desc:запуская их в мыльных пузыр,126027,2024-04-11,888,,862,,0
bubble,mechanic,8065963,Бабл Квас - хаги ваги,Hyper-casual,strong,title:бабл,123564,2022-02-09,1680,1583,175,,1
bubble,mechanic,51863420,Шарики Стрелялки: бабла шутер,Three in a row,strong,title:бабл; desc:бабл шутер,123333,2024-02-27,932,1628,354,,0
bubble,mechanic,8146064,Взрывай пузыри,Three in a row,strong,title:пузыр,116564,2022-07-13,1526,473,873,,0
bubble,mechanic,8222433,Королевский нокаут,Hyper-casual,strong,desc:шарики того же цвета,108341,2022-08-09,1499,493,952,,0
bubble,mechanic,52050213,Зума Делюкс,Three in a row,strong,title:зума; desc:зума,88559,2024-07-26,782,1523,910,774,0
bubble,mechanic,51418036,Человек пузырь,Hyper-casual,strong,title:пузыр,88363,2022-10-13,1434,489,1568,,0
bubble,mechanic,52696993,Шарики Волна Удачи,Puzzle,strong,desc:bubble,87584,2024-11-19,666,1828,325,762,0
bubble,mechanic,8035370,Бубсы: Лопать шары,Three in a row,strong,desc:запускай свой шарик в волну пузыр,69978,2021-12-27,1724,4842,4705,4707,0
bubble,mechanic,51615245,Сожмите Пузырь,Hyper-casual,strong,title:пузыр,61685,2023-06-13,1191,195,1655,,1
bubble,mechanic,19163417,Псих Зума,Three in a row,strong,title:зума,52888,2022-08-14,1494,1488,1032,1219,0
bubble,mechanic,52633090,ЗумаЛенд,Three in a row,strong,title:зумаленд,35202,2024-12-18,637,2241,828,287,1
bubble,mechanic,8222431,Башня из пузырей 3D,Three in a row,strong,title:пузыр; desc:стрелять шариками и лопать шарик,30470,2022-08-04,1504,1815,1126,,0
bubble,mechanic,53444760,Цветные Шарики,Puzzle,strong,desc:бабл-шутер,29188,2025-05-06,498,490,965,133,1
bubble,mechanic,8046514,Шарики,Puzzle,strong,desc:стреляйте по шарик,28280,2022-09-19,1458,4114,2906,2908,0
bubble,mechanic,51559478,Пузырь Шутер,Three in a row,strong,title:пузыр,27737,2023-02-27,1297,2794,3224,3225,0
bubble,mechanic,51415023,Бабл: Лопай Шарики,Three in a row,strong,title:бабл,26574,2022-09-09,1468,2809,3317,3318,0
bubble,mechanic,51450266,Пузыри джунглей,Three in a row,strong,title:пузыр; desc:bubble,26481,2022-12-14,1372,2275,2201,953,0
bubble,mechanic,51495585,Супер Пинбол,Hyper-casual,strong,desc:запускать шарик,23577,2023-03-08,1288,3289,2013,2795,0
bubble,mechanic,51450267,Цыпленок Зума,Three in a row,strong,title:зума,23166,2023-01-31,1324,1686,794,536,0
bubble,mechanic,52878417,Зума - Кристальные шарики,Three in a row,strong,title:зума; desc:зума,21496,2024-12-26,629,2009,1604,,0
bubble,mechanic,51603409,Шарики стрелялка,Three in a row,strong,desc:стрелять шарик,20765,2023-04-05,1260,4549,3107,3098,0
bubble,mechanic,51919800,Пузырьковый Шутер,Arcade,strong,title:пузыр; desc:стреляйте и избавляйтесь от всех пузыр,19583,2024-05-08,861,4014,2123,1859,0
bubble,mechanic,7900251,Шарики Линии 98 Олд Скул,Puzzle,strong,"desc:шарики так, чтобы выстроить подряд 5 шар",18234,2021-07-13,1891,1629,2088,,0
bubble,mechanic,54708178,Слова и пузыри,Word game,strong,title:пузыр,18079,2026-08-07,40,63,598,34,1
bubble,mechanic,54661725,Слияние пузырей,Puzzle,strong,title:пузыр,17921,2026-07-08,70,100,215,54,1
bubble,mechanic,54065951,Шлёпики Лопать шары,Three in a row,strong,desc:бабл шутер,17523,2025-08-25,387,3687,1195,2786,0
bubble,mechanic,51568330,Пузырьки Конфет,Three in a row,strong,title:пузыр,14196,2023-03-13,1283,2257,4541,4542,0
bubble,mechanic,53681722,Зума Бласт,Adventure,strong,title:зума; desc:зума,14074,2025-06-05,468,4661,2334,2370,0
bubble,mechanic,51543289,Мастер Ликвидации,Three in a row,strong,desc:шарики того же цвета,13012,2023-03-08,1288,2484,3432,3440,0
bubble,mechanic,7960714,Шарики vs Кубики,Hyper-casual,strong,desc:стрелять шарик,12473,2021-09-27,1815,4697,2033,2286,0
bubble,mechanic,8180503,Планета Зума,Three in a row,strong,title:зума; desc:зума,11848,2022-05-30,1570,4507,3299,3300,0
bubble,mechanic,54110622,Скорость и Бабло,Racing,strong,title:бабл,11670,2025-09-05,376,1282,1697,2422,0
bubble,mechanic,53970162,Бабл Хит,Puzzle,strong,title:бабл; desc:бабл шутер,10682,2025-08-12,400,2505,1135,,0
bubble,mechanic,51859640,Соединяй Шарики Линией,Three in a row,strong,desc:шариков одного цвета,10419,2024-02-19,940,2323,3298,3299,0
bubble,mechanic,51828189,Соедини Шарики: 2048,Puzzle,strong,desc:стреляйте шарик,9373,2024-01-30,960,4378,2278,831,0
bubble,mechanic,54051411,Bubble Shooter,Arcade,strong,title:bubble; desc:bubble,8895,2025-08-18,394,2374,2143,1177,0
bubble,mechanic,53422851,Шарики - соедини по цветам,Puzzle,strong,desc:шарики одного цвета,6050,2025-04-18,516,3504,4455,4457,0
bubble,mechanic,53624698,Зума Сокровища пиратов,Three in a row,strong,title:зума; desc:зума,5598,2025-05-29,475,4186,1609,,0
bubble,mechanic,54668751,Шарики: Бабл Шутер,Puzzle,strong,title:бабл; desc:бабл шутер,5542,2026-07-24,54,3133,2234,705,0
bubble,mechanic,53713131,Спаси Енотов,Three in a row,strong,desc:бросайте шарик,5528,2025-06-09,464,3976,4524,4526,0
bubble,mechanic,51832085,Приколдесные Шарики,Three in a row,strong,desc:шарики добавив к ним новый такого же цве,5320,2024-01-15,975,3379,2407,917,0
bubble,mechanic,51740272,Шарики Дзен,Arcade,strong,desc:шариками одного цвета,5248,2023-09-29,1083,3164,968,2387,0
bubble,mechanic,51776364,Соединяй магические шарики,Puzzle,strong,desc:шарика одного цвета,4844,2023-10-31,1051,4040,975,987,0
bubble,mechanic,51935806,Цветные шарики стрелялки,Hyper-casual,strong,desc:стрелять цветным шаром в кучу других цве,4762,2024-06-03,835,4015,226,1860,1
bubble,mechanic,51523379,Стрельба по блокам,Hyper-casual,strong,desc:выстрелить за раз большим количеством ша,4179,2023-01-11,1344,4816,4905,4870,0
bubble,mechanic,52187807,Бей Мяч И Беги Быстро,Hyper-casual,strong,desc:кидайте маленькие шарик,4110,2025-02-28,565,2740,4659,4661,0
bubble,mechanic,54539824,Zuma Спасти лисенка,Three in a row,strong,title:zuma; desc:zuma,3748,2026-04-14,155,4185,2351,,0
bubble,mechanic,54350770,Хлюпики Взорвать шары,Three in a row,strong,desc:бабл-шутер,3648,2025-11-26,294,2913,1110,1136,0
bubble,mechanic,52187684,Динозавр-Пузырьковый Шутер,Hyper-casual,strong,title:пузыр; desc:bubble,3595,2024-12-16,639,3291,3535,,0
bubble,mechanic,54222402,Шарики Спасатели,Three in a row,strong,desc:бабл шутер,3550,2025-10-20,331,4204,2502,144,1
bubble,mechanic,54175144,Бабл Дуэль: PvP головоломка,Puzzle,strong,title:бабл; desc:бабл шутер,3428,2025-10-07,344,1505,3380,3389,0
bubble,mechanic,52446922,Мама и Дочка: Модные Пузыри,Three in a row,strong,title:пузыр,3266,2024-11-13,672,,3765,3733,0
bubble,mechanic,51815327,Слова в пузырях,Word game,strong,title:пузыр,3231,2023-12-18,1003,3318,3643,3656,0
bubble,mechanic,51915770,Шарики со зверятами,Arcade,strong,desc:стреляй в шарик,2979,2024-05-03,866,2578,4015,4007,0
bubble,mechanic,51906347,Сортируй,Hyper-casual,strong,desc:шарик того же цвета,2908,2024-04-22,877,4476,367,679,0
bubble,mechanic,51803831,Шарики - Пиратская Пушка,Puzzle,strong,desc:стреляйте по шарик,2822,2023-12-06,1015,2287,4426,4418,0
bubble,mechanic,51528039,Space Bubbles: Космо Пузыри,Puzzle,strong,title:bubble,2761,2023-02-21,1303,1485,3171,3172,0
bubble,mechanic,54128728,Шарики - БУМ,Puzzle,strong,desc:стреляй цветными шарик,2679,2025-09-10,371,2569,504,943,0
bubble,mechanic,51536054,Летающая Пила,Hyper-casual,strong,desc:запускайте пилу и старайтесь разрезать в,2378,2023-01-30,1325,2557,4811,4812,0
bubble,mechanic,54407509,Зума путь дракона,Three in a row,strong,title:зума; desc:зума,2289,2026-04-15,154,4255,3657,3686,0
bubble,mechanic,53935012,Бабл-Буп Фиш!,Three in a row,strong,title:бабл,2240,2025-07-22,421,2192,3624,3602,0
bubble,mechanic,54650664,Пузырьки,Arcade,strong,title:пузыр; desc:пузырьков одного цвета,2155,2026-07-20,58,3889,3950,3951,0
bubble,mechanic,8114033,Bubbles-Monsters,Hyper-casual,strong,title:bubble,2119,2022-03-28,1633,4819,4864,4865,0
bubble,mechanic,52714374,Чистый Стиль: Пузыри и Мода,Arcade,strong,title:пузыр,1923,2024-11-21,664,3546,4777,4787,0
bubble,mechanic,8178866,Пузырьковый мир,Hyper-casual,strong,title:пузыр; desc:bubble,1868,2022-11-07,1409,4878,4063,4064,0
bubble,mechanic,53582095,Bubble Shooter Meadow & Boost,Hyper-casual,strong,title:bubble; desc:бабл шутер,1598,2025-05-22,482,2085,2794,2272,0
bubble,mechanic,53574414,Зума,Puzzle,strong,title:зума; desc:шариков одного цвета,1139,2025-06-02,471,2690,3081,3091,0
bubble,mechanic,54606540,Соедини Пузыри,Puzzle,strong,title:пузыр,977,2026-05-29,110,4701,4033,4034,0
bubble,mechanic,53867861,Цветные Линии: Любимые Шарики,Hyper-casual,strong,desc:шариков одного цвета,782,2025-07-11,432,2197,3498,3508,0
bubble,mechanic,54700321,Сладкий джекпот,Gambling,strong,"desc:запуска: смотри, как шарик",739,2026-08-10,37,1929,2648,681,0
bubble,mechanic,54258500,Bubble Tea Sort: Служба Доста,Hyper-casual,strong,title:bubble,566,2025-11-20,300,3956,4473,4475,0
bubble,mechanic,54412730,Шарики: Игра Три в ряд,Three in a row,strong,desc:шарика одного цвета,412,2026-02-04,224,4284,3933,3934,0
bubble,mechanic,54734586,Матрёшки: Бум,Puzzle,strong,desc:bubble,152,2026-08-31,16,2454,2836,2840,0
bubble,mechanic,7551065,Lines,Three in a row,strong,desc:шарики одного цвета,148,2026-04-08,161,3366,3856,3863,0
bubble,mechanic,54417237,Fusion,Hyper-casual,strong,desc:шарики одного цвета,90,2026-01-30,229,2975,4075,4076,0
bubble,mechanic,51976171,Ам Ням - Перережь Верёвку,Puzzle,weak,desc_weak:пузыр,93571,2024-09-06,740,889,1352,,0
bubble,mechanic,52886943,Шарики 2025,Three in a row,weak,desc_weak:пузыр,79248,2024-12-26,629,1022,1119,,0
bubble,mechanic,51701753,Круговая викторина,Puzzle,weak,desc_weak:пузыр,30748,2023-08-17,1126,1464,1878,,0
bubble,mechanic,8220335,Желешки головоломка,Puzzle,weak,desc_weak:пузыр,11023,2022-07-25,1514,4889,4776,4850,0
bubble,mechanic,53685412,Мир Шариков,Three in a row,weak,desc_weak:пузыр,4452,2025-06-05,468,2803,3302,3303,0
bubble,mechanic,54266190,Сочные Шарики,Three in a row,weak,desc_weak:пузыр,3542,2025-10-27,324,,3741,3743,0
bubble,mechanic,54734398,Final Pop: Турнир,Puzzle,weak,desc_weak:пузыр,479,2026-09-07,9,1623,3553,3529,0
merge,mechanic,52438621,Тайна Особняка,Puzzle,strong,desc:слия,748011,2024-11-20,665,9,9,1,1
merge,mechanic,8039325,2048 кубики,Puzzle,strong,title:2048; desc:2048,705682,2022-01-11,1709,2921,87,,1
merge,mechanic,8055266,Дизайнвиль: Слияние и Дизайн,Puzzle,strong,title:слия,642809,2022-01-21,1699,95,45,52,1
merge,mechanic,52016391,Рецепт Счастья,Puzzle,strong,desc:соединяй предмет,513456,2024-07-30,778,17,20,7,1
merge,mechanic,8211361,Epic Merge,Strategy,strong,title:merge; desc:merge,488350,2022-07-29,1510,62,79,285,1
merge,mechanic,7689113,2048 + Квесты,Puzzle,strong,title:2048; desc:2048,351447,2021-09-21,1821,3254,337,,0
merge,mechanic,7943017,Трубопровод: соединять трубы,Puzzle,strong,desc:соединяйте все кружки одинакового цвета ,254055,2021-09-10,1832,2448,989,2288,0
merge,mechanic,8207300,Мир Чудес: Слияние и Магия,Economic,strong,title:слия; desc:слия,229963,2022-07-27,1512,438,110,45,1
merge,mechanic,52764694,ЗамкоСтрой,Economic,strong,desc:слия,195952,2024-12-18,637,504,166,49,1
merge,mechanic,52693009,Вор. Взломай сейф,Puzzle,strong,desc:2048,190177,2024-11-20,665,4666,1250,2356,0
merge,mechanic,54102802,Тропиквиль,Puzzle,strong,desc:слия,184116,2025-12-16,274,107,64,32,1
merge,mechanic,7916925,Числовой пазл 2048: топ брикс,Puzzle,strong,title:2048,178892,2021-08-03,1870,1902,488,1779,0
merge,mechanic,8196494,Дроплер: 2048🔥,Puzzle,strong,title:2048; desc:2048,162597,2022-06-28,1541,3276,655,,0
merge,mechanic,54164742,Мир Слияния,Puzzle,strong,title:слия; desc:слия,143777,2025-09-25,356,264,68,29,1
merge,mechanic,51421668,2048 Физика,Puzzle,strong,title:2048; desc:2048,143221,2022-09-09,1468,4669,1016,2385,0
merge,mechanic,7883862,Соединять шарики 2048,Three in a row,strong,title:2048,127057,2021-06-21,1913,,800,1016,0
merge,mechanic,52368582,Школа Волшебства,Economic,strong,desc:merge,124242,2024-10-11,705,150,185,80,1
merge,mechanic,52346709,Физические кубики 2048 3D,Arcade,strong,title:2048,118631,2024-09-23,723,290,637,,1
merge,mechanic,8192045,Конструктор труб: лабиринт,Puzzle,strong,desc:2048,96732,2022-06-28,1541,1699,1088,2465,0
merge,mechanic,51838091,Собери арбуз,Hyper-casual,strong,title:арбуз,96685,2024-01-22,968,,906,2724,0
merge,mechanic,51811762,Физические шарики 2048 3D,Puzzle,strong,title:2048,93501,2023-12-11,1010,4273,805,1153,0
merge,mechanic,52102698,Лудус - PvP игра Стратегия,Strategy,strong,desc:merge,93087,2024-08-16,761,3657,1738,1808,0
merge,mechanic,51614608,Гуру плиток,Three in a row,strong,desc:игры на соединени,92642,2023-04-17,1248,2755,776,2488,0
merge,mechanic,51827891,Вилла Люси,Puzzle,strong,desc:мерж,79397,2024-01-26,964,1378,590,327,0
merge,mechanic,54419995,Мой Замок: Слияние и История,Puzzle,strong,title:слия; desc:merge,78091,2026-01-22,237,40,147,88,1
merge,mechanic,52440823,Дракон и Енот Мердж Мастер,Economic,strong,title:мердж; desc:мердж,59874,2024-11-29,656,883,2267,357,0
merge,mechanic,8146065,Природа атакует,Strategy,strong,desc:слия,53876,2022-05-17,1583,1667,1765,1918,0
merge,mechanic,51836847,Еда Челлендж,Three in a row,strong,desc:слия,52494,2024-07-30,778,696,1150,,0
merge,mechanic,51889943,Соедини Цвета - головоломка,Puzzle,strong,desc:2048,52249,2024-04-01,898,4213,1480,,0
merge,mechanic,52703374,Гексо Деревяшки 2048,Three in a row,strong,title:2048; desc:2048,49458,2024-11-20,665,3217,966,2752,0
merge,mechanic,8218814,Соединяй: 2048🔥,Puzzle,strong,title:2048,47639,2022-09-13,1464,4577,3295,3287,0
merge,mechanic,54614420,Остров Слияний,Economic,strong,title:слия; desc:слия,41342,2026-06-15,93,177,56,9,1
merge,mechanic,52526972,Адский Парк: Мердж Фестиваль,Puzzle,strong,title:мердж; desc:слия,41184,2024-11-11,674,4544,2395,1770,0
merge,mechanic,51750688,Прыгающий Mяч,Puzzle,strong,desc:2048,39191,2023-12-20,1001,866,1525,,0
merge,mechanic,52402295,Три в ряд. Фабрика слияний,Three in a row,strong,title:слия; desc:слия,38706,2024-10-04,712,1577,1493,245,1
merge,mechanic,7808869,2048 3D,Hyper-casual,strong,title:2048; desc:2048,37218,2021-04-05,1990,3157,1154,2280,0
merge,mechanic,53519106,Коты Разрушители,Simulator,strong,desc:мердж,36704,2025-05-05,499,1248,1310,,0
merge,mechanic,54456338,Jelly merge,Economic,strong,title:merge,36562,2026-02-26,202,199,1060,,1
merge,mechanic,8180902,Северное слияние - тайна леса,Economic,strong,title:слия,34839,2022-08-09,1499,2694,300,60,1
merge,mechanic,53526998,Остров питомцев,Puzzle,strong,desc:merge,34339,2025-06-18,455,4846,2223,1962,0
merge,mechanic,8212672,Слияние 248,Three in a row,strong,title:слия,33263,2022-07-07,1532,3609,1546,2328,0
merge,mechanic,53043222,Кубический Рубеж: Зомби Обби,Strategy,strong,desc:мердж,29074,2025-02-11,582,739,2107,,0
merge,mechanic,53012445,Ящички,Puzzle,strong,desc:2048,28199,2025-02-07,586,2196,535,,0
merge,mechanic,8031863,Гекса Блоки: Мердж Пазл 2048,Puzzle,strong,title:мердж,27748,2022-01-12,1708,1430,1406,597,0
merge,mechanic,52796427,Город кошек - три-в-ряд,Three in a row,strong,"desc:объединяйте одинаковые плитки, созда",25688,2024-12-10,645,3068,1915,2749,0
merge,mechanic,51543315,Максимальное Соединение,Puzzle,strong,desc:2048,25221,2023-02-21,1303,,1844,1144,0
merge,mechanic,53883886,2048: Соедини Цепочки,Puzzle,strong,title:2048; desc:2048,24552,2025-07-23,420,4798,924,790,0
merge,mechanic,8131075,2048,Puzzle,strong,title:2048; desc:2048,24167,2022-04-11,1619,3798,3030,3042,0
merge,mechanic,52924131,Шары,Three in a row,strong,desc:слия,23888,2025-01-15,609,1224,1958,,0
merge,mechanic,54708178,Слова и пузыри,Word game,strong,desc:слия,18079,2026-08-07,40,63,598,34,1
merge,mechanic,54661725,Слияние пузырей,Puzzle,strong,title:слия,17921,2026-07-08,70,100,215,54,1
merge,mechanic,54658484,Гастро Таун,Three in a row,strong,desc:мердж,17404,2026-07-20,58,,780,24,1
merge,mechanic,52302181,Счастливого Торта,Puzzle,strong,desc:слия,16532,2025-04-16,518,1082,1940,,0
merge,mechanic,51855087,Точки 2048,Puzzle,strong,title:2048; desc:2048,16093,2024-02-22,937,2895,1861,1008,0
merge,mechanic,8135374,Merge Meal: скорее к столу!,Puzzle,strong,title:merge,15334,2023-05-16,1219,3313,1893,244,1
merge,mechanic,8148705,"Кабаре ""Черный Конь""",Simulator,strong,desc:соединять предмет,14747,2022-05-09,1591,3629,2552,2293,0
merge,mechanic,53996376,Соединяша - Фруктовый Стакан,Hyper-casual,strong,desc:слия,14441,2025-08-25,387,4668,2307,2389,0
merge,mechanic,54063535,Армия Муравьёв: Соединяй,Hyper-casual,strong,desc:слия,14306,2025-08-21,391,1302,1720,,0
merge,mechanic,54290482,Грядки перемен,Hyper-casual,strong,desc:2048,14031,2025-11-12,308,4187,1959,,0
merge,mechanic,53084307,Зона Мутантов: Боец с зомби,Hyper-casual,strong,desc:мердж,13996,2025-02-17,576,549,1995,,0
merge,mechanic,7806599,2048 Онлайн,Puzzle,strong,title:2048; desc:2048,13537,2021-07-12,1892,1931,562,690,0
merge,mechanic,52002291,Детектив,Puzzle,strong,desc:2048,13518,2024-07-18,790,4681,3059,3062,0
merge,mechanic,52979805,Ассоциации,Word game,strong,desc:2048,13409,2025-01-29,595,3179,2716,1164,0
merge,mechanic,53148435,Мердж Магнат,Puzzle,strong,title:мердж; desc:merge,13331,2025-03-05,560,3638,2020,2281,0
merge,mechanic,53308516,Обби 1 Питомец в Секунду,Economic,strong,desc:сливай,13300,2025-04-04,530,1076,3434,3424,0
merge,mechanic,51703502,Шарики Соединяй по Номерам,Three in a row,strong,"desc:объединить шарики с одинаковыми числами,",12939,2023-07-14,1160,4265,3742,3735,0
merge,mechanic,51580468,Соединяй кубики,Hyper-casual,strong,"desc:объединять одинаковые кубики, чтобы созд",12806,2023-04-12,1253,2920,1204,,0
merge,mechanic,54412594,Курицы в атаке: Защита башни,Strategy,strong,desc:слия,12400,2026-01-12,247,2476,2439,,0
merge,mechanic,8161279,Шарики 2048,Puzzle,strong,title:2048,12351,2023-01-09,1346,3622,1731,2685,0
merge,mechanic,51777594,Веселые шарики,Hyper-casual,strong,desc:2048,12150,2023-11-27,1024,4945,2192,823,0
merge,mechanic,51453978,2048: Кликер,Economic,strong,title:2048; desc:2048,11905,2022-10-20,1427,4135,4614,4616,0
merge,mechanic,53107756,Толпа Зомбаков: Мердж,Hyper-casual,strong,title:мердж; desc:мердж,11734,2025-02-21,572,885,3459,3375,0
merge,mechanic,51807883,Соединяй шарики. 2048 3D,Hyper-casual,strong,title:2048; desc:слия,11520,2023-12-06,1015,4160,3111,3112,0
merge,mechanic,53053956,Собери отряд: Мердж бойцов,Puzzle,strong,title:мердж; desc:мердж,11230,2025-02-12,581,1117,2489,1101,0
merge,mechanic,51723734,Твоя аниме девушка - Соединяй,Hyper-casual,strong,desc:2048,11120,2023-09-15,1097,133,369,170,1
merge,mechanic,51453768,Матч 4,Puzzle,strong,desc:слия,10897,2022-11-14,1402,3122,4580,4676,0
merge,mechanic,8049649,Маджонг Сладкая пара,Three in a row,strong,"desc:соединить пары одинаковых сладостей, но ",10835,2022-01-14,1706,2716,2474,770,0
merge,mechanic,53892645,Метатель Шариков,Three in a row,strong,desc:2048,10444,2025-07-11,432,3681,942,1655,0
merge,mechanic,51982548,2048 - Супер Классика,Hyper-casual,strong,title:2048,10086,2024-07-04,804,1935,1628,737,0
merge,mechanic,54315949,Хочу лабубу!,Hyper-casual,strong,desc:слия,9787,2025-11-12,308,615,2656,782,0
merge,mechanic,54011111,Брейнрот: Слияние,Hyper-casual,strong,title:слия; desc:слия,9522,2025-08-07,405,3307,2419,,0
merge,mechanic,51499101,Тортики : Соединяй сладости,Puzzle,strong,desc:2048,9433,2022-12-26,1360,3832,2578,1186,0
merge,mechanic,51828189,Соедини Шарики: 2048,Puzzle,strong,title:2048; desc:2048,9373,2024-01-30,960,4378,2278,831,0
merge,mechanic,51629175,Атомное слияние,Hyper-casual,strong,title:слия,9334,2023-05-02,1233,2658,2396,1686,0
merge,mechanic,52073543,Мерж Дизайн - Дом мечты,Puzzle,strong,title:мерж; desc:соединять предмет,9293,2025-01-10,614,3151,2410,2267,0
merge,mechanic,51468424,Собери 2048 - Турнир,Puzzle,strong,title:2048; desc:2048,8753,2022-11-07,1409,4606,2226,1188,0
merge,mechanic,51485348,2048: Удвоение,Puzzle,strong,title:2048; desc:2048,8196,2022-11-24,1392,2302,3916,3917,0
merge,mechanic,51749516,Соединяй Блоки 2048,Puzzle,strong,title:2048; desc:2048,8029,2023-09-19,1093,3442,1794,873,0
merge,mechanic,51651415,Панельки : 2048,Arcade,strong,title:2048; desc:2048,7710,2023-05-21,1214,2698,4501,4580,0
merge,mechanic,54639813,Сладкая пекарня,Puzzle,strong,desc:merge,6944,2026-06-26,82,4693,2081,2298,0
merge,mechanic,51420108,2048: Шарики,Puzzle,strong,title:2048; desc:2048,6786,2022-09-08,1469,,2862,2866,0
merge,mechanic,54547320,Пазл 2048 Слияние блоков,Puzzle,strong,title:2048; desc:2048,6711,2026-04-27,142,4129,1303,1665,0
merge,mechanic,52069052,Соединяй Бравлеров!,Puzzle,strong,desc:2048,6639,2024-08-01,776,3770,3370,3413,0
merge,mechanic,51739885,Скибиди Камерамен Мердж,Strategy,strong,title:мердж; desc:мердж,6571,2023-09-04,1108,3367,773,,0
merge,mechanic,51549677,2048 Сортировка шариков,Puzzle,strong,title:2048; desc:2048,6530,2023-02-21,1303,1263,318,704,0
merge,mechanic,51840164,Ромбики - соедини 2048,Puzzle,strong,title:2048,6463,2024-01-25,965,1698,4652,4654,0
merge,mechanic,51815168,Битва Монстров: Слияние,Hyper-casual,strong,title:слия; desc:слия,5814,2024-01-15,975,2083,568,2372,0
merge,mechanic,53111918,Спрунки - слияние. Хоррор мод,Hyper-casual,strong,title:слия; desc:слия,5721,2025-02-21,572,1888,2565,1183,0
merge,mechanic,8209667,Соедини цветные точки: шарики,Puzzle,strong,"desc:соединяйте точки одинакового цвета, чтоб",5588,2022-07-22,1517,3222,3098,3134,0
merge,mechanic,54703918,Бравл Старс: Мерж Бравлы,Arcade,strong,title:мерж; desc:мерж,5575,2026-08-12,35,1269,2600,657,0
merge,mechanic,51842056,Соединяй Кристаллы,Puzzle,strong,desc:2048,5550,2024-01-26,964,4461,2626,631,0
merge,mechanic,51772983,Соединяй: Блоки-Кубики,Puzzle,strong,"desc:соединить три одинаковых кубика, чтобы о",5337,2023-10-24,1058,2746,501,2487,0
merge,mechanic,51740272,Шарики Дзен,Arcade,strong,desc:слия,5248,2023-09-29,1083,3164,968,2387,0
merge,mechanic,54723060,Зомби: Слияние Оружия,Arcade,strong,title:слия; desc:слия,5247,2026-08-28,19,306,847,418,0
merge,mechanic,54417459,Защитники: Слияние,Strategy,strong,title:слия; desc:слия,5068,2026-01-22,237,,2311,,0
merge,mechanic,54105321,Слияние Монет. Дойди до 100!,Puzzle,strong,title:слия; desc:слия,5035,2025-09-04,377,1842,1332,1947,0
merge,mechanic,54695570,Прокачка Пушек: Брейнроты,Arcade,strong,desc:мердж,4947,2026-07-30,48,1616,3609,3520,0
merge,mechanic,4245114,2048: Покорители лиг!,Puzzle,strong,title:2048; desc:2048,4885,2014-06-22,4469,4818,4865,4866,0
merge,mechanic,51397340,Слияние Блоков,Puzzle,strong,title:слия; desc:слия,4875,2022-08-15,1493,3099,4520,4531,0
merge,mechanic,53954891,Цифры пазл: Маникюр 2048!,Hyper-casual,strong,title:2048; desc:2048,4850,2025-07-31,412,919,,,0
merge,mechanic,51776364,Соединяй магические шарики,Puzzle,strong,desc:2048,4844,2023-10-31,1051,4040,975,987,0
merge,mechanic,53928815,Алхимия - Слияние элементов,Puzzle,strong,title:слия,4771,2025-12-11,279,3301,572,,0
merge,mechanic,52210775,Арбуз Суйка,Hyper-casual,strong,title:арбуз; desc:суйк,4689,2025-03-03,562,3466,4420,4421,0
merge,mechanic,54554906,Обби Менеджер Питомцев,Simulator,strong,desc:слия,4527,2026-05-20,119,4637,527,,0
merge,mechanic,54189738,Сливки Цифр 2048,Puzzle,strong,title:2048; desc:2048,4518,2025-10-01,350,4256,870,1013,0
merge,mechanic,54402909,Эффект Домино: Головоломка,Puzzle,strong,desc:слия,4479,2026-01-12,247,4297,1238,975,0
merge,mechanic,51702757,Монстры: Объединяй Блоки,Puzzle,strong,title:объединяй; desc:2048,4431,2023-07-14,1160,4493,3241,3242,0
merge,mechanic,53021792,Путешествие по Мягкому миру,Puzzle,strong,desc:2048,4396,2025-02-25,568,3212,437,2799,0
merge,mechanic,54653840,Моя Шахта,Economic,strong,"desc:объединяй одинаковые камни, выполняй зак",4233,2026-07-28,50,2261,260,756,1
merge,mechanic,54577917,Мем Бравл: Симулятор Слияния,Simulator,strong,title:слия; desc:слия,4158,2026-05-22,117,3917,482,857,0
merge,mechanic,51524476,2048 Числопад,Puzzle,strong,title:2048; desc:2048,4150,2023-03-06,1290,2418,2877,2881,0
merge,mechanic,8143757,Защитник 2048 - Merge Puzzle,Hyper-casual,strong,title:2048,3997,2022-05-18,1582,4480,4766,4767,0
merge,mechanic,52901003,Фишечки,Three in a row,strong,desc:слия,3944,2025-01-09,615,3538,1353,1943,0
merge,mechanic,4590904,Чужие воруют Фрукты,Arcade,strong,desc:соединяй одинаковые фрукты и получ,3896,2025-01-13,611,4131,958,1697,0
merge,mechanic,54556504,БумФрукт,Hyper-casual,strong,desc:слия,3881,2026-04-28,141,4785,1800,824,0
merge,mechanic,53421234,Кубики 2048,Hyper-casual,strong,title:2048,3838,2025-04-11,523,3474,4405,4406,0
merge,mechanic,54410638,Пираты: Слияние силы,Strategy,strong,title:слия; desc:слия,3772,2025-12-30,260,,2301,1012,0
merge,mechanic,54721308,Соединяй Ракеты: Обби,Arcade,strong,desc:2048,3759,2026-08-19,28,3628,1598,2285,0
merge,mechanic,52948317,Планетки,Three in a row,strong,desc:2048,3655,2025-02-03,590,3708,1403,2792,0
merge,mechanic,53952770,Соединяй кубики 2048 3D,Hyper-casual,strong,title:2048; desc:2048,3643,2025-07-25,418,1518,4657,4668,0
merge,mechanic,54678704,Слияние Монет,Hyper-casual,strong,title:слия,3641,2026-07-20,58,4161,336,1745,0
merge,mechanic,54492019,Котопад 2048,Puzzle,strong,title:2048; desc:2048,3607,2026-04-23,146,3809,695,1232,0
merge,mechanic,53065901,Спрунки - слияние,Hyper-casual,strong,title:слия; desc:слия,3562,2025-02-13,580,2365,3168,3178,0
merge,mechanic,54694915,ZooPals Trio 3,Three in a row,strong,desc:merge,3426,2026-09-09,7,172,304,,1
merge,mechanic,54344811,2048 Тетрис,Tabletop game,strong,title:2048; desc:2048,3376,2025-12-09,281,3143,2863,2858,0
merge,mechanic,54617048,Tileswale: Школа Чародейства,Three in a row,strong,"desc:соединять плитки с одинаковым рисунком, ",3333,2026-06-16,92,3429,664,874,0
merge,mechanic,51397295,2048: Веселый полет,Hyper-casual,strong,title:2048,3215,2022-08-22,1486,2727,2705,1929,0
merge,mechanic,52466775,Соединяй шарики. Собери елку.,Hyper-casual,strong,"desc:соединяйте одинаковые новогодние шарики,",2988,2024-10-17,699,4624,3540,,0
merge,mechanic,52457961,Слияние алфавита. Учим буквы,Hyper-casual,strong,title:слия; desc:слия,2943,2024-10-17,699,1232,3884,3791,0
merge,mechanic,53572069,2048 - Разрушение блоков,Hyper-casual,strong,title:2048,2905,2025-05-16,488,3145,738,2295,0
merge,mechanic,53821626,Слияние Еды: Заработай 100к!,Hyper-casual,strong,title:слия,2790,2025-06-27,446,1985,4550,4551,0
merge,mechanic,54697900,Кладовая,Puzzle,strong,desc:слия,2771,2026-08-05,42,2890,3598,3607,0
merge,mechanic,51509066,2048: Пасьянс,Puzzle,strong,title:2048; desc:2048,2761,2022-12-21,1365,3046,4645,4647,0
merge,mechanic,54450348,Треугольники точки 2048,Puzzle,strong,title:2048; desc:2048,2718,2026-02-17,211,4073,675,642,0
merge,mechanic,54633990,Котослужба,Economic,strong,desc:соединяйте двух одинаковых — кот получ,2630,2026-06-18,90,3200,706,2759,0
merge,mechanic,51869653,Мерж Детектив - Скрытая Тайна,Economic,strong,title:мерж; desc:мерж,2603,2024-03-11,919,3782,2609,2414,0
merge,mechanic,53825925,Соединяй летающие фрукты,Hyper-casual,strong,desc:мердж,2582,2025-06-30,443,3469,4434,4444,0
merge,mechanic,54077634,2048 Новые рекорды,Puzzle,strong,title:2048; desc:2048,2532,2025-09-12,369,2761,2873,2843,0
merge,mechanic,54101041,Merge Auto: Империя Гонок,Racing,strong,title:merge; desc:merge,2470,2025-10-20,331,,2983,2985,0
merge,mechanic,52203018,Фруктовый Бум,Hyper-casual,strong,desc:2048,2394,2024-08-27,750,4336,4213,4214,0
merge,mechanic,54715555,Орбитальный рубеж,Arcade,strong,desc:мердж,2363,2026-08-14,33,4136,709,1922,0
merge,mechanic,51835525,Logic Dice,Puzzle,strong,"desc:объединяйте их в тройки одинаковых, чтоб",2362,2024-01-22,968,2076,3240,3241,0
merge,mechanic,54417523,Соединяй шестиугольники 2048,Puzzle,strong,title:2048; desc:2048,2352,2026-01-27,232,2799,1417,2682,0
merge,mechanic,51559734,2048 Пазл,Puzzle,strong,title:2048,2242,2023-02-21,1303,,3067,3069,0
merge,mechanic,8208647,2048 Shooter Merge,Hyper-casual,strong,title:2048; desc:2048,2224,2022-07-17,1522,1444,3055,3058,0
merge,mechanic,54209536,Мастер Слияния,Three in a row,strong,title:слия; desc:слия,2217,2025-10-14,337,3939,4423,4424,0
merge,mechanic,51922174,Блоки Судоку - пазлы судоку!,Puzzle,strong,desc:2048,2188,2024-05-13,856,4357,4318,4319,0
merge,mechanic,51842114,2048: Блок Бесконечности,Puzzle,strong,title:2048; desc:2048,2169,2024-01-26,964,1602,3762,3764,0
merge,mechanic,54651801,Кубики 2048: Гекса Слияние,Puzzle,strong,title:2048; desc:слия,2153,2026-07-02,76,3903,4211,4183,0
merge,mechanic,54626372,2048 Змейка.ио,Arcade,strong,title:2048; desc:слия,2149,2026-06-22,86,4416,4494,4496,0
merge,mechanic,51729254,Hell Sweep,Hyper-casual,strong,desc:мердж,2100,2023-10-24,1058,2570,2731,944,0
merge,mechanic,52109677,Соединяй Значки СССР!,Hyper-casual,strong,"desc:соединять одинаковые значки, чтобы созда",2100,2024-08-08,769,2386,3080,3049,0
merge,mechanic,54706938,2048: головоломка с числами,Puzzle,strong,title:2048; desc:2048,2073,2026-08-10,37,3941,4653,4655,0
merge,mechanic,53391764,Секреты Фруктов - Слияние,Puzzle,strong,title:слия,2039,2025-04-08,526,2682,3124,3116,0
merge,mechanic,54684402,2048: Бесконечный Рост,Puzzle,strong,title:2048; desc:2048,1957,2026-07-23,55,4349,4260,4260,0
merge,mechanic,54612801,Соедини Фрукты: Онлайн,Puzzle,strong,desc:merge,1954,2026-06-03,105,3456,4393,4394,0
merge,mechanic,54479560,Солитер 2048: Нет предела,Hyper-casual,strong,title:2048; desc:2048,1894,2026-03-12,188,4473,4772,4773,0
merge,mechanic,54686777,2048 - числовая головоломка,Puzzle,strong,title:2048; desc:2048,1871,2026-08-06,41,2818,2814,2818,0
merge,mechanic,54188508,2048: Neon,Puzzle,strong,title:2048; desc:2048,1853,2025-09-30,351,3093,4558,4560,0
merge,mechanic,54422232,Падающие блоки 2048,Puzzle,strong,title:2048; desc:2048,1829,2026-01-27,232,3234,3255,3256,0
merge,mechanic,52445291,Дом Моей Мечты,Puzzle,strong,desc:соединяйте предмет,1744,2024-11-05,680,3697,3342,3343,0
merge,mechanic,51903616,Слияние кубиков,Puzzle,strong,title:слия; desc:слия,1696,2024-04-18,881,4806,4476,4469,0
merge,mechanic,52849144,Числовая Головоломка,Puzzle,strong,"desc:объединяйте одинаковые числа, чтобы созд",1665,2024-12-16,639,3484,4518,4495,0
merge,mechanic,53056922,Стражи Галактики: хексы,Puzzle,strong,desc:слия,1589,2025-02-25,568,1674,4378,4379,0
merge,mechanic,54330401,МержСтрой,Puzzle,strong,title:мерж; desc:мерж,1552,2025-11-19,301,1747,3478,3486,0
merge,mechanic,53433964,Карточки 2048,Puzzle,strong,title:2048,1545,2025-04-15,519,3467,4418,4419,0
merge,mechanic,52936577,Пулемёрджики,Hyper-casual,strong,title:мердж; desc:мердж,1535,2025-07-15,428,1918,4696,4698,0
merge,mechanic,52796479,Спасай Новый Год,Hyper-casual,strong,desc:2048,1507,2024-12-23,632,2253,4915,4915,0
merge,mechanic,53433009,Секреты овощей. Слияние,Hyper-casual,strong,title:слия,1491,2025-04-18,516,4733,3945,3946,0
merge,mechanic,52799091,Куба Буба,Hyper-casual,strong,desc:2048,1445,2024-12-05,650,1551,3032,3035,0
merge,mechanic,53429574,Плитки 2048,Puzzle,strong,title:2048; desc:2048,1418,2025-04-14,520,3981,4907,4908,0
merge,mechanic,54450316,2048 Блок Фьюжн,Puzzle,strong,title:2048; desc:2048,1391,2026-02-13,215,4022,4842,4843,0
merge,mechanic,54434392,Волшебный курорт Тео Морини,Hyper-casual,strong,desc:merge,1327,2026-04-16,153,4789,4409,4435,0
merge,mechanic,54563032,2048 зимняя сказка,Puzzle,strong,title:2048; desc:2048,1296,2026-05-22,117,2121,3743,3745,0
merge,mechanic,53416790,2048 Релакс новое,Puzzle,strong,title:2048; desc:2048,1289,2025-04-11,523,3335,3726,3728,0
merge,mechanic,53524315,Пазл 2048: Мастер головоломки,Puzzle,strong,title:2048; desc:2048,1259,2025-05-14,490,1540,4419,4420,0
merge,mechanic,54612765,Cat Box Merge,Hyper-casual,strong,title:merge; desc:merge,1258,2026-06-08,100,1423,4674,4685,0
merge,mechanic,53820806,Кафе Лабубу: Слияние,Puzzle,strong,title:слия; desc:слия,1238,2025-07-04,439,3108,4927,4905,0
merge,mechanic,51450966,Волшебное Слияние,Hyper-casual,strong,title:слия; desc:слия,1128,2022-12-13,1373,4561,3170,3171,0
merge,mechanic,53870404,Лесенка 2048,Puzzle,strong,title:2048; desc:2048,1086,2025-07-09,434,3579,4872,4901,0
merge,mechanic,54690989,2048 Merge Block,Puzzle,strong,title:2048; desc:2048,1068,2026-07-31,47,103,3480,3488,1
merge,mechanic,54677112,Зомби-поезд: Оборона,RPG,strong,desc:объединяйте одинаковое оружие и созда,1041,2026-08-10,37,4427,4583,4585,0
merge,mechanic,54696712,Арбузик,Arcade,strong,title:арбуз; desc:merge,1013,2026-08-10,37,2081,2878,2882,0
merge,mechanic,54713874,Мердж Закулисье,Simulator,strong,title:мердж; desc:мердж,1002,2026-08-18,29,873,4452,4454,0
merge,mechanic,53965380,2048 классика,Puzzle,strong,title:2048; desc:2048,983,2025-07-28,415,2822,2825,2829,0
merge,mechanic,54606540,Соедини Пузыри,Puzzle,strong,"desc:соединять одинаковые предметы, чтобы пол",977,2026-05-29,110,4701,4033,4034,0
merge,mechanic,51792248,Пасьянс на Ферме - 2048,Puzzle,strong,title:2048; desc:2048,976,2023-11-15,1036,3789,3065,3067,0
merge,mechanic,52968883,Мания Блоков 2048,Hyper-casual,strong,title:2048; desc:2048,932,2025-03-31,534,1109,3048,3051,0
merge,mechanic,54647451,Endless Dungeon: РПГ рогалик,RPG,strong,desc:слия,907,2026-07-22,56,1575,2747,1010,0
merge,mechanic,54666161,Королевский Джем: 2048,Puzzle,strong,title:2048; desc:2048,848,2026-07-16,62,3867,4118,4110,0
merge,mechanic,54752934,Приключения Джелли,Three in a row,strong,desc:2048,832,2026-09-15,1,43,,3803,1
merge,mechanic,54552194,Брейнрот Инкубатор,Hyper-casual,strong,desc:мерж,808,2026-05-14,125,2591,4036,4037,0
merge,mechanic,54748520,СуслиКлик,Puzzle,strong,desc:2048,807,2026-09-14,2,3280,3815,3449,0
merge,mechanic,54195526,MergX - соедини блоки,Arcade,strong,desc:слия,756,2025-10-02,349,2240,3369,3412,0
merge,mechanic,53416853,Соединение 2048 - Круглые,Hyper-casual,strong,title:2048; desc:2048,705,2025-04-11,523,2375,3013,2981,0
merge,mechanic,53621326,Змейка 2048,Hyper-casual,strong,title:2048,681,2025-05-28,476,3189,3027,3029,0
merge,mechanic,54619196,Soft Drop 2048,Arcade,strong,title:2048; desc:2048,674,2026-06-03,105,3443,4301,4301,0
merge,mechanic,53606447,Цепная Реакция,Puzzle,strong,desc:слия,666,2025-05-26,478,3015,4354,4355,0
merge,mechanic,54743661,Из курьера в миллионеры,Economic,strong,"desc:объединяй одинаковые элементы, открывай ",665,2026-09-04,12,1525,4557,4559,0
merge,mechanic,54666734,Драго Мердж,Hyper-casual,strong,title:мердж; desc:мердж,655,2026-07-15,63,3418,4135,4158,0
merge,mechanic,51896562,2048 Головоломка,Puzzle,strong,title:2048; desc:2048,630,2024-04-08,891,4467,4933,4933,0
merge,mechanic,51827412,Соединяй Всё,Puzzle,strong,desc:2048,591,2024-01-25,965,3377,4038,4039,0
merge,mechanic,53188277,Крутые Шарики,Puzzle,strong,desc:2048,548,2025-04-09,525,2306,3290,3291,0
merge,mechanic,54051647,Сбрось число,Puzzle,strong,"desc:соединять блоки с одинаковыми числами, ч",524,2025-08-18,394,3707,3306,3307,0
merge,mechanic,54637825,Грядка Бум: Слияние Овощей,Puzzle,strong,title:слия; desc:слия,519,2026-07-03,75,4713,4356,4357,0
merge,mechanic,53128417,2048,Puzzle,strong,title:2048; desc:2048,514,2025-02-27,566,2838,3259,3260,0
merge,mechanic,51814444,Соединятель,Puzzle,strong,desc:соединяйте одинаковые объекты и получ,510,2023-12-14,1007,1856,4966,4966,0
merge,mechanic,52895482,Соедини все Буковки,Hyper-casual,strong,desc:соединять 2 одинаковые буквы и получить ,482,2025-01-09,615,3399,4813,4814,0
merge,mechanic,53543534,Объединяй кубики,Puzzle,strong,title:объединяй; desc:слия,477,2025-05-13,491,4817,4454,4456,0
merge,mechanic,54713878,Сад Големов,Hyper-casual,strong,desc:слия,425,2026-08-13,34,3120,4686,4688,0
merge,mechanic,54745184,Нефтяной магнат,Economic,strong,desc:объединяй два одинаковых объекта и откры,421,2026-09-04,12,1356,3205,3206,0
merge,mechanic,54208557,2048 Плитки,Puzzle,strong,title:2048,408,2025-10-06,345,2643,4424,4425,0
merge,mechanic,54702054,Империя Котиков,Hyper-casual,strong,desc:merge,397,2026-08-07,40,3550,4736,4737,0
merge,mechanic,54056747,Головоломки 6 в 1,Puzzle,strong,desc:2048,393,2025-09-09,372,4459,4992,4992,0
merge,mechanic,51878676,АСМР Пасьянс Комбинация,Hyper-casual,strong,desc:2048,385,2024-03-18,912,3940,4450,4426,0
merge,mechanic,53983543,Котики Слияние,Puzzle,strong,title:слия,382,2025-07-31,412,2594,4768,4760,0
merge,mechanic,54176454,Квадратики,Puzzle,strong,desc:слия,381,2025-09-26,355,4083,3251,3252,0
merge,mechanic,52651460,Миллион,Puzzle,strong,desc:2048,373,2024-11-11,674,4405,4970,4961,0
merge,mechanic,51934996,Слияние планет,Hyper-casual,strong,title:слия; desc:мердж,366,2024-06-10,828,4552,3177,3203,0
merge,mechanic,53221653,Рука Бога 2048,Puzzle,strong,title:2048,313,2025-03-12,553,1826,4562,4564,0
merge,mechanic,52985007,2048 Треугольники,Puzzle,strong,title:2048; desc:2048,306,2025-02-20,573,2967,4732,4733,0
merge,mechanic,53376995,Candy merge 2048,Puzzle,strong,title:merge; desc:merge,299,2025-04-07,527,1351,4032,4127,0
merge,mechanic,54208568,4 Блока,Puzzle,strong,desc:слия,280,2025-10-06,345,2259,4171,4172,0
merge,mechanic,54680231,Слияние 10,Puzzle,strong,title:слия; desc:слия,278,2026-07-30,48,4278,4028,4029,0
merge,mechanic,52702073,Стреляй и Соединяй,Puzzle,strong,desc:2048,273,2024-11-18,667,4434,4817,4818,0
merge,mechanic,54459865,Блоки- слияние 2048,Puzzle,strong,title:слия,251,2026-03-02,198,3862,4355,4356,0
merge,mechanic,54623740,Кото-мердж,Hyper-casual,strong,title:мердж; desc:мердж,249,2026-07-07,71,2149,3014,3025,0
merge,mechanic,53416198,2048 Солитер - Слияние карт,Puzzle,strong,title:2048; desc:2048,245,2025-04-10,524,4483,4770,4771,0
merge,mechanic,54362561,2048 Rush,Puzzle,strong,title:2048; desc:2048,221,2025-11-28,292,2236,3375,3384,0
merge,mechanic,54463871,Блок шутер 2048,Puzzle,strong,title:2048; desc:2048,202,2026-03-04,196,3471,4386,4387,0
merge,mechanic,52701377,Мердж Сладкоежка Три в ряд,Hyper-casual,strong,title:мердж,169,2024-12-06,649,4313,4173,4150,0
merge,mechanic,53774010,Блоки: Двигай и Объединяй,Puzzle,strong,title:объединяй,139,2025-06-20,453,4312,4146,4146,0
merge,mechanic,53699075,Соединяй Монеты,Hyper-casual,strong,desc:2048,128,2025-06-05,468,3111,4964,4964,0
merge,mechanic,52896396,ГЕКСА 2048: Бесконечность,Puzzle,strong,title:2048; desc:2048,125,2025-02-11,582,3878,4113,4114,0
merge,mechanic,51687147,2048 ферма,Puzzle,strong,title:2048; desc:2048,112,2023-07-20,1154,4636,3428,3436,0
merge,mechanic,53105070,2048 Найди Число,Puzzle,strong,title:2048; desc:2048,81,2025-02-20,573,3400,4812,4813,0
merge,mechanic,54707984,Пиратские Сокровища,Puzzle,strong,desc:мердж,5,2026-09-16,0,4929,3164,3165,0
merge,mechanic,51991602,По полочкам: Сортировка,Three in a row,weak,desc_weak:соединять 3 одинаков,299190,2024-07-29,779,49,63,250,1
merge,mechanic,52479294,Маджонг бесплатно ✅,Puzzle,weak,desc_weak:соединять одинаков,260102,2024-10-25,691,270,84,382,1
merge,mechanic,8168881,Соединяйка,Three in a row,weak,desc_weak:соединять пары одинаков,236868,2022-05-23,1577,4678,227,2418,1
merge,mechanic,53448227,Гранд Тур: Гонки Матч 2,Three in a row,weak,desc_weak:соединяешь группы из двух и более одинак,173954,2025-12-26,264,29,221,178,1
merge,mechanic,52326680,Тарелочки,Puzzle,weak,"desc_weak:соединить», чтобы собрать 10 тарелок с о",70871,2024-09-23,723,4930,804,1660,0
merge,mechanic,53570081,Маджонг Дзен Сад,Puzzle,weak,desc_weak:соединяя одинаков,52470,2025-05-27,477,404,976,303,0
merge,mechanic,51450265,Прекрасный Фрукт,Puzzle,weak,desc_weak:соедините 2 одинаков,46935,2023-01-09,1346,943,837,,0
merge,mechanic,51916837,Блендер - Соединяй Фрукты,Puzzle,weak,desc_weak:арбуз,37692,2024-05-15,854,634,528,,0
merge,mechanic,51559478,Пузырь Шутер,Three in a row,weak,desc_weak:объединять фрукты одинаков,27737,2023-02-27,1297,2794,3224,3225,0
merge,mechanic,52433917,3 в Ряд: Комната Мечты,Three in a row,weak,desc_weak:соединять три и более одинаков,27606,2024-11-05,680,2849,1960,,0
merge,mechanic,7965168,Магия Парка Развлечений,Three in a row,weak,desc_weak:соединяй два,23423,2021-10-15,1797,4529,1840,566,0
merge,mechanic,52480645,Собери Миллион,Puzzle,weak,desc_weak:соединяя одинаков,23409,2024-10-17,699,2936,1068,,0
merge,mechanic,54099954,СССР Маджонг ✅,Puzzle,weak,desc_weak:соединяйте одинаков,20222,2025-10-30,321,4605,2236,,0
merge,mechanic,8140587,Соединение,Puzzle,weak,desc_weak:соединять точки с одинаков,14154,2022-04-19,1611,,3533,3543,0
merge,mechanic,52813474,Магическая сортировка,Three in a row,weak,desc_weak:соединять три одинаков,13846,2024-12-09,646,4956,1109,890,0
merge,mechanic,53480720,Пиратский Рай,Puzzle,weak,desc_weak:соединять три одинаков,13644,2025-04-24,510,,960,1203,0
merge,mechanic,51937195,Плиточки Маджонг Три в ряд,Three in a row,weak,desc_weak:соединяй три одинаков,8992,2024-06-18,820,3711,3127,3128,0
merge,mechanic,53742893,Сладкое Королевство,Three in a row,weak,desc_weak:соединять три и более одинаков,8560,2025-06-16,457,4633,2680,,0
merge,mechanic,51859611,Соединяй Воздушные Шарики,Puzzle,weak,desc_weak:соединяя одинаков,7777,2024-02-19,940,3830,3008,3010,0
merge,mechanic,54045061,Цветные Блоки,Three in a row,weak,desc_weak:соединять пары одинаков,7673,2025-09-08,373,1943,2320,1756,0
merge,mechanic,54626694,Игра в числа: чиселки,Puzzle,weak,desc_weak:соединяйте одинаков,7360,2026-06-15,93,3305,3408,3392,0
merge,mechanic,54468287,Цветы по местам,Puzzle,weak,desc_weak:объединяя одинаков,7337,2026-03-03,197,4781,813,818,0
merge,mechanic,54533769,Маджонг Линии,Puzzle,weak,desc_weak:соединять пары одинаков,6642,2026-04-10,159,4200,922,1089,0
merge,mechanic,54027484,Сортировка: уютный порядок,Three in a row,weak,desc_weak:соединяй одинаков,6544,2025-09-24,357,583,947,329,0
merge,mechanic,51874967,Кристаллы 3 в ряд,Three in a row,weak,desc_weak:объединение одинаков,5901,2024-03-12,918,,3501,3545,0
merge,mechanic,51554330,Вкусные Животные Фрукты,Three in a row,weak,desc_weak:объединить три или более одинаков,5692,2024-08-12,765,1926,4676,4678,0
merge,mechanic,54574340,Фрукты. Физическое соединение,Puzzle,weak,desc_weak:соединяй одинаков,5661,2026-05-07,132,3460,566,820,0
merge,mechanic,53404405,K-pop головоломка,Adventure,weak,desc_weak:соедини три одинаков,4145,2025-08-05,407,2543,3875,3883,0
merge,mechanic,54679256,Маджонг: Двигай плитки,Puzzle,weak,desc_weak:соединяя одинаков,4100,2026-07-22,56,4300,4005,3981,0
merge,mechanic,53589973,Грибник - соединяй грибы!,Puzzle,weak,desc_weak:арбуз,3675,2025-05-20,484,2640,4325,4326,0
merge,mechanic,53404495,Дзен-пазл: релакс,Three in a row,weak,desc_weak:соединяйте три одинаков,3368,2025-05-07,497,2486,3627,3605,0
merge,mechanic,54730201,Цветные блоки: Пары,Puzzle,weak,desc_weak:соединяйте одинаков,2959,2026-08-26,21,2817,2928,2939,0
merge,mechanic,52017181,Математические Головоломки,Puzzle,weak,desc_weak:объединены два,2840,2024-07-23,785,3091,4561,4554,0
merge,mechanic,52207855,Милые Мордашки: Сортировка,Three in a row,weak,desc_weak:соединить три одинаков,2734,2024-08-27,750,3011,4273,4273,0
merge,mechanic,54405875,Сад Кошечки: Тайл Пазл,Puzzle,weak,desc_weak:соединяй 3 плитки одинаков,2670,2026-01-22,237,2439,2807,2860,0
merge,mechanic,52866541,Gather Blocks. Собирай Блоки,Puzzle,weak,desc_weak:соединить как можно больше одинаков,2620,2024-12-23,632,2079,3284,3285,0
merge,mechanic,53935012,Бабл-Буп Фиш!,Three in a row,weak,desc_weak:соединяйте одинаков,2240,2025-07-22,421,2192,3624,3602,0
merge,mechanic,54051629,Fruit Fusion,Hyper-casual,weak,desc_weak:арбуз,2075,2025-08-19,393,1495,3577,3620,0
merge,mechanic,54102266,Соединяй Книга Монстров,Puzzle,weak,desc_weak:соединяй одинаков,1609,2025-09-04,377,1671,4217,4218,0
merge,mechanic,54258496,Мастер Полок: Сортировка 3D,Hyper-casual,weak,desc_weak:соединяйте одинаков,1288,2025-10-23,328,1513,3429,3437,0
merge,mechanic,52401778,Маджонг: Лесная сказка,Puzzle,weak,desc_weak:соединяйте одинаков,1207,2024-10-07,709,3140,2858,2862,0
merge,mechanic,54721933,Три в ряд - Путь Сёгуна,Three in a row,weak,desc_weak:соедините две,1080,2026-08-25,22,1172,3710,3712,0
merge,mechanic,53666491,Фруктландия: Побег из парка,Adventure,weak,desc_weak:арбуз,1038,2025-06-02,471,2469,3413,3422,0
merge,mechanic,54204755,Сделай 13,Hyper-casual,weak,desc_weak:соединять одинаков,1025,2025-10-08,343,3213,3126,3118,0
merge,mechanic,54714749,Время плиток: Собери три,Puzzle,weak,desc_weak:объединять одинаков,956,2026-09-01,15,1434,3632,3636,0
merge,mechanic,53524888,Стопочки,Puzzle,weak,desc_weak:соединять карточки с одинаков,945,2025-05-05,499,3585,4955,4955,0
merge,mechanic,54573917,Быстрая Алхимия,Puzzle,weak,desc_weak:соединяешь два,782,2026-05-21,118,4496,3253,3219,0
merge,mechanic,54163370,2248 Хексов,Hyper-casual,weak,desc_weak:соединять одинаков,768,2025-10-03,348,3287,4037,4038,0
merge,mechanic,53994810,Соединяй Шарики: Пазлы Новый,Hyper-casual,weak,desc_weak:соединять одинаков,653,2025-08-04,408,3551,4735,4736,0
merge,mechanic,54727742,Алхимия: Мир открытий,Puzzle,weak,desc_weak:соединяй два,551,2026-09-03,13,1037,3571,3572,0
merge,mechanic,51921437,Сортировка По Полочкам!,Puzzle,weak,desc_weak:соединять 3 одинаков,396,2024-05-14,855,4317,4109,4119,0
merge,mechanic,54609613,Делай 10,Puzzle,weak,desc_weak:объединять одинаков,342,2026-07-09,69,3472,4411,4412,0
merge,mechanic,52128492,Роняй Крипту,Puzzle,weak,desc_weak:соединяя 3 и более одинаков,314,2024-08-12,765,3421,4130,4131,0
merge,mechanic,54682453,Монохромный блок,Puzzle,weak,desc_weak:объединяйте одинаков,257,2026-07-30,48,2968,4758,4759,0
merge,mechanic,53905078,SpaceHex,Puzzle,weak,desc_weak:объединять ячейки с одинаков,182,2025-07-16,427,3584,4856,4864,0
match3,mechanic,3882511,Сокровища Пиратов,Three in a row,strong,desc:3 в ряд,26069750,2013-09-17,4747,10,1,42,1
match3,mechanic,4523773,Долина Сладостей,Three in a row,strong,desc:три в ряд,5476480,2014-08-29,4401,19,6,72,1
match3,mechanic,5643673,Малиновый Джем: три в ряд,Three in a row,strong,title:три в ряд,2051006,2016-10-04,3634,501,29,302,1
match3,mechanic,52502367,Ёлочка 2026,Adventure,strong,desc:три в ряд,1752031,2024-10-30,686,24,3,3,1
match3,mechanic,5625394,Вега Микс: три в ряд,Three in a row,strong,title:три в ряд; desc:три в ряд,1705146,2016-09-19,3649,84,11,38,1
match3,mechanic,8139366,Камни в ряд онлайн!,Three in a row,strong,desc:три в ряд,878467,2022-09-17,1460,18,33,23,1
match3,mechanic,6745237,🍓Сладкие Загадки: 3-в-ряд,Three in a row,strong,title:3-в-ряд; desc:3-в-ряд,786980,2018-12-14,2833,114,58,156,1
match3,mechanic,7409298,Скайдом - Три в Ряд!,Three in a row,strong,title:три в ряд; desc:три в ряд,734523,2020-05-13,2317,2012,73,434,1
match3,mechanic,4571765,Зверята: Три в ряд,Puzzle,strong,title:три в ряд; desc:три-в-ряд,643104,2014-10-10,4359,4771,4247,4247,0
match3,mechanic,6830710,🍒Сахарные Герои: три-в-ряд,Three in a row,strong,title:три-в-ряд,517639,2019-01-25,2791,1150,145,662,1
match3,mechanic,51487474,Время Героев: Три в ряд RPG,Three in a row,strong,title:три в ряд; desc:три в ряд,408481,2022-11-30,1386,216,49,43,1
match3,mechanic,6812327,Долина Самоцветов: Три в ряд,Three in a row,strong,title:три в ряд; desc:три в ряд,335062,2019-02-04,2781,4533,111,136,1
match3,mechanic,5744979,Дача: три в ряд,Three in a row,strong,title:три в ряд; desc:три-в-ряд,317022,2017-09-12,3291,3771,99,114,1
match3,mechanic,51991602,По полочкам: Сортировка,Three in a row,strong,desc:3 в ряд,299190,2024-07-29,779,49,63,250,1
match3,mechanic,7683769,Дом мечты: три в ряд,Three in a row,strong,title:три в ряд; desc:три в ряд,297136,2020-12-22,2094,148,81,56,1
match3,mechanic,7016437,🧨Герои Три в Ряд!,Three in a row,strong,title:три в ряд; desc:три в ряд,288977,2019-06-20,2645,1802,209,,1
match3,mechanic,52291860,Тайна Самоцветов - Три в ряд,Three in a row,strong,title:три в ряд; desc:три в ряд,275486,2024-09-16,730,74,89,196,1
match3,mechanic,7890960,Бабл Шарики,Three in a row,strong,desc:три-в-ряд,271433,2022-07-07,1532,281,143,,1
match3,mechanic,51758929,Трипл Матч 3Д,Three in a row,strong,title:матч 3; desc:матч 3,248112,2023-11-14,1037,188,281,,1
match3,mechanic,51495317,Собери-3: Маджонг,Three in a row,strong,desc:матч-3,242100,2022-12-13,1373,4580,403,2796,0
match3,mechanic,7459018,Весёлые Зверята,Puzzle,strong,desc:три-в-ряд,197815,2020-05-12,2318,4926,810,1803,0
match3,mechanic,52693009,Вор. Взломай сейф,Puzzle,strong,desc:три в ряд,190177,2024-11-20,665,4666,1250,2356,0
match3,mechanic,53448227,Гранд Тур: Гонки Матч 2,Three in a row,strong,title:матч; desc:три в ряд,173954,2025-12-26,264,29,221,178,1
match3,mechanic,8211367,Матч Мастер,Hyper-casual,strong,title:матч,170659,2022-09-22,1455,32,183,379,1
match3,mechanic,7139584,🌈Секреты Шармляндии,Three in a row,strong,desc:3 в ряд,163260,2019-09-27,2546,3285,368,1278,0
match3,mechanic,6986939,Парк мечты: три в ряд,Three in a row,strong,title:три в ряд; desc:три-в-ряд,162036,2019-05-28,2668,1617,142,97,1
match3,mechanic,6241407,Вега Микс Ёлочка,Three in a row,strong,desc:три-в-ряд,155790,2017-11-15,3227,4810,4551,4552,0
match3,mechanic,51676385,Вега Микс 2: Тайна острова,Three in a row,strong,desc:три в ряд,153967,2023-06-27,1177,764,136,102,1
match3,mechanic,52348480,Морские сокровища: Три в ряд,Three in a row,strong,title:три в ряд; desc:три в ряд,151756,2024-09-30,716,243,86,176,1
match3,mechanic,52336124,Фрутисы: Собери-3,Puzzle,strong,desc:составляйте по 3 одинаков,150617,2024-10-01,715,4564,854,2694,0
match3,mechanic,5013079,Ледяной Остров,Three in a row,strong,desc:три-в-ряд,138564,2015-08-03,4062,,2896,2901,0
match3,mechanic,6716212,Вега Микс Зимняя история,Three in a row,strong,desc:три-в-ряд,135472,2018-10-16,2892,3932,925,971,0
match3,mechanic,51863420,Шарики Стрелялки: бабла шутер,Three in a row,strong,desc:три-в-ряд,123333,2024-02-27,932,1628,354,,0
match3,mechanic,7626917,Школа Дизайна,Three in a row,strong,desc:3 в ряд,120148,2020-10-15,2162,4582,887,2784,0
match3,mechanic,52923170,Королевские котики,Three in a row,strong,desc:три в ряд,116400,2025-03-26,539,541,759,351,0
match3,mechanic,51473464,Скайдом Рефордж,Three in a row,strong,desc:три в ряд,113945,2022-11-15,1401,770,187,262,1
match3,mechanic,51880018,Сады Маджонга,Three in a row,strong,desc:матч-3,110211,2024-03-21,909,3300,557,,0
match3,mechanic,8228407,Цветочная История,Three in a row,strong,desc:3-в-ряд,102195,2022-08-02,1506,4509,245,240,1
match3,mechanic,7891261,Матч Арена - Три в Ряд!,Three in a row,strong,title:матч; desc:три в ряд,92312,2021-10-08,1804,3576,223,193,1
match3,mechanic,51751688,Дизайн Шоу: три в ряд,Three in a row,strong,title:три в ряд; desc:три в ряд,86106,2023-11-27,1024,283,294,181,1
match3,mechanic,53001208,Royal Island,Three in a row,strong,desc:три в ряд,85977,2025-06-20,453,4500,1446,2673,0
match3,mechanic,6831156,Аквантика - три в ряд,Three in a row,strong,title:три в ряд; desc:3 в ряд,71195,2019-01-25,2791,1860,173,94,1
match3,mechanic,8035370,Бубсы: Лопать шары,Three in a row,strong,desc:три в ряд,69978,2021-12-27,1724,4842,4705,4707,0
match3,mechanic,52757813,Три Таба Лапки в ряд,Three in a row,strong,desc:три в ряд,66077,2024-11-26,659,4663,961,2360,0
match3,mechanic,51812942,Волшебный матч: три в ряд,Three in a row,strong,title:матч; desc:три в ряд,62310,2024-02-27,932,4425,941,513,0
match3,mechanic,54443714,Тайл Матч Три в ряд,Three in a row,strong,title:матч; desc:3 в ряд,59374,2026-05-22,117,1504,297,341,1
match3,mechanic,52472375,Кубики дуэль онлайн,Three in a row,strong,desc:три в ряд,59040,2024-10-15,701,4110,1536,2368,0
match3,mechanic,52925299,Дизайн дома: Три в ряд,Three in a row,strong,title:три в ряд; desc:три в ряд,53384,2025-01-16,608,886,1526,,0
match3,mechanic,51889943,Соедини Цвета - головоломка,Puzzle,strong,desc:три в ряд,52249,2024-04-01,898,4213,1480,,0
match3,mechanic,7912147,Лесное Приключение,Three in a row,strong,desc:три в ряд,51835,2021-08-23,1850,3990,4603,4605,0
match3,mechanic,7962560,Хэллоуин: три в ряд,Three in a row,strong,title:три в ряд,51642,2021-09-29,1813,4123,2171,2351,0
match3,mechanic,7853502,Фруктовый микс 🍉,Three in a row,strong,desc:3 в ряд,51246,2021-05-19,1946,3352,3787,3796,0
match3,mechanic,52705366,Гений продаж 3D - сортировка,Three in a row,strong,desc:матч-3,50944,2024-11-22,663,4545,674,1777,0
match3,mechanic,7876558,Факты о донорстве,Three in a row,strong,desc:три в ряд,48613,2021-06-15,1919,4773,1242,854,0
match3,mechanic,8020267,Точки: соединяй!,Puzzle,strong,desc:3-в-ряд,42026,2021-12-14,1737,4488,1650,2723,0
match3,mechanic,51860678,Вега Микс: Сказочный городок,Three in a row,strong,desc:три в ряд,41089,2024-10-02,714,717,888,,0
match3,mechanic,7943016,Поиск пар 2D: матч предметов,Puzzle,strong,title:матч,39327,2021-09-13,1829,4469,1366,672,0
match3,mechanic,52402295,Три в ряд. Фабрика слияний,Three in a row,strong,title:три в ряд; desc:три в ряд,38706,2024-10-04,712,1577,1493,245,1
match3,mechanic,53894290,Мышонок Шон,Three in a row,strong,desc:матч-3,38180,2025-07-11,432,4511,1006,2320,0
match3,mechanic,8098757,Секреты Замка - Три в ряд,Three in a row,strong,title:три в ряд; desc:3 в ряд,38071,2022-05-30,1570,4212,2352,258,1
match3,mechanic,54613094,Садоводы,Three in a row,strong,desc:три в ряд,37281,2026-06-15,93,39,3580,3590,1
match3,mechanic,51453905,Забытое Сокровище 2: 3 в ряд,Three in a row,strong,title:3 в ряд; desc:три в ряд,36082,2022-10-20,1427,3525,3158,3150,0
match3,mechanic,53557986,Гуру матч 3D,Three in a row,strong,title:матч 3; desc:матч 3,35315,2025-05-23,481,1484,2232,,0
match3,mechanic,54401028,Сокровища Принца,Three in a row,strong,desc:три в ряд,34536,2025-12-23,267,2490,1294,,0
match3,mechanic,51543286,Матч Животных,Three in a row,strong,title:матч; desc:три в ряд,32221,2023-03-21,1275,1664,2364,1932,0
match3,mechanic,5456261,Небесное Приключение : три в ряд,Three in a row,strong,title:три в ряд,31327,2017-07-26,3339,4874,4051,4052,0
match3,mechanic,53896033,Игра Кальмара: Три в ряд,Three in a row,strong,title:три в ряд; desc:три в ряд,28732,2025-07-18,425,2815,2632,2719,0
match3,mechanic,52433917,3 в Ряд: Комната Мечты,Three in a row,strong,title:3 в ряд; desc:3 в ряд,27606,2024-11-05,680,2849,1960,,0
match3,mechanic,52846615,Грибная Лихорадка три в ряд,Three in a row,strong,title:три в ряд; desc:три в ряд,27124,2024-12-16,639,,2421,1134,0
match3,mechanic,52796427,Город кошек - три-в-ряд,Three in a row,strong,title:три-в-ряд; desc:три-в-ряд,25688,2024-12-10,645,3068,1915,2749,0
match3,mechanic,54584298,Тройной Матч Онлайн,Three in a row,strong,title:матч,25667,2026-05-28,111,4854,1171,267,1
match3,mechanic,52918306,Найди и Исчезни,Three in a row,strong,desc:собирайте группы из трех одинаков,23645,2025-01-22,602,4375,1801,819,0
match3,mechanic,7292231,Фэнси Бласт: сказки три в ряд,Three in a row,strong,title:три в ряд; desc:три в ряд,23542,2020-04-03,2357,4706,2057,934,0
match3,mechanic,54381494,Экспедиция Сердце тумана,Adventure,strong,desc:три-в-ряд,23209,2026-06-19,89,4504,3340,3341,0
match3,mechanic,8227650,Приключения Енота - 3 в ряд,Three in a row,strong,title:3 в ряд; desc:три в ряд,21698,2022-07-27,1512,4790,4399,4409,0
match3,mechanic,51603409,Шарики стрелялка,Three in a row,strong,desc:три в ряд,20765,2023-04-05,1260,4549,3107,3098,0
match3,mechanic,8211681,Магический Цирк - три в ряд,Three in a row,strong,title:три в ряд; desc:три в ряд,20693,2022-07-07,1532,2459,2827,2831,0
match3,mechanic,53582279,Матч 3D - Шары Три в Ряд!,Three in a row,strong,title:матч 3,20131,2025-05-19,485,3786,1871,2496,0
match3,mechanic,54481481,Сокровища Короля,Three in a row,strong,desc:три в ряд,19997,2026-03-18,182,4839,1404,1916,0
match3,mechanic,53151763,Candy Pop Mania,Three in a row,strong,desc:3 в ряд,18128,2025-03-07,558,3761,2341,,0
match3,mechanic,54155240,ЭкоЛис Сортировка,Puzzle,strong,desc:три в ряд,17843,2025-09-24,357,,1981,1174,0
match3,mechanic,7991934,Сказка 2022,Three in a row,strong,desc:три в ряд,17721,2021-11-11,1770,4931,2198,1695,0
match3,mechanic,54065951,Шлёпики Лопать шары,Three in a row,strong,desc:три в ряд,17523,2025-08-25,387,3687,1195,2786,0
match3,mechanic,54658484,Гастро Таун,Three in a row,strong,desc:три-в-ряд,17404,2026-07-20,58,,780,24,1
match3,mechanic,51568340,Горят Морепродукты,Three in a row,strong,desc:три в ряд,17206,2023-03-28,1268,2527,3646,3684,0
match3,mechanic,53004664,Звезда Матч3 стань Чемпионом!,Three in a row,strong,title:матч3; desc:матч 3,16711,2025-03-17,548,4572,2457,2781,0
match3,mechanic,51750697,Футбольный Матч,Simulator,strong,title:матч,16551,2023-11-27,1024,1903,1249,1821,0
match3,mechanic,7580568,Огород мечты: три в ряд,Three in a row,strong,title:три в ряд; desc:три в ряд,16009,2020-09-28,2179,4382,4919,4913,0
match3,mechanic,52918288,Приключения и Сокровища,Three in a row,strong,desc:три в ряд,15786,2025-05-12,492,669,1166,,0
match3,mechanic,8174614,Фея сладкие шарики,Three in a row,strong,desc:три в ряд,15437,2022-05-25,1575,4600,1783,1282,0
match3,mechanic,51605986,Котейки,Three in a row,strong,desc:три в ряд,14478,2023-04-07,1258,,,3625,0
match3,mechanic,53681722,Зума Бласт,Adventure,strong,desc:составлять комбинации из трех и более од,14074,2025-06-05,468,4661,2334,2370,0
match3,mechanic,54290482,Грядки перемен,Hyper-casual,strong,desc:три в ряд,14031,2025-11-12,308,4187,1959,,0
match3,mechanic,52813474,Магическая сортировка,Three in a row,strong,desc:соединять три одинаков,13846,2024-12-09,646,4956,1109,890,0
match3,mechanic,53480720,Пиратский Рай,Puzzle,strong,desc:соединять три одинаков,13644,2025-04-24,510,,960,1203,0
match3,mechanic,53500261,Соединяй предметы,Three in a row,strong,desc:три в ряд,13608,2025-04-28,506,1873,2704,2309,0
match3,mechanic,5507159,Слоты LiveGames,Gambling,strong,desc:3 в ряд,13585,2016-06-27,3733,1651,2531,707,0
match3,mechanic,52002291,Детектив,Puzzle,strong,desc:три в ряд,13518,2024-07-18,790,4681,3059,3062,0
match3,mechanic,52979805,Ассоциации,Word game,strong,desc:три в ряд,13409,2025-01-29,595,3179,2716,1164,0
match3,mechanic,51418014,Сад Матч 3D,Three in a row,strong,title:матч 3,13382,2022-11-08,1408,3651,2467,2357,0
match3,mechanic,53021580,По полочкам: игра-сортировка,Three in a row,strong,desc:собирает три одинаков,13277,2025-02-18,575,4814,1597,589,0
match3,mechanic,53032843,Королевство три в ряд,Three in a row,strong,title:три в ряд; desc:три в ряд,13031,2025-02-18,575,4146,2128,508,0
match3,mechanic,6000474,Техномагия,Adventure,strong,desc:три-в-ряд,12960,2017-05-03,3423,4700,4035,4036,0
match3,mechanic,54062983,ВегаМикс Деревенька три-в-ряд,Three in a row,strong,title:три-в-ряд; desc:три в ряд,12674,2025-08-28,384,3721,1451,,0
match3,mechanic,54032709,Poppytile,Three in a row,strong,desc:три в ряд,12042,2025-10-01,350,3347,1531,,0
match3,mechanic,54297945,Три-в-ряд: Одиссея,Three in a row,strong,title:три-в-ряд; desc:3-в-ряд,11683,2025-12-16,274,3967,2453,722,0
match3,mechanic,51411960,Руны Феи,Three in a row,strong,desc:три в ряд,11676,2022-09-06,1471,1361,3630,3643,0
match3,mechanic,7384081,Посади Лес: Игра Три в ряд,Three in a row,strong,title:три в ряд; desc:матч-3,11603,2020-05-03,2327,4370,4502,4675,0
match3,mechanic,54065515,Восход Императора,Hyper-casual,strong,desc:три в ряд,11261,2025-09-17,364,4952,2797,828,0
match3,mechanic,51496813,ДРАГОЦЕННОСТЬ РАЗДАВИТЬ,Hyper-casual,strong,desc:три в ряд,11051,2022-12-07,1379,3957,4678,4680,0
match3,mechanic,8120291,Jelly Blast - Три в Ряд,Three in a row,strong,title:три в ряд; desc:три в ряд,11033,2022-04-08,1622,776,2300,,0
match3,mechanic,51453768,Матч 4,Puzzle,strong,title:матч,10897,2022-11-14,1402,3122,4580,4676,0
match3,mechanic,54212896,ВегаМикс Пазлы Да Винчи,Three in a row,strong,desc:match-3,10635,2025-10-31,320,3948,2617,791,0
match3,mechanic,51580356,Подземелья и Алмазы - 3 в ряд,Three in a row,strong,title:3 в ряд; desc:3 в ряд,10278,2023-03-20,1276,1945,3198,3199,0
match3,mechanic,8054181,Candy Monster - три в ряд,Three in a row,strong,title:три в ряд; desc:три в ряд,10012,2022-01-19,1701,4338,2204,870,0
match3,mechanic,8134740,Сказка: Лучший Дизайнер,Three in a row,strong,desc:три в ряд,10000,2022-04-26,1604,540,2490,476,0
match3,mechanic,8229135,Долина конфет: три в ряд,Three in a row,strong,title:три в ряд; desc:три в ряд,9966,2022-08-07,1501,4332,2233,798,0
match3,mechanic,51819872,Диамант 2: Небесные истории,Three in a row,strong,desc:три-в-ряд,9903,2026-03-25,175,338,476,101,1
match3,mechanic,54007326,Волшебный особняк,Three in a row,strong,desc:три в ряд,9425,2025-08-19,393,3674,2124,1815,0
match3,mechanic,51554432,Coldscapes: My Match-3 Family,Three in a row,strong,title:match-3; desc:три в ряд,9187,2023-04-19,1246,4192,3778,3820,0
match3,mechanic,52232837,Дизайн Дачи: Три в ряд,Three in a row,strong,title:три в ряд; desc:матч-3,9185,2024-09-04,742,2922,2283,,0
match3,mechanic,53834944,Три в ряд - Сокровища Египта,Three in a row,strong,title:три в ряд; desc:три в ряд,9024,2025-07-04,439,1111,1571,1261,0
match3,mechanic,51937195,Плиточки Маджонг Три в ряд,Three in a row,strong,title:три в ряд; desc:соединяй три одинаков,8992,2024-06-18,820,3711,3127,3128,0
match3,mechanic,53787314,Ягодный Джем,Three in a row,strong,desc:3 в ряд,8670,2025-06-23,450,4680,2292,2415,0
match3,mechanic,53742893,Сладкое Королевство,Three in a row,strong,desc:три в ряд,8560,2025-06-16,457,4633,2680,,0
match3,mechanic,51618682,Дизайн дома: 3 в ряд,Three in a row,strong,title:3 в ряд; desc:три в ряд,7729,2023-04-25,1240,3156,2927,2826,0
match3,mechanic,51433539,Хэллоуин Матч 3,Three in a row,strong,title:матч 3; desc:матч 3,7715,2022-09-27,1450,4578,3120,3121,0
match3,mechanic,8219783,Три в ряд: кольца!,Hyper-casual,strong,title:три в ряд; desc:три в ряд,7642,2022-09-19,1458,3415,1866,926,0
match3,mechanic,6739930,Блок матч: Тетрис,Three in a row,strong,title:матч,7598,2019-02-19,2766,3864,4380,4381,0
match3,mechanic,54139670,Светяшки Три в ряд,Three in a row,strong,title:три в ряд; desc:три в ряд,7439,2025-09-15,366,4738,2054,898,0
match3,mechanic,53184846,Натуральный сок  три в ряд,Three in a row,strong,title:три в ряд; desc:три в ряд,6997,2025-03-26,539,3920,2272,860,0
match3,mechanic,54670833,Полки: Три в Ряд,Three in a row,strong,title:три в ряд,6943,2026-07-13,65,3792,1478,1169,0
match3,mechanic,54390349,Волшебные Поляны,Three in a row,strong,desc:три в ряд,6736,2025-12-18,272,4619,2580,,0
match3,mechanic,51891841,Сладкое Озеро,Three in a row,strong,desc:три в ряд,6684,2024-04-02,897,3381,3972,3982,0
match3,mechanic,53999614,Любимые деревяшки 3 в ряд,Three in a row,strong,title:3 в ряд; desc:3 в ряд,6650,2025-08-05,407,2366,2329,1666,0
match3,mechanic,54173700,Дизайн Особняка Три в Ряд,Three in a row,strong,title:три в ряд; desc:три в ряд,6598,2025-09-25,356,1277,1367,509,0
match3,mechanic,53263334,Тайны галактики. Три в ряд,Three in a row,strong,title:три в ряд; desc:три в ряд,6482,2025-04-01,533,3865,2761,954,0
match3,mechanic,54571681,В поисках дракона,Three in a row,strong,desc:три-в-ряд,6199,2026-05-27,112,421,1685,,0
match3,mechanic,54381470,Волшебная Ёлка Три-в-Ряд,Three in a row,strong,title:три-в-ряд; desc:три-в-ряд,5922,2025-12-17,273,,2169,2707,0
match3,mechanic,4693053,Mortal Kombat 2 Quest,Simulator,strong,desc:match-3,5908,2020-08-30,2208,3197,3296,3297,0
match3,mechanic,51874967,Кристаллы 3 в ряд,Three in a row,strong,title:3 в ряд; desc:3 в ряд,5901,2024-03-12,918,,3501,3545,0
match3,mechanic,6604566,Слоты LiveGames-слот автоматы,Gambling,strong,desc:3 в ряд,5707,2018-07-20,2980,4262,3651,3653,0
match3,mechanic,51554330,Вкусные Животные Фрукты,Three in a row,strong,"desc:меняйте местами фрукты, чтобы объединить",5692,2024-08-12,765,1926,4676,4678,0
match3,mechanic,54668751,Шарики: Бабл Шутер,Puzzle,strong,desc:собирая комбинации из трех и более одина,5542,2026-07-24,54,3133,2234,705,0
match3,mechanic,51807678,Сокровища - Три в Ряд,Three in a row,strong,title:три в ряд; desc:3 в ряд,5270,2024-02-29,930,4527,2433,2345,0
match3,mechanic,54467048,Блеск Самоцветов - Три в Ряд,Three in a row,strong,title:три в ряд; desc:три в ряд,5206,2026-03-06,194,2320,1239,2782,0
match3,mechanic,51621091,Мастер плиток,Three in a row,strong,desc:три в ряд,5087,2023-04-24,1241,4867,4078,4079,0
match3,mechanic,53496602,Дизайн Дома: Украшаем Дом,Three in a row,strong,desc:три в ряд,5021,2025-04-28,506,3249,2604,2733,0
match3,mechanic,54582396,Герои Стихий: РПГ Три в ряд,Three in a row,strong,title:три в ряд,4881,2026-07-31,47,3977,376,583,0
match3,mechanic,52898503,Бесконечная башня. Три в ряд.,Three in a row,strong,title:три в ряд; desc:составлять ряды из трех или более одинак,4558,2025-02-04,589,2119,3640,3644,0
match3,mechanic,54422674,Маджонг 3,Three in a row,strong,desc:три в ряд,3976,2026-01-30,229,3694,845,2704,0
match3,mechanic,52901003,Фишечки,Three in a row,strong,desc:три в ряд,3944,2025-01-09,615,3538,1353,1943,0
match3,mechanic,54628827,Три в ряд: Сочный сад,Three in a row,strong,title:три в ряд; desc:три в ряд,3719,2026-06-15,93,4428,622,759,0
match3,mechanic,54350770,Хлюпики Взорвать шары,Three in a row,strong,desc:три в ряд,3648,2025-11-26,294,2913,1110,1136,0
match3,mechanic,51807679,Затерянный город - Три в ряд,Three in a row,strong,title:три в ряд; desc:три в ряд,3613,2024-03-06,924,3631,1219,2294,0
match3,mechanic,52444661,Таинственный Лес - три в ряд,Three in a row,strong,title:три в ряд; desc:три в ряд,3457,2024-10-14,702,1704,3057,3060,0
match3,mechanic,54694915,ZooPals Trio 3,Three in a row,strong,desc:match-3,3426,2026-09-09,7,172,304,,1
match3,mechanic,53393011,3 в ряд,Three in a row,strong,title:3 в ряд; desc:матч-3,3377,2025-04-07,527,1607,3658,3661,0
match3,mechanic,53404495,Дзен-пазл: релакс,Three in a row,strong,desc:соединяйте три одинаков,3368,2025-05-07,497,2486,3627,3605,0
match3,mechanic,54650960,Сакура,Three in a row,strong,desc:три-в-ряд,3166,2026-07-09,69,4747,1934,910,0
match3,mechanic,54587791,Пельменный Замес - три в ряд,Three in a row,strong,title:три в ряд,3124,2026-05-26,113,730,4504,4506,0
match3,mechanic,54407288,Собери три: Тайна леса,Puzzle,strong,desc:три в ряд,3097,2025-12-29,261,3729,3798,3772,0
match3,mechanic,53843698,Матрешки Три в Ряд,Three in a row,strong,title:три в ряд; desc:три в ряд,3066,2025-11-24,296,2442,685,574,0
match3,mechanic,54032780,Властелин Тайлов : 3 в ряд,Three in a row,strong,title:3 в ряд,2988,2025-08-15,397,4587,3109,3135,0
match3,mechanic,52912955,Музыкальный Sprunki-пазл,Simulator,strong,desc:три в ряд,2908,2025-02-07,586,3898,4242,4243,0
match3,mechanic,51527512,Mystic Hills,Puzzle,strong,desc:три в ряд,2883,2023-04-21,1244,4830,2491,1989,0
match3,mechanic,52405430,ВегаМикс Морские приключения,Three in a row,strong,desc:три-в-ряд,2735,2024-10-21,695,2535,1860,463,0
match3,mechanic,53566082,В поисках Бриллианта,Three in a row,strong,desc:три-в-ряд,2680,2025-05-15,489,4418,1356,268,1
match3,mechanic,54655842,Crystal Rush,Three in a row,strong,desc:три в ряд,2587,2026-08-31,16,4625,3510,3554,0
match3,mechanic,54683518,Мастер колец,Arcade,strong,desc:три в ряд,2576,2026-07-30,48,4958,4248,4248,0
match3,mechanic,5170657,Star Wars Heroes,Three in a row,strong,desc:match-3,2483,2016-02-04,3877,3916,4245,4245,0
match3,mechanic,51440258,Милая Панда: Три в Ряд,Three in a row,strong,title:три в ряд,2441,2022-10-04,1443,4247,2870,2874,0
match3,mechanic,54715555,Орбитальный рубеж,Arcade,strong,desc:собирай орбитальную оборону — соединяй т,2363,2026-08-14,33,4136,709,1922,0
match3,mechanic,54407509,Зума путь дракона,Three in a row,strong,desc:3 в ряд,2289,2026-04-15,154,4255,3657,3686,0
match3,mechanic,51860258,Кошечки Собачки: Три в ряд,Three in a row,strong,title:три в ряд,2286,2024-02-20,939,2620,4309,4309,0
match3,mechanic,51922174,Блоки Судоку - пазлы судоку!,Puzzle,strong,desc:три в ряд,2188,2024-05-13,856,4357,4318,4319,0
match3,mechanic,54509847,Карточный Матч,Puzzle,strong,title:матч,2059,2026-04-13,156,4024,4838,4839,0
match3,mechanic,54708779,Игра сортировка по полочкам,Three in a row,strong,desc:три в ряд,2045,2026-08-12,35,1800,3381,3364,0
match3,mechanic,54628971,Собачий ряд,Three in a row,strong,desc:match-3,2014,2026-06-19,89,2958,4002,4003,0
match3,mechanic,54691807,Кристальные сокровища,Three in a row,strong,desc:три в ряд,1988,2026-08-05,42,2184,3402,3583,0
match3,mechanic,54528991,Город Самоцветов,Puzzle,strong,desc:match-3,1945,2026-04-14,155,,2902,2904,0
match3,mechanic,51901586,Долина кристаллов - 3 в ряд,Three in a row,strong,title:3 в ряд,1884,2024-10-21,695,2955,3983,3984,0
match3,mechanic,54723945,Арквел,Three in a row,strong,desc:три в ряд,1859,2026-08-24,23,4576,2241,550,0
match3,mechanic,53495848,Stick Jewel: Match 3 Master,Three in a row,strong,title:match 3; desc:матч 3,1775,2025-04-28,506,3803,2463,2492,0
match3,mechanic,54673015,Звёздные кристаллы,Puzzle,strong,desc:три в ряд,1775,2026-08-17,30,2647,4438,4439,0
match3,mechanic,54519094,Маджонг построй ферму,Puzzle,strong,desc:собирайте по три одинаков,1732,2026-04-06,163,3642,2856,2895,0
match3,mechanic,54704785,Тучкин: 28 котоигр,Puzzle,strong,desc:три-в-ряд,1704,2026-08-18,29,2206,,,0
match3,mechanic,53981531,Волшебная Сага: Три в ряд,Three in a row,strong,title:три в ряд; desc:три в ряд,1548,2025-08-18,394,3766,3422,3398,0
match3,mechanic,53198099,Мастер по плиточкам: 3-в-ряд,Three in a row,strong,title:3-в-ряд; desc:три в ряд,1538,2025-04-09,525,3962,4490,4492,0
match3,mechanic,54741214,Изумрудный Сад - Три в ряд,Three in a row,strong,title:три в ряд; desc:match-3,1436,2026-09-04,12,,,3553,0
match3,mechanic,54642802,Лапкино: Три в ряд,Three in a row,strong,title:три в ряд,1427,2026-07-07,71,3431,4207,4208,0
match3,mechanic,53404473,Автопарк: сортируй тачки,Simulator,strong,desc:три в ряд,1345,2026-02-19,209,3391,4324,4325,0
match3,mechanic,54417596,Построй Город: Паззлы!,Three in a row,strong,desc:матч3,1293,2026-03-02,198,2771,3010,3012,0
match3,mechanic,54258496,Мастер Полок: Сортировка 3D,Hyper-casual,strong,desc:3 в ряд,1288,2025-10-23,328,1513,3429,3437,0
match3,mechanic,51756273,Головоломка для ума,Puzzle,strong,desc:три в ряд,1185,2023-09-25,1087,4058,4931,4931,0
match3,mechanic,54721933,Три в ряд - Путь Сёгуна,Three in a row,strong,title:три в ряд; desc:три в ряд,1080,2026-08-25,22,1172,3710,3712,0
match3,mechanic,54594449,Фруктовый рынок,Three in a row,strong,desc:три в ряд,946,2026-05-26,113,3038,4225,4226,0
match3,mechanic,52697346,Три в Ряд - Для взрослых,Three in a row,strong,title:три в ряд,930,2024-11-18,667,4393,4870,4872,0
match3,mechanic,54748520,СуслиКлик,Puzzle,strong,desc:собирайте группы из трех и более одинако,807,2026-09-14,2,3280,3815,3449,0
match3,mechanic,53416819,Маджонг: плитки 3 в 1 ряд,Puzzle,strong,desc:матч-3,672,2025-04-11,523,4215,3400,3401,0
match3,mechanic,52486612,Мамин Дизайнер - Три в ряд,Three in a row,strong,title:три в ряд; desc:три в ряд,668,2024-10-21,695,3103,4543,4544,0
match3,mechanic,54636684,Три в ряд - Сказочный лес,Three in a row,strong,title:три в ряд; desc:три в ряд,660,2026-07-03,75,3163,2875,2879,0
match3,mechanic,54111128,Цветочный матч,Puzzle,strong,title:матч,641,2025-11-01,319,2378,2991,2993,0
match3,mechanic,54580672,Линия славы: Арена,Three in a row,strong,desc:3-в-ряд,623,2026-06-01,107,2615,2732,794,0
match3,mechanic,54585243,Крестики-нолики Сдвиг по фазе,Tabletop game,strong,desc:три в ряд,521,2026-05-26,113,3282,3834,3801,0
match3,mechanic,52895482,Соедини все Буковки,Hyper-casual,strong,desc:три в ряд,482,2025-01-09,615,3399,4813,4814,0
match3,mechanic,54690771,Три в ряд - Панда,Three in a row,strong,title:три в ряд; desc:три в ряд,471,2026-08-06,41,3195,3314,3340,0
match3,mechanic,54713924,STELLAR VOYAGE,Three in a row,strong,desc:три в ряд,429,2026-08-18,29,3420,4116,4117,0
match3,mechanic,54412730,Шарики: Игра Три в ряд,Three in a row,strong,title:три в ряд; desc:три в ряд,412,2026-02-04,224,4284,3933,3934,0
match3,mechanic,54208557,2048 Плитки,Puzzle,strong,desc:три в ряд,408,2025-10-06,345,2643,4424,4425,0
match3,mechanic,51921437,Сортировка По Полочкам!,Puzzle,strong,desc:соединять 3 одинаков,396,2024-05-14,855,4317,4109,4119,0
match3,mechanic,54176454,Квадратики,Puzzle,strong,desc:три в ряд,381,2025-09-26,355,4083,3251,3252,0
match3,mechanic,52651460,Миллион,Puzzle,strong,desc:три в ряд,373,2024-11-11,674,4405,4970,4961,0
match3,mechanic,54725690,Вкусные тайлы: Три в ряд кафе,Three in a row,strong,title:три в ряд; desc:три в ряд,368,2026-08-26,21,4682,3058,3061,0
match3,mechanic,54661641,Грани - три в ряд,Three in a row,strong,title:три в ряд; desc:три в ряд,343,2026-07-24,54,2279,4312,4312,0
match3,mechanic,52128492,Роняй Крипту,Puzzle,strong,desc:соединяя 3 и более одинаков,314,2024-08-12,765,3421,4130,4131,0
match3,mechanic,5592984,Фрогги. Три в ряд,Three in a row,strong,title:три в ряд,185,2025-04-28,506,4320,4142,4118,0
match3,mechanic,52701377,Мердж Сладкоежка Три в ряд,Hyper-casual,strong,title:три в ряд; desc:соединяйте 3 или более конфет,169,2024-12-06,649,4313,4173,4150,0
match3,mechanic,53774010,Блоки: Двигай и Объединяй,Puzzle,strong,desc:соединять три или более одинаков,139,2025-06-20,453,4312,4146,4146,0
match3,mechanic,54653496,Пазл Перемен,Puzzle,strong,desc:3 в ряд,115,2026-09-14,2,759,3513,3523,0
match3,mechanic,51914517,По полочкам: магазин игрушек,Puzzle,strong,desc:три в ряд,68,2024-06-13,825,4895,4788,4789,0
match3,mechanic,3849521,Инди Кот,Three in a row,weak,genre_weak:Three in a row,12919758,2013-08-30,4765,3667,13,392,1
match3,mechanic,4249938,Тайны Прошлого: Наследие!,Three in a row,weak,genre_weak:Three in a row,1386175,2014-04-15,4537,4942,4371,4372,0
match3,mechanic,53584246,Тайна Фонаря,Three in a row,weak,genre_weak:Three in a row,439753,2025-08-28,384,22,47,21,1
match3,mechanic,6994984,Атлантида - зума,Three in a row,weak,genre_weak:Three in a row,413628,2019-07-12,2623,,74,281,1
match3,mechanic,8133714,Небеса,Three in a row,weak,genre_weak:Three in a row,372435,2022-06-06,1563,491,210,214,1
match3,mechanic,5757681,Тайны Прошлого: Величие!,Three in a row,weak,genre_weak:Three in a row,343305,2016-12-16,3561,4755,4235,4236,0
match3,mechanic,6284740,Летняя История: шарики,Three in a row,weak,genre_weak:Three in a row,310251,2017-12-14,3198,4521,374,2353,0
match3,mechanic,7155515,Необитаемый остров 🧡,Three in a row,weak,genre_weak:Three in a row,248920,2019-10-06,2537,4254,1701,1001,0
match3,mechanic,8168881,Соединяйка,Three in a row,weak,genre_weak:Three in a row,236868,2022-05-23,1577,4678,227,2418,1
match3,mechanic,51918751,Шарики в колбах,Three in a row,weak,genre_weak:Three in a row,208167,2024-05-07,862,162,159,477,1
match3,mechanic,51731262,Пазл с блоками 88,Three in a row,weak,genre_weak:Three in a row,181128,2024-01-09,981,4274,493,1114,0
match3,mechanic,6381463,Вега Микс на Даче,Three in a row,weak,genre_weak:Three in a row,177173,2018-03-07,3115,4371,4315,4316,0
match3,mechanic,52703392,Лопаем мячи,Three in a row,weak,genre_weak:Three in a row,158113,2024-11-20,665,167,180,,1
match3,mechanic,51912693,Время шариков,Three in a row,weak,genre_weak:Three in a row,143675,2024-04-25,874,3124,237,719,1
match3,mechanic,51559482,Лопать Пузыри,Three in a row,weak,genre_weak:Three in a row,139336,2023-03-21,1275,366,630,,0
match3,mechanic,51719736,Шарики Зума Стрелялки,Three in a row,weak,genre_weak:Three in a row,136304,2023-08-03,1140,3810,495,1234,0
match3,mechanic,51554338,Пузырьковый Bпрыск,Three in a row,weak,genre_weak:Three in a row,135290,2024-07-30,778,265,628,,1
match3,mechanic,51495581,Симпатичный пузырьковый шутер,Three in a row,weak,genre_weak:Three in a row,129902,2023-01-19,1336,542,801,,0
match3,mechanic,7883862,Соединять шарики 2048,Three in a row,weak,genre_weak:Three in a row,127057,2021-06-21,1913,,800,1016,0
match3,mechanic,7725851,Магический мир,Three in a row,weak,genre_weak:Three in a row,120166,2021-02-11,2043,457,235,120,1
match3,mechanic,8146064,Взрывай пузыри,Three in a row,weak,genre_weak:Three in a row,116564,2022-07-13,1526,473,873,,0
match3,mechanic,6641762,Вега Микс Круиз по Волге,Three in a row,weak,genre_weak:Three in a row,99510,2018-08-06,2963,4949,1192,405,0
match3,mechanic,51614608,Гуру плиток,Three in a row,weak,genre_weak:Three in a row,92642,2023-04-17,1248,2755,776,2488,0
match3,mechanic,52740328,Сортировка вещей в шкафу,Three in a row,weak,genre_weak:Three in a row,89533,2024-11-26,659,215,672,,1
match3,mechanic,52050213,Зума Делюкс,Three in a row,weak,genre_weak:Three in a row,88559,2024-07-26,782,1523,910,774,0
match3,mechanic,51691850,Отель Алисы - Alice's Hotel,Three in a row,weak,genre_weak:Three in a row,87282,2023-09-05,1107,507,272,85,1
match3,mechanic,51836857,Чайная Война С Молоком,Three in a row,weak,genre_weak:Three in a row,80962,2024-09-10,736,316,1491,,0
match3,mechanic,52867171,Зимние Шарики,Three in a row,weak,genre_weak:Three in a row,79714,2024-12-19,636,1855,486,1187,0
match3,mechanic,52886943,Шарики 2025,Three in a row,weak,genre_weak:Three in a row,79248,2024-12-26,629,1022,1119,,0
match3,mechanic,7183892,Вега Микс: Зимние приключения,Three in a row,weak,genre_weak:Three in a row,69115,2019-11-15,2497,4835,1395,1942,0
match3,mechanic,7725277,Family Hotel,Three in a row,weak,genre_weak:Three in a row,66436,2021-01-23,2062,,891,388,0
match3,mechanic,6224767,Волшебные сказки!,Three in a row,weak,genre_weak:Three in a row,62729,2017-10-31,3242,4976,4019,4020,0
match3,mechanic,8127512,Зоопарк Бум,Three in a row,weak,genre_weak:Three in a row,56457,2022-07-22,1517,1114,1415,1059,0
match3,mechanic,52337069,Чудо Блок,Three in a row,weak,genre_weak:Three in a row,56316,2024-11-05,680,794,852,,0
match3,mechanic,19163417,Псих Зума,Three in a row,weak,genre_weak:Three in a row,52888,2022-08-14,1494,1488,1032,1219,0
match3,mechanic,51836847,Еда Челлендж,Three in a row,weak,genre_weak:Three in a row,52494,2024-07-30,778,696,1150,,0
match3,mechanic,52201870,1 Сентября,Three in a row,weak,genre_weak:Three in a row,51545,2024-08-26,751,332,1320,,0
match3,mechanic,52703374,Гексо Деревяшки 2048,Three in a row,weak,genre_weak:Three in a row,49458,2024-11-20,665,3217,966,2752,0
match3,mechanic,52941296,Тайны Прошлого,Three in a row,weak,genre_weak:Three in a row,47183,2025-08-20,392,1807,200,48,1
match3,mechanic,51418021,Бычья Легенда,Three in a row,weak,genre_weak:Three in a row,42673,2022-10-11,1436,2321,1251,2775,0
match3,mechanic,52937214,Устранение Полок,Three in a row,weak,genre_weak:Three in a row,41214,2025-05-06,498,937,1345,,0
match3,mechanic,51928211,Сортировка Эмодзи!,Three in a row,weak,genre_weak:Three in a row,40946,2024-05-24,845,3827,824,1130,0
match3,mechanic,54263990,Сказка 2026,Three in a row,weak,genre_weak:Three in a row,40429,2025-10-29,322,1294,1698,435,0
match3,mechanic,52896454,Плиточки: Сортировка,Three in a row,weak,genre_weak:Three in a row,37568,2025-01-29,595,413,540,,0
match3,mechanic,52633090,ЗумаЛенд,Three in a row,weak,genre_weak:Three in a row,35202,2024-12-18,637,2241,828,287,1
match3,mechanic,8212672,Слияние 248,Three in a row,weak,genre_weak:Three in a row,33263,2022-07-07,1532,3609,1546,2328,0
match3,mechanic,51543281,Еда Устранить,Three in a row,weak,genre_weak:Three in a row,31842,2023-05-04,1231,2811,2112,2805,0
match3,mechanic,52894105,Нон-стоп Устранение,Three in a row,weak,genre_weak:Three in a row,30614,2025-10-24,327,1582,1391,,0
match3,mechanic,8222431,Башня из пузырей 3D,Three in a row,weak,genre_weak:Three in a row,30470,2022-08-04,1504,1815,1126,,0
match3,mechanic,51450268,Устранение конфет,Three in a row,weak,genre_weak:Three in a row,28576,2022-12-05,1381,1980,1796,761,0
match3,mechanic,51559478,Пузырь Шутер,Three in a row,weak,genre_weak:Three in a row,27737,2023-02-27,1297,2794,3224,3225,0
match3,mechanic,51729437,Драка В Машине,Three in a row,weak,genre_weak:Three in a row,27727,2024-12-13,642,1892,2664,1727,0
match3,mechanic,51415023,Бабл: Лопай Шарики,Three in a row,weak,genre_weak:Three in a row,26574,2022-09-09,1468,2809,3317,3318,0
match3,mechanic,51450266,Пузыри джунглей,Three in a row,weak,genre_weak:Three in a row,26481,2022-12-14,1372,2275,2201,953,0
match3,mechanic,52820689,Тайны Лесной Поляны,Three in a row,weak,genre_weak:Three in a row,25921,2024-12-12,643,2195,2098,,0
match3,mechanic,8031935,Сладкий мир,Three in a row,weak,genre_weak:Three in a row,25461,2022-01-14,1706,4209,2068,468,0
match3,mechanic,51615249,Соедини Овощи,Three in a row,weak,genre_weak:Three in a row,24272,2023-05-30,1205,2862,1818,,0
match3,mechanic,51729446,Повернул Bинт,Three in a row,weak,genre_weak:Three in a row,24193,2024-10-24,692,3726,1874,,0
match3,mechanic,52924131,Шары,Three in a row,weak,genre_weak:Three in a row,23888,2025-01-15,609,1224,1958,,0
match3,mechanic,7965168,Магия Парка Развлечений,Three in a row,weak,genre_weak:Three in a row,23423,2021-10-15,1797,4529,1840,566,0
match3,mechanic,51450267,Цыпленок Зума,Three in a row,weak,genre_weak:Three in a row,23166,2023-01-31,1324,1686,794,536,0
match3,mechanic,51493041,Мастер Питомцев,Three in a row,weak,genre_weak:Three in a row,22570,2022-12-14,1372,1136,1699,,0
match3,mechanic,53013570,Сортировка: женские штучки,Three in a row,weak,genre_weak:Three in a row,21780,2025-02-11,582,2630,1936,981,0
match3,mechanic,8091249,Dragon Puzzle,Three in a row,weak,genre_weak:Three in a row,21572,2022-03-17,1644,,2678,,0
match3,mechanic,52937215,Уничтожение Шаров,Three in a row,weak,genre_weak:Three in a row,21533,2025-04-16,518,2587,1528,594,0
match3,mechanic,52878417,Зума - Кристальные шарики,Three in a row,weak,genre_weak:Three in a row,21496,2024-12-26,629,2009,1604,,0
match3,mechanic,51495570,Устранение Hомеров,Three in a row,weak,genre_weak:Three in a row,20985,2023-04-04,1261,3294,1827,,0
match3,mechanic,51615269,Связь С Животными,Three in a row,weak,genre_weak:Three in a row,20358,2023-05-10,1225,1638,2429,,0
match3,mechanic,51803632,Поймай Пигги,Three in a row,weak,genre_weak:Three in a row,19562,2024-10-11,705,3836,2003,1168,0
match3,mechanic,53371457,Лес Изумрудов,Three in a row,weak,genre_weak:Three in a row,18541,2025-04-03,531,1475,936,1017,0
match3,mechanic,8215960,Семейный Городок,Three in a row,weak,genre_weak:Three in a row,18376,2022-11-03,1413,3728,2077,185,1
match3,mechanic,51492686,Линии Шарики 98 - пять в ряд,Three in a row,weak,genre_weak:Three in a row,16818,2022-12-02,1384,1275,1615,1226,0
match3,mechanic,51554341,Яйца Уничтожены,Three in a row,weak,genre_weak:Three in a row,16510,2023-04-04,1261,1827,2528,785,0
match3,mechanic,51543283,Ликвидация Звезды,Three in a row,weak,genre_weak:Three in a row,16374,2023-03-13,1283,3259,997,,0
match3,mechanic,53421811,Ломай Башню - полностью!,Three in a row,weak,genre_weak:Three in a row,15678,2025-04-11,523,2706,1523,689,0
match3,mechanic,52876409,Рецепт Бармена,Three in a row,weak,genre_weak:Three in a row,15108,2025-10-13,338,,1755,,0
match3,mechanic,51729440,Фэнтези Коннект,Three in a row,weak,genre_weak:Three in a row,14313,2024-10-11,705,2420,2405,2388,0
match3,mechanic,51568330,Пузырьки Конфет,Three in a row,weak,genre_weak:Three in a row,14196,2023-03-13,1283,2257,4541,4542,0
match3,mechanic,53110303,Разомни Мозги,Three in a row,weak,genre_weak:Three in a row,13943,2025-02-20,573,1838,2024,1957,0
match3,mechanic,51543289,Мастер Ликвидации,Three in a row,weak,genre_weak:Three in a row,13012,2023-03-08,1288,2484,3432,3440,0
match3,mechanic,51703502,Шарики Соединяй по Номерам,Three in a row,weak,genre_weak:Three in a row,12939,2023-07-14,1160,4265,3742,3735,0
match3,mechanic,52876417,Я Люблю Устранение,Three in a row,weak,genre_weak:Three in a row,11860,2025-07-22,421,2088,1097,2278,0
match3,mechanic,8180503,Планета Зума,Three in a row,weak,genre_weak:Three in a row,11848,2022-05-30,1570,4507,3299,3300,0
match3,mechanic,8049649,Маджонг Сладкая пара,Three in a row,weak,genre_weak:Three in a row,10835,2022-01-14,1706,2716,2474,770,0
match3,mechanic,53612890,Поп Блоки,Three in a row,weak,genre_weak:Three in a row,10697,2025-05-26,478,3237,2253,2352,0
match3,mechanic,53038500,Спасай цветы: сортировка,Three in a row,weak,genre_weak:Three in a row,10508,2025-02-18,575,3495,2650,718,0
match3,mechanic,53026505,БаБАХ,Three in a row,weak,genre_weak:Three in a row,10496,2025-07-11,432,4227,2759,2461,0
match3,mechanic,53892645,Метатель Шариков,Three in a row,weak,genre_weak:Three in a row,10444,2025-07-11,432,3681,942,1655,0
match3,mechanic,51859640,Соединяй Шарики Линией,Three in a row,weak,genre_weak:Three in a row,10419,2024-02-19,940,2323,3298,3299,0
match3,mechanic,52010899,Тайл Мастер,Three in a row,weak,genre_weak:Three in a row,10092,2024-07-22,786,4282,1846,909,0
match3,mechanic,51548724,Невозможная 10ка,Three in a row,weak,genre_weak:Three in a row,9134,2023-02-10,1314,2624,708,853,0
match3,mechanic,51541268,Птичий остров,Three in a row,weak,genre_weak:Three in a row,9090,2023-02-02,1322,3363,663,417,0
match3,mechanic,53515711,Зверята по полочкам,Three in a row,weak,genre_weak:Three in a row,9079,2025-04-30,504,4097,2165,2789,0
match3,mechanic,51817989,Счастливого Cлияния,Three in a row,weak,genre_weak:Three in a row,8953,2024-03-05,925,1952,1329,1647,0
match3,mechanic,52913915,Коты в автобусы!,Three in a row,weak,genre_weak:Three in a row,8736,2025-02-07,586,2515,2344,173,1
match3,mechanic,8056133,Candy Blast - головоломка,Three in a row,weak,genre_weak:Three in a row,8395,2022-01-20,1700,2760,570,2301,0
match3,mechanic,51729475,Доставщик Боба-Чай,Three in a row,weak,genre_weak:Three in a row,8237,2024-09-27,719,1586,3771,3779,0
match3,mechanic,51489675,Снежный Беспредел 2023,Three in a row,weak,genre_weak:Three in a row,7975,2022-12-05,1381,3788,2697,560,0
match3,mechanic,53666703,Четыре в ряд,Three in a row,weak,genre_weak:Three in a row,7923,2025-06-05,468,3974,2218,611,0
match3,mechanic,51488918,Маджонг Кухня,Three in a row,weak,genre_weak:Three in a row,7809,2022-11-29,1387,4176,723,,0
match3,mechanic,54045061,Цветные Блоки,Three in a row,weak,genre_weak:Three in a row,7673,2025-09-08,373,1943,2320,1756,0
match3,mechanic,52068361,Ляли Поп,Three in a row,weak,genre_weak:Three in a row,7418,2024-08-05,772,1510,2719,,0
match3,mechanic,52094454,Матрешки,Three in a row,weak,genre_weak:Three in a row,6740,2024-09-02,744,2786,1389,1171,0
match3,mechanic,54027484,Сортировка: уютный порядок,Three in a row,weak,genre_weak:Three in a row,6544,2025-09-24,357,583,947,329,0
match3,mechanic,54163194,Ледяной Взрыв,Three in a row,weak,genre_weak:Three in a row,6482,2025-09-24,357,3022,2158,962,0
match3,mechanic,51729449,Сладкие Фрукты Совпадений,Three in a row,weak,genre_weak:Three in a row,6358,2024-10-11,705,,3758,3760,0
match3,mechanic,51813860,Зумбла в космосе,Three in a row,weak,genre_weak:Three in a row,6020,2023-12-13,1008,3914,4299,4299,0
match3,mechanic,53791644,Башни Тортов,Three in a row,weak,genre_weak:Three in a row,5647,2025-06-23,450,1101,1527,743,0
match3,mechanic,53624698,Зума Сокровища пиратов,Three in a row,weak,genre_weak:Three in a row,5598,2025-05-29,475,4186,1609,,0
match3,mechanic,53713131,Спаси Енотов,Three in a row,weak,genre_weak:Three in a row,5528,2025-06-09,464,3976,4524,4526,0
match3,mechanic,51832085,Приколдесные Шарики,Three in a row,weak,genre_weak:Three in a row,5320,2024-01-15,975,3379,2407,917,0
match3,mechanic,54086750,Обжора,Three in a row,weak,genre_weak:Three in a row,5143,2025-09-01,380,3992,1575,1951,0
match3,mechanic,54701847,Волшебный Лес,Three in a row,weak,genre_weak:Three in a row,5111,2026-08-13,34,4259,2714,,0
match3,mechanic,8217691,Маджонг - Японские Кланы,Three in a row,weak,genre_weak:Three in a row,4975,2022-07-13,1526,3970,4469,4480,0
match3,mechanic,52876418,Устранить Супервызов,Three in a row,weak,genre_weak:Three in a row,4679,2026-04-08,161,3172,1467,1191,0
match3,mechanic,53429374,Головоломка. Найди совпадения,Three in a row,weak,genre_weak:Three in a row,4568,2025-05-07,497,,434,1052,0
match3,mechanic,53685412,Мир Шариков,Three in a row,weak,genre_weak:Three in a row,4452,2025-06-05,468,2803,3302,3303,0
match3,mechanic,54160342,Судоку Мастерс,Three in a row,weak,genre_weak:Three in a row,4228,2025-09-22,359,2271,1253,708,0
match3,mechanic,51871400,LinkLine,Three in a row,weak,genre_weak:Three in a row,4018,2024-06-03,835,4462,4985,4985,0
match3,mechanic,54539824,Zuma Спасти лисенка,Three in a row,weak,genre_weak:Three in a row,3748,2026-04-14,155,4185,2351,,0
match3,mechanic,54121045,Я круче,Three in a row,weak,genre_weak:Three in a row,3732,2026-03-31,169,3531,689,1723,0
match3,mechanic,52539014,Лопай конфеты,Three in a row,weak,genre_weak:Three in a row,3658,2024-10-28,688,4879,4062,4063,0
match3,mechanic,52948317,Планетки,Three in a row,weak,genre_weak:Three in a row,3655,2025-02-03,590,3708,1403,2792,0
match3,mechanic,54222402,Шарики Спасатели,Three in a row,weak,genre_weak:Three in a row,3550,2025-10-20,331,4204,2502,144,1
match3,mechanic,54266190,Сочные Шарики,Three in a row,weak,genre_weak:Three in a row,3542,2025-10-27,324,,3741,3743,0
match3,mechanic,54617048,Tileswale: Школа Чародейства,Three in a row,weak,genre_weak:Three in a row,3333,2026-06-16,92,3429,664,874,0
match3,mechanic,52446922,Мама и Дочка: Модные Пузыри,Three in a row,weak,genre_weak:Three in a row,3266,2024-11-13,672,,3765,3733,0
match3,mechanic,54504594,Три Плитки в мире Хеллоуин,Three in a row,weak,genre_weak:Three in a row,3217,2026-03-27,173,4424,1456,768,0
match3,mechanic,51470385,Одинаковые Шары,Three in a row,weak,genre_weak:Three in a row,3034,2022-11-11,1405,4196,3887,3894,0
match3,mechanic,52207855,Милые Мордашки: Сортировка,Three in a row,weak,genre_weak:Three in a row,2734,2024-08-27,750,3011,4273,4273,0
match3,mechanic,54208550,Танчики Маджонг,Three in a row,weak,genre_weak:Three in a row,2661,2025-10-14,337,3863,4358,4350,0
match3,mechanic,54051783,Numberzilla,Three in a row,weak,genre_weak:Three in a row,2523,2025-08-19,393,2865,3442,3425,0
match3,mechanic,52308664,Шарики Про,Three in a row,weak,genre_weak:Three in a row,2458,2024-09-24,722,4457,4040,4050,0
match3,mechanic,53935012,Бабл-Буп Фиш!,Three in a row,weak,genre_weak:Three in a row,2240,2025-07-22,421,2192,3624,3602,0
match3,mechanic,54209536,Мастер Слияния,Three in a row,weak,genre_weak:Three in a row,2217,2025-10-14,337,3939,4423,4424,0
match3,mechanic,52876419,Цветочная Сага,Three in a row,weak,genre_weak:Three in a row,2001,2025-11-11,309,3216,3147,3148,0
match3,mechanic,51895922,Взрывные шары,Three in a row,weak,genre_weak:Three in a row,1972,2024-04-09,890,4001,4060,4061,0
match3,mechanic,54195270,Пятнашки,Three in a row,weak,genre_weak:Three in a row,1880,2025-10-08,343,3688,4625,4627,0
match3,mechanic,51882580,Цветной бум - шары в ряд,Three in a row,weak,genre_weak:Three in a row,1492,2024-03-20,910,3416,4167,4168,0
match3,mechanic,54013309,Плиточки,Three in a row,weak,genre_weak:Three in a row,1245,2025-08-11,401,3434,4197,4201,0
match3,mechanic,51556993,Beauty Fantasy Zen & Makeover,Three in a row,weak,genre_weak:Three in a row,1221,2023-04-27,1238,4654,2728,2253,0
match3,mechanic,52894088,Мастер Ловли Питомцев,Three in a row,weak,genre_weak:Three in a row,945,2026-07-16,62,1803,3368,3411,0
match3,mechanic,52898214,Мой Фруктовый Магазин,Three in a row,weak,genre_weak:Three in a row,934,2026-07-10,68,2396,3745,3747,0
match3,mechanic,54752934,Приключения Джелли,Three in a row,weak,genre_weak:Three in a row,832,2026-09-15,1,43,,3803,1
match3,mechanic,54575150,Лесной 3D маджонг,Three in a row,weak,genre_weak:Three in a row,697,2026-05-21,118,2674,3144,3145,0
match3,mechanic,7162962,Драконьи Кубики(Dragon Blocks),Three in a row,weak,genre_weak:Three in a row,620,2019-10-12,2531,4873,4052,4053,0
match3,mechanic,54702502,Бум Кубики,Three in a row,weak,genre_weak:Three in a row,513,2026-08-14,33,1961,4133,4134,0
match3,mechanic,54643503,Шарики классические,Three in a row,weak,genre_weak:Three in a row,512,2026-07-02,76,3281,3803,3813,0
match3,mechanic,54401577,Умный Садовник,Three in a row,weak,genre_weak:Three in a row,289,2026-01-12,247,2621,4307,4307,0
match3,mechanic,7551065,Lines,Three in a row,weak,genre_weak:Three in a row,148,2026-04-08,161,3366,3856,3863,0
match3,mechanic,52462690,Собери Три Карты,Three in a row,weak,genre_weak:Three in a row,137,2024-10-11,705,4782,4375,4333,0
puzzle_combat_roguelite,theme_combo,3579245,Блокада,3D shooter,strong,puzzle<mechanic:extra_block_hexa>; theme<desc:сражени>,8206649,2013-04-20,4897,585,3564,3574,0
puzzle_combat_roguelite,theme_combo,8211361,Epic Merge,Strategy,strong,puzzle<mechanic:merge>; theme<desc:сражай>,488350,2022-07-29,1510,62,79,285,1
puzzle_combat_roguelite,theme_combo,51487474,Время Героев: Три в ряд RPG,Three in a row,strong,puzzle<genre:Three in a row>; theme<title:rpg>,408481,2022-11-30,1386,216,49,43,1
puzzle_combat_roguelite,theme_combo,8133714,Небеса,Three in a row,strong,puzzle<genre:Three in a row>; theme<desc:сражени>,372435,2022-06-06,1563,491,210,214,1
puzzle_combat_roguelite,theme_combo,51522674,Блоквест,Puzzle,strong,puzzle<genre:Puzzle>; theme<desc:монстр>,353223,2023-02-15,1309,110,114,500,1
puzzle_combat_roguelite,theme_combo,7016437,🧨Герои Три в Ряд!,Three in a row,strong,puzzle<genre:Three in a row>; theme<desc:сражени>,288977,2019-06-20,2645,1802,209,,1
puzzle_combat_roguelite,theme_combo,53448227,Гранд Тур: Гонки Матч 2,Three in a row,strong,puzzle<genre:Three in a row>; theme<desc:rpg>,173954,2025-12-26,264,29,221,178,1
puzzle_combat_roguelite,theme_combo,7725851,Магический мир,Three in a row,strong,puzzle<genre:Three in a row>; theme<desc:битвы>,120166,2021-02-11,2043,457,235,120,1
puzzle_combat_roguelite,theme_combo,53056123,Майн 3D,Adventure,strong,puzzle<mechanic:extra_hidden_object_differences>; theme<desc:сражат>,102196,2025-03-06,559,399,551,,0
puzzle_combat_roguelite,theme_combo,52102698,Лудус - PvP игра Стратегия,Strategy,strong,puzzle<mechanic:merge>; theme<title:pvp>,93087,2024-08-16,761,3657,1738,1808,0
puzzle_combat_roguelite,theme_combo,51926885,Block Tanks: Строй и Сражайся,Arcade,strong,puzzle<mechanic:extra_block_hexa>; theme<title:сражай>,83396,2024-07-26,782,318,1779,467,0
puzzle_combat_roguelite,theme_combo,51816696,Невероятный Человек-Паук,Puzzle,strong,puzzle<genre:Puzzle>; theme<desc:монстр>,60215,2024-01-12,978,831,1153,,0
puzzle_combat_roguelite,theme_combo,52440823,Дракон и Енот Мердж Мастер,Economic,strong,puzzle<mechanic:merge>; theme<desc:врагов>,59874,2024-11-29,656,883,2267,357,0
puzzle_combat_roguelite,theme_combo,8146065,Природа атакует,Strategy,strong,puzzle<mechanic:merge>; theme<desc:защиту башн>,53876,2022-05-17,1583,1667,1765,1918,0
puzzle_combat_roguelite,theme_combo,54463056,Найди все Отличия Онлайн,Puzzle,strong,puzzle<genre:Puzzle>; theme<desc:pvp>,53127,2026-03-10,190,194,349,57,1
puzzle_combat_roguelite,theme_combo,52639869,Битва умов,Puzzle,strong,puzzle<genre:Puzzle>; theme<title:битва>,48745,2024-11-08,677,1106,2426,1671,0
puzzle_combat_roguelite,theme_combo,53580294,Твой Обби Побег,Arcade,strong,puzzle<mechanic:extra_hidden_object_differences>; theme<desc:монстр>,44368,2026-01-12,247,258,666,306,1
puzzle_combat_roguelite,theme_combo,7923311,Турнир: 5 вопросов,Puzzle,strong,puzzle<genre:Puzzle>; theme<desc:битва>,43200,2021-09-16,1826,2829,2361,2312,0
puzzle_combat_roguelite,theme_combo,51588239,Охотничья война,3D shooter,strong,puzzle<mechanic:extra_hidden_object_differences>; theme<desc:врагов>,39906,2024-11-05,680,1183,1991,,0
puzzle_combat_roguelite,theme_combo,52402295,Три в ряд. Фабрика слияний,Three in a row,strong,puzzle<genre:Three in a row>; theme<desc:монстр>,38706,2024-10-04,712,1577,1493,245,1
puzzle_combat_roguelite,theme_combo,53519106,Коты Разрушители,Simulator,strong,puzzle<mechanic:merge>; theme<desc:врагов>,36704,2025-05-05,499,1248,1310,,0
puzzle_combat_roguelite,theme_combo,54401028,Сокровища Принца,Three in a row,strong,puzzle<genre:Three in a row>; theme<desc:сражай>,34536,2025-12-23,267,2490,1294,,0
puzzle_combat_roguelite,theme_combo,8205529,Клад: Найди слова,Word game,strong,puzzle<mechanic:extra_hidden_object_differences>; theme<desc:битве>,32785,2022-06-29,1540,4337,4237,4229,0
puzzle_combat_roguelite,theme_combo,54259960,БлокБаттл,3D shooter,strong,puzzle<mechanic:extra_block_hexa>; theme<desc:сражай>,30564,2025-11-05,315,,2205,1270,0
puzzle_combat_roguelite,theme_combo,53043222,Кубический Рубеж: Зомби Обби,Strategy,strong,puzzle<mechanic:merge>; theme<desc:орды>,29074,2025-02-11,582,739,2107,,0
puzzle_combat_roguelite,theme_combo,53803962,Внимательный снайпер,Puzzle,strong,puzzle<genre:Puzzle>; theme<desc:врагов>,26966,2025-07-29,414,4795,2207,839,0
puzzle_combat_roguelite,theme_combo,8122822,Мэри Ран,Hyper-casual,strong,puzzle<mechanic:extra_hidden_object_differences>; theme<desc:врагов>,26061,2022-04-04,1626,1790,2010,2410,0
puzzle_combat_roguelite,theme_combo,53359621,Нубик: план побега,Puzzle,strong,puzzle<genre:Puzzle>; theme<desc:врагов>,20890,2025-04-01,533,2343,2091,1959,0
puzzle_combat_roguelite,theme_combo,51919800,Пузырьковый Шутер,Arcade,strong,puzzle<mechanic:bubble>; theme<desc:босс>,19583,2024-05-08,861,4014,2123,1859,0
puzzle_combat_roguelite,theme_combo,51918009,Войны Роботов,Racing,strong,puzzle<mechanic:screw>; theme<desc:сражат>,18997,2024-08-09,768,840,1781,,0
puzzle_combat_roguelite,theme_combo,51567810,Копатели,Adventure,strong,puzzle<mechanic:sort>; theme<desc:рогалик>,18350,2023-03-02,1294,1331,2102,,0
puzzle_combat_roguelite,theme_combo,51531575,Потерянный в неизвестности,Adventure,strong,puzzle<mechanic:extra_hidden_object_differences>; theme<desc:монстр>,17080,2023-01-23,1332,2120,2465,1205,0
puzzle_combat_roguelite,theme_combo,51749949,Нубик - Побег из Башни Тюрьмы,Puzzle,strong,puzzle<genre:Puzzle>; theme<desc:врагу>,17013,2023-09-22,1090,2288,2677,832,0
puzzle_combat_roguelite,theme_combo,53004664,Звезда Матч3 стань Чемпионом!,Three in a row,strong,puzzle<genre:Three in a row>; theme<desc:pvp>,16711,2025-03-17,548,4572,2457,2781,0
puzzle_combat_roguelite,theme_combo,8148705,"Кабаре ""Черный Конь""",Simulator,strong,puzzle<mechanic:merge>; theme<desc:монстр>,14747,2022-05-09,1591,3629,2552,2293,0
puzzle_combat_roguelite,theme_combo,54571310,Жизнь Счастливого Блока,RPG,strong,puzzle<mechanic:extra_block_hexa>; theme<desc:босс>,14569,2026-05-07,132,405,2104,129,1
puzzle_combat_roguelite,theme_combo,52807612,Найди отличия - навсегда,Puzzle,strong,puzzle<genre:Puzzle>; theme<desc:урон>,14440,2025-08-25,387,2887,1494,,0
puzzle_combat_roguelite,theme_combo,54063535,Армия Муравьёв: Соединяй,Hyper-casual,strong,puzzle<mechanic:merge>; theme<desc:босс>,14306,2025-08-21,391,1302,1720,,0
puzzle_combat_roguelite,theme_combo,53084307,Зона Мутантов: Боец с зомби,Hyper-casual,strong,puzzle<mechanic:merge>; theme<desc:босс>,13996,2025-02-17,576,549,1995,,0
puzzle_combat_roguelite,theme_combo,54134135,Странные посылки,Puzzle,strong,puzzle<genre:Puzzle>; theme<desc:враг>,13584,2025-09-11,370,2819,1133,2264,0
puzzle_combat_roguelite,theme_combo,51427204,Стикмэн: Меткий Стрелок,Puzzle,strong,puzzle<genre:Puzzle>; theme<desc:врагов>,13258,2022-09-19,1458,4751,4016,4017,0
puzzle_combat_roguelite,theme_combo,51588234,Нарисуй Оружие,Hyper-casual,strong,puzzle<mechanic:extra_picture_jigsaw>; theme<desc:врагов>,12999,2024-11-14,671,1235,1762,1103,0
puzzle_combat_roguelite,theme_combo,6000474,Техномагия,Adventure,strong,puzzle<mechanic:match3>; theme<desc:pvp>,12960,2017-05-03,3423,4700,4035,4036,0
puzzle_combat_roguelite,theme_combo,54412594,Курицы в атаке: Защита башни,Strategy,strong,puzzle<mechanic:merge>; theme<title:защита башн>,12400,2026-01-12,247,2476,2439,,0
puzzle_combat_roguelite,theme_combo,53107756,Толпа Зомбаков: Мердж,Hyper-casual,strong,puzzle<mechanic:merge>; theme<desc:монстр>,11734,2025-02-21,572,885,3459,3375,0
puzzle_combat_roguelite,theme_combo,51411960,Руны Феи,Three in a row,strong,puzzle<genre:Three in a row>; theme<desc:монстр>,11676,2022-09-06,1471,1361,3630,3643,0
puzzle_combat_roguelite,theme_combo,53053956,Собери отряд: Мердж бойцов,Puzzle,strong,puzzle<genre:Puzzle>; theme<desc:босс>,11230,2025-02-12,581,1117,2489,1101,0
puzzle_combat_roguelite,theme_combo,51723734,Твоя аниме девушка - Соединяй,Hyper-casual,strong,puzzle<mechanic:merge>; theme<desc:сражат>,11120,2023-09-15,1097,133,369,170,1
puzzle_combat_roguelite,theme_combo,52817450,Беспощадный Натиск,Puzzle,strong,puzzle<genre:Puzzle>; theme<desc:монстр>,10796,2025-08-27,385,1326,3618,3597,0
puzzle_combat_roguelite,theme_combo,51580356,Подземелья и Алмазы - 3 в ряд,Three in a row,strong,puzzle<genre:Three in a row>; theme<title:подземель>,10278,2023-03-20,1276,1945,3198,3199,0
puzzle_combat_roguelite,theme_combo,8054181,Candy Monster - три в ряд,Three in a row,strong,puzzle<genre:Three in a row>; theme<desc:монстр>,10012,2022-01-19,1701,4338,2204,870,0
puzzle_combat_roguelite,theme_combo,53004800,Битва на Гексах,Hyper-casual,strong,puzzle<mechanic:extra_block_hexa>; theme<title:битва>,9912,2025-02-05,588,966,3893,3901,0
puzzle_combat_roguelite,theme_combo,7814363,Монстр Слайд,Puzzle,strong,puzzle<genre:Puzzle>; theme<title:монстр>,8410,2021-04-05,1990,3590,4983,4983,0
puzzle_combat_roguelite,theme_combo,53581245,100 Дверей: Вокруг света,Puzzle,strong,puzzle<genre:Puzzle>; theme<desc:монстр>,8244,2025-07-25,418,1881,1664,,0
puzzle_combat_roguelite,theme_combo,8216701,🧱Лабиринт,Puzzle,strong,puzzle<genre:Puzzle>; theme<desc:врагов>,7858,2022-08-10,1498,4793,2029,837,0
puzzle_combat_roguelite,theme_combo,54626694,Игра в числа: чиселки,Puzzle,strong,puzzle<genre:Puzzle>; theme<desc:pvp>,7360,2026-06-15,93,3305,3408,3392,0
puzzle_combat_roguelite,theme_combo,52188174,Летный Отряд Агентов,Hyper-casual,strong,puzzle<mechanic:extra_hidden_object_differences>; theme<desc:врага>,7102,2024-12-16,639,1552,2848,2852,0
puzzle_combat_roguelite,theme_combo,54231100,ШАШКИ На Машинах по Москве,Racing,strong,puzzle<mechanic:extra_tile_mahjong>; theme<desc:сражай>,6375,2025-10-13,338,767,3668,3664,0
puzzle_combat_roguelite,theme_combo,4693053,Mortal Kombat 2 Quest,Simulator,strong,puzzle<mechanic:match3>; theme<desc:rpg>,5908,2020-08-30,2208,3197,3296,3297,0
puzzle_combat_roguelite,theme_combo,51815168,Битва Монстров: Слияние,Hyper-casual,strong,puzzle<mechanic:merge>; theme<title:битва>,5814,2024-01-15,975,2083,568,2372,0
puzzle_combat_roguelite,theme_combo,53111918,Спрунки - слияние. Хоррор мод,Hyper-casual,strong,puzzle<mechanic:merge>; theme<desc:монстр>,5721,2025-02-21,572,1888,2565,1183,0
puzzle_combat_roguelite,theme_combo,51795788,Magnetic против бандитов,Puzzle,strong,puzzle<genre:Puzzle>; theme<desc:враги>,5598,2023-11-28,1023,3847,4026,4027,0
puzzle_combat_roguelite,theme_combo,53624698,Зума Сокровища пиратов,Three in a row,strong,puzzle<genre:Three in a row>; theme<desc:сражени>,5598,2025-05-29,475,4186,1609,,0
puzzle_combat_roguelite,theme_combo,54703918,Бравл Старс: Мерж Бравлы,Arcade,strong,puzzle<mechanic:merge>; theme<desc:битвы>,5575,2026-08-12,35,1269,2600,657,0
puzzle_combat_roguelite,theme_combo,8118150,🐯Зверята - головоломка,Puzzle,strong,puzzle<genre:Puzzle>; theme<desc:подземель>,5410,2022-03-29,1632,2593,4969,4969,0
puzzle_combat_roguelite,theme_combo,54723060,Зомби: Слияние Оружия,Arcade,strong,puzzle<mechanic:merge>; theme<desc:урон>,5247,2026-08-28,19,306,847,418,0
puzzle_combat_roguelite,theme_combo,54701847,Волшебный Лес,Three in a row,strong,puzzle<genre:Three in a row>; theme<desc:босс>,5111,2026-08-13,34,4259,2714,,0
puzzle_combat_roguelite,theme_combo,54417459,Защитники: Слияние,Strategy,strong,puzzle<mechanic:merge>; theme<desc:сражени>,5068,2026-01-22,237,,2311,,0
puzzle_combat_roguelite,theme_combo,54695570,Прокачка Пушек: Брейнроты,Arcade,strong,puzzle<mechanic:merge>; theme<desc:босс>,4947,2026-07-30,48,1616,3609,3520,0
puzzle_combat_roguelite,theme_combo,54582396,Герои Стихий: РПГ Три в ряд,Three in a row,strong,puzzle<genre:Three in a row>; theme<title:рпг>,4881,2026-07-31,47,3977,376,583,0
puzzle_combat_roguelite,theme_combo,51702757,Монстры: Объединяй Блоки,Puzzle,strong,puzzle<genre:Puzzle>; theme<title:монстр>,4431,2023-07-14,1160,4493,3241,3242,0
puzzle_combat_roguelite,theme_combo,54483973,Book Guesser Royale,Puzzle,strong,puzzle<genre:Puzzle>; theme<desc:битве>,4199,2026-03-18,182,4907,454,634,0
puzzle_combat_roguelite,theme_combo,54577917,Мем Бравл: Симулятор Слияния,Simulator,strong,puzzle<mechanic:merge>; theme<desc:pvp>,4158,2026-05-22,117,3917,482,857,0
puzzle_combat_roguelite,theme_combo,54410638,Пираты: Слияние силы,Strategy,strong,puzzle<mechanic:merge>; theme<desc:врагов>,3772,2025-12-30,260,,2301,1012,0
puzzle_combat_roguelite,theme_combo,54721308,Соединяй Ракеты: Обби,Arcade,strong,puzzle<mechanic:merge>; theme<desc:урон>,3759,2026-08-19,28,3628,1598,2285,0
puzzle_combat_roguelite,theme_combo,54175144,Бабл Дуэль: PvP головоломка,Puzzle,strong,puzzle<genre:Puzzle>; theme<title:pvp>,3428,2025-10-07,344,1505,3380,3389,0
puzzle_combat_roguelite,theme_combo,54722223,Blind Echo,Puzzle,strong,puzzle<genre:Puzzle>; theme<desc:монстр>,3314,2026-08-27,20,691,406,461,0
puzzle_combat_roguelite,theme_combo,54561700,Gravity Raider,Racing,strong,puzzle<mechanic:extra_picture_jigsaw>; theme<desc:босс>,3097,2026-05-14,125,2528,3641,3645,0
puzzle_combat_roguelite,theme_combo,54556370,Найди Капибару: Долина Монстр,Arcade,strong,puzzle<mechanic:extra_hidden_object_differences>; theme<title:монстр>,3067,2026-06-04,104,925,4634,4636,0
puzzle_combat_roguelite,theme_combo,53339067,Рикошет: охота на монстров,Puzzle,strong,puzzle<genre:Puzzle>; theme<title:монстр>,2946,2025-04-04,530,3433,2571,883,0
puzzle_combat_roguelite,theme_combo,54718363,Бунт. Блок Ч,3D shooter,strong,puzzle<mechanic:extra_block_hexa>; theme<desc:сражай>,2928,2026-08-18,29,3690,1668,2677,0
puzzle_combat_roguelite,theme_combo,53572069,2048 - Разрушение блоков,Hyper-casual,strong,puzzle<mechanic:merge>; theme<desc:урон>,2905,2025-05-16,488,3145,738,2295,0
puzzle_combat_roguelite,theme_combo,54683518,Мастер колец,Arcade,strong,puzzle<mechanic:match3>; theme<desc:битвы>,2576,2026-07-30,48,4958,4248,4248,0
puzzle_combat_roguelite,theme_combo,51747522,idle crushing block,Hyper-casual,strong,puzzle<mechanic:extra_block_hexa>; theme<desc:босс>,2495,2023-09-12,1100,1813,3592,3568,0
puzzle_combat_roguelite,theme_combo,5170657,Star Wars Heroes,Three in a row,strong,puzzle<genre:Three in a row>; theme<desc:rpg>,2483,2016-02-04,3877,3916,4245,4245,0
puzzle_combat_roguelite,theme_combo,54101041,Merge Auto: Империя Гонок,Racing,strong,puzzle<mechanic:merge>; theme<desc:монстр>,2470,2025-10-20,331,,2983,2985,0
puzzle_combat_roguelite,theme_combo,54407509,Зума путь дракона,Three in a row,strong,puzzle<genre:Three in a row>; theme<desc:босс>,2289,2026-04-15,154,4255,3657,3686,0
puzzle_combat_roguelite,theme_combo,54699415,Synergrid блок пазл и рогалик,Hyper-casual,strong,puzzle<mechanic:extra_block_hexa>; theme<title:рогалик>,2145,2026-08-06,41,2961,2055,974,0
puzzle_combat_roguelite,theme_combo,8114033,Bubbles-Monsters,Hyper-casual,strong,puzzle<mechanic:bubble>; theme<desc:монстр>,2119,2022-03-28,1633,4819,4864,4865,0
puzzle_combat_roguelite,theme_combo,51729254,Hell Sweep,Hyper-casual,strong,puzzle<mechanic:merge>; theme<desc:рогалик>,2100,2023-10-24,1058,2570,2731,944,0
puzzle_combat_roguelite,theme_combo,53241718,Битва умов,Puzzle,strong,puzzle<genre:Puzzle>; theme<title:битва>,1974,2025-03-13,552,2668,4628,4630,0
puzzle_combat_roguelite,theme_combo,54723945,Арквел,Three in a row,strong,puzzle<genre:Three in a row>; theme<desc:сражай>,1859,2026-08-24,23,4576,2241,550,0
puzzle_combat_roguelite,theme_combo,54596100,Ужасные Слова,Puzzle,strong,puzzle<genre:Puzzle>; theme<desc:монстр>,1746,2026-05-26,113,2984,4164,4165,0
puzzle_combat_roguelite,theme_combo,54102266,Соединяй Книга Монстров,Puzzle,strong,puzzle<genre:Puzzle>; theme<title:монстр>,1609,2025-09-04,377,1671,4217,4218,0
puzzle_combat_roguelite,theme_combo,51887530,Битва Слов,Puzzle,strong,puzzle<genre:Puzzle>; theme<title:битва>,1558,2025-05-14,490,2214,3789,3798,0
puzzle_combat_roguelite,theme_combo,53981531,Волшебная Сага: Три в ряд,Three in a row,strong,puzzle<genre:Three in a row>; theme<desc:сражени>,1548,2025-08-18,394,3766,3422,3398,0
puzzle_combat_roguelite,theme_combo,53198099,Мастер по плиточкам: 3-в-ряд,Three in a row,strong,puzzle<genre:Three in a row>; theme<desc:монстр>,1538,2025-04-09,525,3962,4490,4492,0
puzzle_combat_roguelite,theme_combo,52936577,Пулемёрджики,Hyper-casual,strong,puzzle<mechanic:merge>; theme<desc:монстр>,1535,2025-07-15,428,1918,4696,4698,0
puzzle_combat_roguelite,theme_combo,52803377,Битва По Слайд-Пазлам,Hyper-casual,strong,puzzle<mechanic:extra_picture_jigsaw>; theme<title:битва>,1428,2026-05-08,131,1694,2833,2837,0
puzzle_combat_roguelite,theme_combo,54619918,Lord of the Tiles,Simulator,strong,puzzle<mechanic:extra_tile_mahjong>; theme<desc:врагов>,1145,2026-07-02,76,4419,4506,4508,0
puzzle_combat_roguelite,theme_combo,51938833,Странное Место,Puzzle,strong,puzzle<genre:Puzzle>; theme<desc:монстр>,1098,2024-06-04,834,4408,4451,4462,0
puzzle_combat_roguelite,theme_combo,54691613,Герои: Битва в руинах,Strategy,strong,puzzle<mechanic:extra_block_hexa>; theme<title:битва>,1084,2026-09-03,13,1086,1177,,0
puzzle_combat_roguelite,theme_combo,54677112,Зомби-поезд: Оборона,RPG,strong,puzzle<mechanic:merge>; theme<desc:орда>,1041,2026-08-10,37,4427,4583,4585,0
puzzle_combat_roguelite,theme_combo,54696712,Арбузик,Arcade,strong,puzzle<mechanic:merge>; theme<desc:урон>,1013,2026-08-10,37,2081,2878,2882,0
puzzle_combat_roguelite,theme_combo,54647451,Endless Dungeon: РПГ рогалик,RPG,strong,puzzle<mechanic:merge>; theme<title:dungeon>,907,2026-07-22,56,1575,2747,1010,0
puzzle_combat_roguelite,theme_combo,54231094,Цветной тетрис,Hyper-casual,strong,puzzle<mechanic:extra_block_hexa>; theme<desc:урон>,841,2025-10-13,338,2749,3074,3076,0
puzzle_combat_roguelite,theme_combo,54711115,Маджонг - классический пасьян,Puzzle,strong,puzzle<genre:Puzzle>; theme<desc:pvp>,677,2026-08-11,36,4514,3287,3254,0
puzzle_combat_roguelite,theme_combo,54580672,Линия славы: Арена,Three in a row,strong,puzzle<genre:Three in a row>; theme<desc:pvp>,623,2026-06-01,107,2615,2732,794,0
puzzle_combat_roguelite,theme_combo,7925843,Multitask Tower Defense,Puzzle,strong,puzzle<genre:Puzzle>; theme<title:tower defen>,556,2021-08-15,1858,4710,4003,4004,0
puzzle_combat_roguelite,theme_combo,54051647,Сбрось число,Puzzle,strong,puzzle<genre:Puzzle>; theme<desc:сражай>,524,2025-08-18,394,3707,3306,3307,0
puzzle_combat_roguelite,theme_combo,54585243,Крестики-нолики Сдвиг по фазе,Tabletop game,strong,puzzle<mechanic:match3>; theme<desc:битва>,521,2026-05-26,113,3282,3834,3801,0
puzzle_combat_roguelite,theme_combo,52763208,ДзенРелакс. Трагедия биомассы,Puzzle,strong,puzzle<genre:Puzzle>; theme<desc:монстр>,490,2024-12-11,644,2496,3527,3502,0
puzzle_combat_roguelite,theme_combo,54691983,Элементарные кубики,Tabletop game,strong,puzzle<mechanic:extra_block_hexa>; theme<desc:урон>,157,2026-08-05,42,,4181,4182,0
puzzle_combat_roguelite,theme_combo,54722196,БлокБитва,Puzzle,strong,puzzle<genre:Puzzle>; theme<title:битва>,147,2026-09-09,7,2688,3091,3092,0
puzzle_combat_roguelite,theme_combo,53863334,Цветные кубы: Битва за поле,Puzzle,strong,puzzle<genre:Puzzle>; theme<title:битва>,47,2025-10-21,330,4018,4734,4726,0
puzzle_combat_roguelite,theme_combo,4670469,Слово за слово,Word game,weak,puzzle<desc_weak:головолом>; theme<desc:битва>,4000954,2015-02-10,4236,628,69,492,1
puzzle_combat_roguelite,theme_combo,6830710,🍒Сахарные Герои: три-в-ряд,Three in a row,weak,puzzle<genre:Three in a row>; theme<title_weak:герои>,517639,2019-01-25,2791,1150,145,662,1
puzzle_combat_roguelite,theme_combo,51804572,Викторина - Битва Умов,Word game,weak,puzzle<desc_weak:уровней сложност>; theme<title:битва>,430659,2023-11-30,1021,261,211,474,1
puzzle_combat_roguelite,theme_combo,7495803,Blockpost Mobile,3D shooter,weak,puzzle<mechanic:extra_block_hexa>; theme<desc_weak:оружи>,360591,2020-09-11,2196,573,697,,0
puzzle_combat_roguelite,theme_combo,52204125,Легенда о грибах,Hyper-casual,weak,puzzle<desc_weak:головолом>; theme<desc:врагов>,184681,2024-09-20,726,,1551,2681,0
puzzle_combat_roguelite,theme_combo,7627215,Спаси героя,Puzzle,weak,puzzle<genre:Puzzle>; theme<title_weak:героя>,82653,2020-11-06,2140,3819,3716,3727,0
puzzle_combat_roguelite,theme_combo,51836857,Чайная Война С Молоком,Three in a row,weak,puzzle<genre:Three in a row>; theme<title_weak:война>,80962,2024-09-10,736,316,1491,,0
puzzle_combat_roguelite,theme_combo,52675454,Стратегия войны,Strategy,weak,puzzle<desc_weak:уровни сложност>; theme<desc:сражат>,65574,2024-11-14,671,351,897,,0
puzzle_combat_roguelite,theme_combo,6856353,Wings of War:Modern Warplanes,Simulator,weak,puzzle<desc_weak:головолом>; theme<desc:врага>,47852,2019-03-11,2746,1783,2579,,0
puzzle_combat_roguelite,theme_combo,8011344,Спаси Героя и Принцессу 👸,Puzzle,weak,puzzle<genre:Puzzle>; theme<title_weak:героя>,42224,2021-11-29,1752,1969,4333,4334,0
puzzle_combat_roguelite,theme_combo,52526972,Адский Парк: Мердж Фестиваль,Puzzle,weak,puzzle<genre:Puzzle>; theme<desc_weak:демон>,41184,2024-11-11,674,4544,2395,1770,0
puzzle_combat_roguelite,theme_combo,51568364,Портал Времени,Adventure,weak,puzzle<desc_weak:головолом>; theme<desc:врагов>,39477,2023-05-10,1225,2873,2322,2717,0
puzzle_combat_roguelite,theme_combo,53917906,Бу Испугался 7: Лето,Adventure,weak,puzzle<desc_weak:головолом>; theme<desc:враги>,37696,2025-07-17,426,674,1616,,0
puzzle_combat_roguelite,theme_combo,8222423,Спасение Героя,Hyper-casual,weak,puzzle<desc_weak:головолом>; theme<title_weak:героя>,30942,2022-08-05,1503,1562,1946,1938,0
puzzle_combat_roguelite,theme_combo,51807037,Приключение Шарика,Adventure,weak,puzzle<desc_weak:головолом>; theme<desc:монстр>,25794,2023-12-04,1017,2090,2007,2252,0
puzzle_combat_roguelite,theme_combo,54435107,Путь Героя,Puzzle,weak,puzzle<genre:Puzzle>; theme<title_weak:героя>,24885,2026-07-02,76,97,479,167,1
puzzle_combat_roguelite,theme_combo,54673712,Рисуй и Прячься,Arcade,weak,puzzle<mechanic:extra_picture_jigsaw>; theme<desc_weak:оружи>,24766,2026-08-13,34,784,1015,162,1
puzzle_combat_roguelite,theme_combo,8185383,Линия Войны,Hyper-casual,weak,puzzle<desc_weak:головолом>; theme<desc:врагов>,23103,2022-08-11,1497,2307,2459,1754,0
puzzle_combat_roguelite,theme_combo,51731336,Лабиринт: побег от монстра,Arcade,weak,puzzle<desc_weak:головолом>; theme<title:монстр>,21222,2023-08-18,1125,2689,2365,2770,0
puzzle_combat_roguelite,theme_combo,54310379,Обби: 1 Прыжок за Клик,Arcade,weak,puzzle<desc_weak:головолом>; theme<desc_weak:прокачка персонаж>,21093,2025-11-11,309,881,1105,,0
puzzle_combat_roguelite,theme_combo,51493047,Драконы И Воины,Hyper-casual,weak,puzzle<mechanic:extra_hidden_object_differences>; theme<title_weak:воин>,18773,2023-01-25,1330,1760,783,1018,0
puzzle_combat_roguelite,theme_combo,52733866,Футбольное Пенальти,Simulator,weak,puzzle<desc_weak:уровни сложност>; theme<desc:монстр>,18258,2024-11-21,664,2002,2582,,0
puzzle_combat_roguelite,theme_combo,53543089,Домино Ру,Tabletop game,weak,puzzle<desc_weak:уровней сложност>; theme<desc:сражай>,18236,2025-05-12,492,516,1308,183,1
puzzle_combat_roguelite,theme_combo,51935006,Бункер 23,Adventure,weak,puzzle<desc_weak:головолом>; theme<desc:врагов>,17586,2024-06-04,834,4364,4328,4329,0
puzzle_combat_roguelite,theme_combo,8152342,Drawmaster,Hyper-casual,weak,puzzle<desc_weak:головолом>; theme<desc:врага>,15672,2022-05-07,1593,2951,2694,919,0
puzzle_combat_roguelite,theme_combo,51678453,Файтинг Z,Arcade,weak,puzzle<desc_weak:уровня сложност>; theme<desc:битву>,15587,2023-06-20,1184,3055,2610,1926,0
puzzle_combat_roguelite,theme_combo,51668794,Робин Гуд!,Puzzle,weak,puzzle<genre:Puzzle>; theme<desc_weak:оружи>,15539,2023-06-07,1197,4289,2768,913,0
puzzle_combat_roguelite,theme_combo,51699240,Импостер среди нас - Побег,Arcade,weak,puzzle<desc_weak:головолом>; theme<desc:врагов>,12290,2023-07-10,1164,1338,4637,4639,0
puzzle_combat_roguelite,theme_combo,8180503,Планета Зума,Three in a row,weak,puzzle<genre:Three in a row>; theme<desc_weak:оружи>,11848,2022-05-30,1570,4507,3299,3300,0
puzzle_combat_roguelite,theme_combo,51629175,Атомное слияние,Hyper-casual,weak,puzzle<mechanic:merge>; theme<desc_weak:оружи>,9334,2023-05-02,1233,2658,2396,1686,0
puzzle_combat_roguelite,theme_combo,54427569,Block Sniper,Arcade,weak,puzzle<mechanic:extra_block_hexa>; theme<desc_weak:оружи>,8615,2026-01-22,237,680,1407,,0
puzzle_combat_roguelite,theme_combo,53987709,Crime Simulator,Simulator,weak,puzzle<mechanic:extra_hidden_object_differences>; theme<desc_weak:оружи>,7456,2025-08-01,411,1078,1639,,0
puzzle_combat_roguelite,theme_combo,51505551,Нубик Киллер,Puzzle,weak,puzzle<genre:Puzzle>; theme<desc_weak:зомби>,6874,2022-12-19,1367,1534,1082,595,0
puzzle_combat_roguelite,theme_combo,51718605,Нубик Рикошет,Hyper-casual,weak,puzzle<desc_weak:головолом>; theme<desc:врагов>,6129,2023-08-07,1136,1376,2483,,0
puzzle_combat_roguelite,theme_combo,54567131,Головоломка: Долби и Богатей,Hyper-casual,weak,puzzle<title:головолом>; theme<desc_weak:оружи>,6086,2026-05-05,134,3689,2543,2678,0
puzzle_combat_roguelite,theme_combo,54675804,Нубик Рогатка: Осада Монстров,Arcade,weak,puzzle<desc_weak:головолом>; theme<title:монстр>,5815,2026-07-22,56,1821,2721,1861,0
puzzle_combat_roguelite,theme_combo,53881849,Сладости для Монстра,Hyper-casual,weak,puzzle<desc_weak:головолом>; theme<title:монстр>,5082,2025-07-14,429,1284,407,2362,0
puzzle_combat_roguelite,theme_combo,54519087,Прятки в блок крафт,Arcade,weak,puzzle<mechanic:extra_block_hexa>; theme<desc_weak:зомби>,5051,2026-04-03,166,855,1681,,0
puzzle_combat_roguelite,theme_combo,53092945,Разборки Обезьян,3D shooter,weak,puzzle<desc_weak:головолом>; theme<desc:врагов>,4649,2025-02-18,575,984,3481,3489,0
puzzle_combat_roguelite,theme_combo,8143757,Защитник 2048 - Merge Puzzle,Hyper-casual,weak,puzzle<mechanic:merge>; theme<title_weak:защитник>,3997,2022-05-18,1582,4480,4766,4767,0
puzzle_combat_roguelite,theme_combo,51811760,Красный Мяч - Зима,Arcade,weak,puzzle<desc_weak:головолом>; theme<desc:монстр>,3895,2023-12-11,1010,2738,4663,4665,0
puzzle_combat_roguelite,theme_combo,54658940,Девять жизней,Simulator,weak,puzzle<desc_weak:головолом>; theme<desc:босс>,3751,2026-07-07,71,4369,1596,970,0
puzzle_combat_roguelite,theme_combo,54426780,Бильярд 3D: Пул 8 и 9,Tabletop game,weak,puzzle<desc_weak:уровня сложност>; theme<desc:сражай>,3088,2026-01-22,237,1349,2125,538,0
puzzle_combat_roguelite,theme_combo,8221441,Хитмэн: Быстрее Пули,Hyper-casual,weak,puzzle<desc_weak:головолом>; theme<desc:врагов>,2908,2022-07-22,1517,2249,4829,4830,0
puzzle_combat_roguelite,theme_combo,54729819,Наши герои,Puzzle,weak,puzzle<genre:Puzzle>; theme<title_weak:герои>,2702,2026-09-02,14,1755,426,1286,0
puzzle_combat_roguelite,theme_combo,54665669,Gravity Ball,Arcade,weak,puzzle<desc_weak:головолом>; theme<desc:босс>,2682,2026-07-16,62,4736,2026,894,0
puzzle_combat_roguelite,theme_combo,54379839,Словослов,Word game,weak,puzzle<desc_weak:головолом>; theme<desc:tower defen>,2239,2025-12-09,281,4046,4738,4739,0
puzzle_combat_roguelite,theme_combo,51863326,Супергерой - Пуля,Hyper-casual,weak,puzzle<desc_weak:головолом>; theme<desc:врагов>,2102,2024-02-26,933,2730,4723,4700,0
puzzle_combat_roguelite,theme_combo,51919401,Блоки Фараона - Разблокируй!,Puzzle,weak,puzzle<genre:Puzzle>; theme<desc_weak:оружи>,2097,2024-05-16,853,4657,2924,2926,0
puzzle_combat_roguelite,theme_combo,52378718,Бошки против,Arcade,weak,puzzle<desc_weak:головолом>; theme<desc:врагов>,2062,2026-04-23,146,4238,3021,3023,0
puzzle_combat_roguelite,theme_combo,54670108,Цветы против монстров,Hyper-casual,weak,puzzle<desc_weak:головолом>; theme<title:монстр>,1968,2026-07-15,63,3006,4310,4310,0
puzzle_combat_roguelite,theme_combo,54724792,Лавка Алхимика,Puzzle,weak,puzzle<genre:Puzzle>; theme<desc_weak:оружи>,1847,2026-08-31,16,1310,3899,3873,0
puzzle_combat_roguelite,theme_combo,54346417,Поэма о трамвае,Simulator,weak,puzzle<desc_weak:головолом>; theme<desc:врагов>,1749,2025-11-24,296,4575,3133,3305,0
puzzle_combat_roguelite,theme_combo,51547704,Зомби Убивашка,Puzzle,weak,puzzle<genre:Puzzle>; theme<title_weak:зомби>,1547,2023-02-10,1314,2940,3953,3954,0
puzzle_combat_roguelite,theme_combo,54198173,Гренни Хоррор: Страшный побег,RPG,weak,puzzle<desc_weak:головолом>; theme<desc:враги>,1211,2025-10-02,349,2734,4710,4712,0
puzzle_combat_roguelite,theme_combo,54555066,Кухня Компота,Economic,weak,puzzle<desc_weak:уровней сложност>; theme<desc:рогалик>,1202,2026-06-01,107,2857,3473,3380,0
puzzle_combat_roguelite,theme_combo,51995177,Танки на выживание 2D,Arcade,weak,puzzle<desc_weak:уровня сложност>; theme<desc:сражени>,1192,2024-07-18,790,2441,3022,3024,0
puzzle_combat_roguelite,theme_combo,53666491,Фруктландия: Побег из парка,Adventure,weak,puzzle<desc_weak:головолом>; theme<desc:монстр>,1038,2025-06-02,471,2469,3413,3422,0
puzzle_combat_roguelite,theme_combo,54616467,Bird Boom: Битва Миров,Arcade,weak,puzzle<desc_weak:головолом>; theme<title:битва>,850,2026-08-03,44,4651,2830,2834,0
puzzle_combat_roguelite,theme_combo,53182009,Пьяный Рэгдолл: Поход в Ларек,Arcade,weak,puzzle<desc_weak:головолом>; theme<desc:врагов>,793,2025-03-17,548,2457,2829,2824,0
puzzle_combat_roguelite,theme_combo,54643268,Эволюция: Наследие,RPG,weak,puzzle<desc_weak:головолом>; theme<desc:pvp>,283,2026-08-21,26,,2653,542,0
magic_fantasy_puzzle,theme_combo,52502367,Ёлочка 2026,Adventure,strong,puzzle<mechanic:match3>; theme<desc:волшеб>,1752031,2024-10-30,686,24,3,3,1
magic_fantasy_puzzle,theme_combo,4742046,Косынка Онлайн-Пасьянс,Tabletop game,strong,puzzle<mechanic:extra_picture_jigsaw>; theme<desc:заклина>,1368893,2015-02-10,4236,342,23,66,1
magic_fantasy_puzzle,theme_combo,7409298,Скайдом - Три в Ряд!,Three in a row,strong,puzzle<genre:Three in a row>; theme<desc:волшеб>,734523,2020-05-13,2317,2012,73,434,1
magic_fantasy_puzzle,theme_combo,53584246,Тайна Фонаря,Three in a row,strong,puzzle<genre:Three in a row>; theme<desc:магическ>,439753,2025-08-28,384,22,47,21,1
magic_fantasy_puzzle,theme_combo,6994984,Атлантида - зума,Three in a row,strong,puzzle<genre:Three in a row>; theme<desc:волшеб>,413628,2019-07-12,2623,,74,281,1
magic_fantasy_puzzle,theme_combo,8133714,Небеса,Three in a row,strong,puzzle<genre:Three in a row>; theme<desc:магическ>,372435,2022-06-06,1563,491,210,214,1
magic_fantasy_puzzle,theme_combo,5452475,Угадай 4 картинки слова викто,Puzzle,strong,puzzle<genre:Puzzle>; theme<desc:волшеб>,331226,2016-10-15,3623,1644,3409,3418,0
magic_fantasy_puzzle,theme_combo,5744979,Дача: три в ряд,Three in a row,strong,puzzle<genre:Three in a row>; theme<desc:волшеб>,317022,2017-09-12,3291,3771,99,114,1
magic_fantasy_puzzle,theme_combo,6621905,Маджонг,Tabletop game,strong,puzzle<mechanic:extra_tile_mahjong>; theme<desc:волшеб>,287901,2018-08-29,2940,1152,944,584,0
magic_fantasy_puzzle,theme_combo,8207300,Мир Чудес: Слияние и Магия,Economic,strong,puzzle<mechanic:merge>; theme<title:магия>,229963,2022-07-27,1512,438,110,45,1
magic_fantasy_puzzle,theme_combo,51773566,Маджонг Онлайн,Tabletop game,strong,puzzle<mechanic:extra_tile_mahjong>; theme<desc:заклина>,171354,2023-12-07,1014,1104,125,87,1
magic_fantasy_puzzle,theme_combo,7139584,🌈Секреты Шармляндии,Three in a row,strong,puzzle<genre:Three in a row>; theme<desc:волшеб>,163260,2019-09-27,2546,3285,368,1278,0
magic_fantasy_puzzle,theme_combo,52348480,Морские сокровища: Три в ряд,Three in a row,strong,puzzle<genre:Three in a row>; theme<desc:магию>,151756,2024-09-30,716,243,86,176,1
magic_fantasy_puzzle,theme_combo,51541524,Алиса в стране отличий ✅,Adventure,strong,puzzle<mechanic:extra_hidden_object_differences>; theme<desc:волшеб>,144568,2023-02-22,1302,1204,811,401,0
magic_fantasy_puzzle,theme_combo,54164742,Мир Слияния,Puzzle,strong,puzzle<genre:Puzzle>; theme<desc:волшеб>,143777,2025-09-25,356,264,68,29,1
magic_fantasy_puzzle,theme_combo,51719736,Шарики Зума Стрелялки,Three in a row,strong,puzzle<genre:Three in a row>; theme<desc:магию>,136304,2023-08-03,1140,3810,495,1234,0
magic_fantasy_puzzle,theme_combo,54380425,Яга: Зелья судьбы,Puzzle,strong,puzzle<genre:Puzzle>; theme<title:яга>,129265,2026-06-24,84,122,93,36,1
magic_fantasy_puzzle,theme_combo,51900383,Соедини котиков,Hyper-casual,strong,puzzle<mechanic:bubble>; theme<desc:волшеб>,126027,2024-04-11,888,,862,,0
magic_fantasy_puzzle,theme_combo,52368582,Школа Волшебства,Economic,strong,puzzle<mechanic:merge>; theme<title:волшеб>,124242,2024-10-11,705,150,185,80,1
magic_fantasy_puzzle,theme_combo,7725851,Магический мир,Three in a row,strong,puzzle<genre:Three in a row>; theme<title:магическ>,120166,2021-02-11,2043,457,235,120,1
magic_fantasy_puzzle,theme_combo,52025299,Бесконечный Маджонг: Пасьянс,Puzzle,strong,puzzle<genre:Puzzle>; theme<desc:дракон>,100378,2024-07-29,779,559,213,,1
magic_fantasy_puzzle,theme_combo,51838091,Собери арбуз,Hyper-casual,strong,puzzle<mechanic:merge>; theme<desc:волшеб>,96685,2024-01-22,968,,906,2724,0
magic_fantasy_puzzle,theme_combo,7891261,Матч Арена - Три в Ряд!,Three in a row,strong,puzzle<genre:Three in a row>; theme<desc:магия>,92312,2021-10-08,1804,3576,223,193,1
magic_fantasy_puzzle,theme_combo,8086555,Block Magic Puzzle - Тетрис,Puzzle,strong,puzzle<genre:Puzzle>; theme<title:magic>,90545,2022-02-25,1664,3966,1058,696,0
magic_fantasy_puzzle,theme_combo,51827891,Вилла Люси,Puzzle,strong,puzzle<genre:Puzzle>; theme<desc:волшеб>,79397,2024-01-26,964,1378,590,327,0
magic_fantasy_puzzle,theme_combo,54419995,Мой Замок: Слияние и История,Puzzle,strong,puzzle<genre:Puzzle>; theme<desc:фэнтез>,78091,2026-01-22,237,40,147,88,1
magic_fantasy_puzzle,theme_combo,53173186,Потеряшки - поиск предметов,Puzzle,strong,puzzle<genre:Puzzle>; theme<desc:волшеб>,76776,2025-03-10,555,605,631,296,1
magic_fantasy_puzzle,theme_combo,7183892,Вега Микс: Зимние приключения,Three in a row,strong,puzzle<genre:Three in a row>; theme<desc:волшеб>,69115,2019-11-15,2497,4835,1395,1942,0
magic_fantasy_puzzle,theme_combo,6224767,Волшебные сказки!,Three in a row,strong,puzzle<genre:Three in a row>; theme<title:волшеб>,62729,2017-10-31,3242,4976,4019,4020,0
magic_fantasy_puzzle,theme_combo,51812942,Волшебный матч: три в ряд,Three in a row,strong,puzzle<genre:Three in a row>; theme<title:волшеб>,62310,2024-02-27,932,4425,941,513,0
magic_fantasy_puzzle,theme_combo,52440823,Дракон и Енот Мердж Мастер,Economic,strong,puzzle<mechanic:merge>; theme<title:дракон>,59874,2024-11-29,656,883,2267,357,0
magic_fantasy_puzzle,theme_combo,54184207,Волшебные Бутылки,Puzzle,strong,puzzle<genre:Puzzle>; theme<title:волшеб>,57962,2026-02-24,204,25,92,27,1
magic_fantasy_puzzle,theme_combo,51860678,Вега Микс: Сказочный городок,Three in a row,strong,puzzle<genre:Three in a row>; theme<desc:волшеб>,41089,2024-10-02,714,717,888,,0
magic_fantasy_puzzle,theme_combo,53894290,Мышонок Шон,Three in a row,strong,puzzle<genre:Three in a row>; theme<desc:фэнтез>,38180,2025-07-11,432,4511,1006,2320,0
magic_fantasy_puzzle,theme_combo,8180902,Северное слияние - тайна леса,Economic,strong,puzzle<mechanic:merge>; theme<desc:магическ>,34839,2022-08-09,1499,2694,300,60,1
magic_fantasy_puzzle,theme_combo,53526998,Остров питомцев,Puzzle,strong,puzzle<genre:Puzzle>; theme<desc:волшеб>,34339,2025-06-18,455,4846,2223,1962,0
magic_fantasy_puzzle,theme_combo,51701763,Маджонг: Игра в слова,Puzzle,strong,puzzle<genre:Puzzle>; theme<desc:волшеб>,28189,2023-09-05,1107,2517,2750,,0
magic_fantasy_puzzle,theme_combo,51559478,Пузырь Шутер,Three in a row,strong,puzzle<genre:Three in a row>; theme<desc:волшеб>,27737,2023-02-27,1297,2794,3224,3225,0
magic_fantasy_puzzle,theme_combo,51729437,Драка В Машине,Three in a row,strong,puzzle<genre:Three in a row>; theme<desc:фэнтез>,27727,2024-12-13,642,1892,2664,1727,0
magic_fantasy_puzzle,theme_combo,51895548,Маджонг - Волшебные острова,Puzzle,strong,puzzle<genre:Puzzle>; theme<title:волшеб>,27293,2024-04-23,876,2763,2090,2311,0
magic_fantasy_puzzle,theme_combo,52846615,Грибная Лихорадка три в ряд,Three in a row,strong,puzzle<genre:Three in a row>; theme<desc:волшеб>,27124,2024-12-16,639,,2421,1134,0
magic_fantasy_puzzle,theme_combo,8122822,Мэри Ран,Hyper-casual,strong,puzzle<mechanic:extra_hidden_object_differences>; theme<desc:фэнтез>,26061,2022-04-04,1626,1790,2010,2410,0
magic_fantasy_puzzle,theme_combo,8031935,Сладкий мир,Three in a row,strong,puzzle<genre:Three in a row>; theme<desc:волшеб>,25461,2022-01-14,1706,4209,2068,468,0
magic_fantasy_puzzle,theme_combo,7292231,Фэнси Бласт: сказки три в ряд,Three in a row,strong,puzzle<genre:Three in a row>; theme<desc:магическ>,23542,2020-04-03,2357,4706,2057,934,0
magic_fantasy_puzzle,theme_combo,7965168,Магия Парка Развлечений,Three in a row,strong,puzzle<genre:Three in a row>; theme<title:магия>,23423,2021-10-15,1797,4529,1840,566,0
magic_fantasy_puzzle,theme_combo,51568352,Размещение Шаров,Puzzle,strong,puzzle<genre:Puzzle>; theme<desc:волшеб>,22211,2023-03-28,1268,1567,2995,3170,0
magic_fantasy_puzzle,theme_combo,8091249,Dragon Puzzle,Three in a row,strong,puzzle<genre:Three in a row>; theme<desc:дракон>,21572,2022-03-17,1644,,2678,,0
magic_fantasy_puzzle,theme_combo,52424638,Пазл: Путь к Цвету,Puzzle,strong,puzzle<genre:Puzzle>; theme<desc:волшеб>,21237,2024-11-06,679,1814,574,,0
magic_fantasy_puzzle,theme_combo,8211681,Магический Цирк - три в ряд,Three in a row,strong,puzzle<genre:Three in a row>; theme<title:магическ>,20693,2022-07-07,1532,2459,2827,2831,0
magic_fantasy_puzzle,theme_combo,53473067,ПазлБлок,Puzzle,strong,puzzle<genre:Puzzle>; theme<desc:волшеб>,20510,2025-04-23,511,3909,1667,889,0
magic_fantasy_puzzle,theme_combo,51547981,Алмазное Рисование по Номерам,Hyper-casual,strong,puzzle<mechanic:extra_picture_jigsaw>; theme<desc:единорог>,20047,2023-02-13,1311,1508,1884,355,0
magic_fantasy_puzzle,theme_combo,51983611,Хроники Эмерланда. Пасьянс,Puzzle,strong,puzzle<genre:Puzzle>; theme<desc:магии>,18914,2024-08-06,771,3722,1342,459,0
magic_fantasy_puzzle,theme_combo,51493047,Драконы И Воины,Hyper-casual,strong,puzzle<mechanic:extra_hidden_object_differences>; theme<title:дракон>,18773,2023-01-25,1330,1760,783,1018,0
magic_fantasy_puzzle,theme_combo,53371457,Лес Изумрудов,Three in a row,strong,puzzle<genre:Three in a row>; theme<desc:волшеб>,18541,2025-04-03,531,1475,936,1017,0
magic_fantasy_puzzle,theme_combo,51625379,Number Match — игра с числами,Puzzle,strong,puzzle<genre:Puzzle>; theme<desc:магию>,18097,2023-05-10,1225,2878,3558,3534,0
magic_fantasy_puzzle,theme_combo,51643318,Оставайтесь Молодыми,Puzzle,strong,puzzle<genre:Puzzle>; theme<desc:волшеб>,17116,2023-08-31,1112,1779,3499,3509,0
magic_fantasy_puzzle,theme_combo,51625375,Подключить Мастер,Puzzle,strong,puzzle<genre:Puzzle>; theme<desc:magic>,15658,2023-05-11,1224,3475,4404,4405,0
magic_fantasy_puzzle,theme_combo,8174614,Фея сладкие шарики,Three in a row,strong,puzzle<genre:Three in a row>; theme<title:фея>,15437,2022-05-25,1575,4600,1783,1282,0
magic_fantasy_puzzle,theme_combo,53996376,Соединяша - Фруктовый Стакан,Hyper-casual,strong,puzzle<mechanic:merge>; theme<desc:магическ>,14441,2025-08-25,387,4668,2307,2389,0
magic_fantasy_puzzle,theme_combo,51729440,Фэнтези Коннект,Three in a row,strong,puzzle<genre:Three in a row>; theme<title:фэнтез>,14313,2024-10-11,705,2420,2405,2388,0
magic_fantasy_puzzle,theme_combo,54410808,Секреты Острова,Puzzle,strong,puzzle<genre:Puzzle>; theme<desc:магия>,14310,2026-01-22,237,1358,1127,1026,0
magic_fantasy_puzzle,theme_combo,51988963,Королевство: Собирай Гексы,Hyper-casual,strong,puzzle<mechanic:extra_block_hexa>; theme<desc:magic>,14229,2024-07-30,778,4201,2238,,0
magic_fantasy_puzzle,theme_combo,52813474,Магическая сортировка,Three in a row,strong,puzzle<genre:Three in a row>; theme<title:магическ>,13846,2024-12-09,646,4956,1109,890,0
magic_fantasy_puzzle,theme_combo,5507159,Слоты LiveGames,Gambling,strong,puzzle<mechanic:match3>; theme<desc:дракон>,13585,2016-06-27,3733,1651,2531,707,0
magic_fantasy_puzzle,theme_combo,54134135,Странные посылки,Puzzle,strong,puzzle<genre:Puzzle>; theme<desc:заклина>,13584,2025-09-11,370,2819,1133,2264,0
magic_fantasy_puzzle,theme_combo,54468944,Магия Цвета ✨,Puzzle,strong,puzzle<genre:Puzzle>; theme<title:магия>,13336,2026-06-05,103,980,251,28,1
magic_fantasy_puzzle,theme_combo,53021580,По полочкам: игра-сортировка,Three in a row,strong,puzzle<genre:Three in a row>; theme<desc:волшеб>,13277,2025-02-18,575,4814,1597,589,0
magic_fantasy_puzzle,theme_combo,6000474,Техномагия,Adventure,strong,puzzle<mechanic:match3>; theme<title:магия>,12960,2017-05-03,3423,4700,4035,4036,0
magic_fantasy_puzzle,theme_combo,54208351,Раскраска: рисуй по номерам,Hyper-casual,strong,puzzle<mechanic:extra_picture_jigsaw>; theme<desc:магию>,12952,2025-10-24,327,1012,1752,358,0
magic_fantasy_puzzle,theme_combo,51495445,Волшебная Кисть,Puzzle,strong,puzzle<genre:Puzzle>; theme<title:волшеб>,12741,2023-03-13,1283,3488,4661,4663,0
magic_fantasy_puzzle,theme_combo,51411960,Руны Феи,Three in a row,strong,puzzle<genre:Three in a row>; theme<title:феи>,11676,2022-09-06,1471,1361,3630,3643,0
magic_fantasy_puzzle,theme_combo,51894780,Отель Эмили. Пасьянс,Tabletop game,strong,puzzle<mechanic:extra_tile_mahjong>; theme<desc:волшеб>,11178,2024-04-17,882,2715,2655,769,0
magic_fantasy_puzzle,theme_combo,51580356,Подземелья и Алмазы - 3 в ряд,Three in a row,strong,puzzle<genre:Three in a row>; theme<desc:магическ>,10278,2023-03-20,1276,1945,3198,3199,0
magic_fantasy_puzzle,theme_combo,54698377,Ведьмочка и волшебные находки,Puzzle,strong,puzzle<genre:Puzzle>; theme<title:ведьм>,10010,2026-08-28,19,34,241,105,1
magic_fantasy_puzzle,theme_combo,54463777,Магия Блоков,Puzzle,strong,puzzle<genre:Puzzle>; theme<title:магия>,9616,2026-03-18,182,4557,1380,1646,0
magic_fantasy_puzzle,theme_combo,52851197,Маджонг - тайны пирамид,Tabletop game,strong,puzzle<mechanic:extra_tile_mahjong>; theme<desc:волшеб>,9515,2024-12-25,630,3684,2508,1718,0
magic_fantasy_puzzle,theme_combo,54007326,Волшебный особняк,Three in a row,strong,puzzle<genre:Three in a row>; theme<title:волшеб>,9425,2025-08-19,393,3674,2124,1815,0
magic_fantasy_puzzle,theme_combo,51937195,Плиточки Маджонг Три в ряд,Three in a row,strong,puzzle<genre:Three in a row>; theme<desc:магическ>,8992,2024-06-18,820,3711,3127,3128,0
magic_fantasy_puzzle,theme_combo,52052723,Мастер по Зельям 3D,Puzzle,strong,puzzle<genre:Puzzle>; theme<desc:магическ>,8864,2024-08-09,768,4804,1495,812,0
magic_fantasy_puzzle,theme_combo,53742893,Сладкое Королевство,Three in a row,strong,puzzle<genre:Three in a row>; theme<desc:волшеб>,8560,2025-06-16,457,4633,2680,,0
magic_fantasy_puzzle,theme_combo,51772653,Зумба,Puzzle,strong,puzzle<genre:Puzzle>; theme<desc:магическ>,8178,2023-12-14,1007,4132,2509,1937,0
magic_fantasy_puzzle,theme_combo,53021720,Конструктор - слайдер пазл,Puzzle,strong,puzzle<genre:Puzzle>; theme<desc:волшеб>,7420,2025-03-03,562,3220,3139,3140,0
magic_fantasy_puzzle,theme_combo,51847988,Котопазл: Лапки и сокровища,Puzzle,strong,puzzle<genre:Puzzle>; theme<desc:магии>,7115,2024-04-04,895,4662,2276,2363,0
magic_fantasy_puzzle,theme_combo,54390349,Волшебные Поляны,Three in a row,strong,puzzle<genre:Three in a row>; theme<title:волшеб>,6736,2025-12-18,272,4619,2580,,0
magic_fantasy_puzzle,theme_combo,54572646,БуквоВарь,Puzzle,strong,puzzle<genre:Puzzle>; theme<desc:алхими>,6675,2026-05-22,117,4105,2471,2270,0
magic_fantasy_puzzle,theme_combo,54571681,В поисках дракона,Three in a row,strong,puzzle<genre:Three in a row>; theme<title:дракон>,6199,2026-05-27,112,421,1685,,0
magic_fantasy_puzzle,theme_combo,54208303,Save the Mermaid,Puzzle,strong,puzzle<genre:Puzzle>; theme<desc:волшеб>,6121,2025-10-09,342,607,848,,0
magic_fantasy_puzzle,theme_combo,54381470,Волшебная Ёлка Три-в-Ряд,Three in a row,strong,puzzle<genre:Three in a row>; theme<title:волшеб>,5922,2025-12-17,273,,2169,2707,0
magic_fantasy_puzzle,theme_combo,54441697,Математический БУМ!,Puzzle,strong,puzzle<genre:Puzzle>; theme<desc:магическ>,5888,2026-02-17,211,3036,2259,809,0
magic_fantasy_puzzle,theme_combo,54543545,Уютные Пазлы,Tabletop game,strong,puzzle<mechanic:extra_picture_jigsaw>; theme<desc:фэнтез>,5733,2026-06-09,99,4659,977,2310,0
magic_fantasy_puzzle,theme_combo,54433201,Волшебный Лес - Секреты,Puzzle,strong,puzzle<genre:Puzzle>; theme<title:волшеб>,5449,2026-01-30,229,4570,2147,2767,0
magic_fantasy_puzzle,theme_combo,51528946,Волшебные пазлы,Puzzle,strong,puzzle<genre:Puzzle>; theme<title:волшеб>,5367,2023-02-28,1296,3552,4729,4730,0
magic_fantasy_puzzle,theme_combo,54701847,Волшебный Лес,Three in a row,strong,puzzle<genre:Three in a row>; theme<title:волшеб>,5111,2026-08-13,34,4259,2714,,0
magic_fantasy_puzzle,theme_combo,54519087,Прятки в блок крафт,Arcade,strong,puzzle<mechanic:extra_block_hexa>; theme<desc:дракон>,5051,2026-04-03,166,855,1681,,0
magic_fantasy_puzzle,theme_combo,51776364,Соединяй магические шарики,Puzzle,strong,puzzle<genre:Puzzle>; theme<title:магическ>,4844,2023-10-31,1051,4040,975,987,0
magic_fantasy_puzzle,theme_combo,53928815,Алхимия - Слияние элементов,Puzzle,strong,puzzle<genre:Puzzle>; theme<title:алхими>,4771,2025-12-11,279,3301,572,,0
magic_fantasy_puzzle,theme_combo,51651635,Русалочка: Вода жизни,Puzzle,strong,puzzle<genre:Puzzle>; theme<desc:волшеб>,4642,2023-05-22,1213,2960,3993,3994,0
magic_fantasy_puzzle,theme_combo,54046127,Сэндтрис,Puzzle,strong,puzzle<genre:Puzzle>; theme<desc:волшеб>,4465,2025-09-11,370,4089,799,2680,0
magic_fantasy_puzzle,theme_combo,53021792,Путешествие по Мягкому миру,Puzzle,strong,puzzle<genre:Puzzle>; theme<desc:волшеб>,4396,2025-02-25,568,3212,437,2799,0
magic_fantasy_puzzle,theme_combo,54315727,Рождественские Чудеса: Поиски,Puzzle,strong,puzzle<genre:Puzzle>; theme<desc:волшеб>,4293,2025-11-20,300,3455,553,863,0
magic_fantasy_puzzle,theme_combo,54628975,ХроноПочта: Викторина,Puzzle,strong,puzzle<genre:Puzzle>; theme<desc:алхими>,4268,2026-07-16,62,4558,229,1653,1
magic_fantasy_puzzle,theme_combo,54711008,Сортировка колб: Зелья,Puzzle,strong,puzzle<genre:Puzzle>; theme<title:зелья>,4216,2026-08-14,33,874,1183,2460,0
magic_fantasy_puzzle,theme_combo,54673391,Стрелки - Открой Картинку,Puzzle,strong,puzzle<genre:Puzzle>; theme<desc:волшеб>,3827,2026-07-16,62,2686,771,174,1
magic_fantasy_puzzle,theme_combo,53835983,Найди дракона,Hyper-casual,strong,puzzle<mechanic:extra_hidden_object_differences>; theme<title:дракон>,3822,2025-07-01,442,961,2751,2484,0
magic_fantasy_puzzle,theme_combo,54590436,Водный Путь Счастливый Стакан,Puzzle,strong,puzzle<genre:Puzzle>; theme<desc:магическ>,3767,2026-06-03,105,2348,610,1946,0
magic_fantasy_puzzle,theme_combo,54694915,ZooPals Trio 3,Three in a row,strong,puzzle<genre:Three in a row>; theme<desc:magic>,3426,2026-09-09,7,172,304,,1
magic_fantasy_puzzle,theme_combo,54617048,Tileswale: Школа Чародейства,Three in a row,strong,puzzle<genre:Three in a row>; theme<title:чароде>,3333,2026-06-16,92,3429,664,874,0
magic_fantasy_puzzle,theme_combo,54686636,Конфетки: Сортировка,Puzzle,strong,puzzle<genre:Puzzle>; theme<desc:волшеб>,3228,2026-08-17,30,4487,332,2728,0
magic_fantasy_puzzle,theme_combo,52466775,Соединяй шарики. Собери елку.,Hyper-casual,strong,puzzle<mechanic:merge>; theme<desc:волшеб>,2988,2024-10-17,699,4624,3540,,0
magic_fantasy_puzzle,theme_combo,53339067,Рикошет: охота на монстров,Puzzle,strong,puzzle<genre:Puzzle>; theme<desc:магии>,2946,2025-04-04,530,3433,2571,883,0
magic_fantasy_puzzle,theme_combo,52796578,Снежный замес: игра-лабиринт,Puzzle,strong,puzzle<genre:Puzzle>; theme<desc:волшеб>,2764,2024-12-23,632,3675,3185,3187,0
magic_fantasy_puzzle,theme_combo,54556519,Вайфу пазл,Hyper-casual,strong,puzzle<mechanic:extra_tile_mahjong>; theme<desc:witch>,2709,2026-04-24,145,1859,452,599,0
magic_fantasy_puzzle,theme_combo,51394394,Фантастический пазл: Драконы,Puzzle,strong,puzzle<genre:Puzzle>; theme<title:дракон>,2594,2022-08-07,1501,3407,4092,4093,0
magic_fantasy_puzzle,theme_combo,51455776,Алхимик: собери три,Puzzle,strong,puzzle<genre:Puzzle>; theme<title:алхими>,2515,2022-11-09,1407,3556,916,740,0
magic_fantasy_puzzle,theme_combo,52930493,Пазлы-перевёртыши: пейзажи,Puzzle,strong,puzzle<genre:Puzzle>; theme<desc:волшеб>,2409,2025-01-20,604,3378,4034,4035,0
magic_fantasy_puzzle,theme_combo,54407509,Зума путь дракона,Three in a row,strong,puzzle<genre:Three in a row>; theme<title:дракон>,2289,2026-04-15,154,4255,3657,3686,0
magic_fantasy_puzzle,theme_combo,54298965,Математическое зелье,Puzzle,strong,puzzle<genre:Puzzle>; theme<title:зелье>,2223,2025-11-07,313,4341,4192,4205,0
magic_fantasy_puzzle,theme_combo,51838833,Магия Цвета - Колорит,Tabletop game,strong,puzzle<mechanic:extra_picture_jigsaw>; theme<title:магия>,2186,2024-01-29,961,4228,2960,2971,0
magic_fantasy_puzzle,theme_combo,51729254,Hell Sweep,Hyper-casual,strong,puzzle<mechanic:merge>; theme<desc:фэнтез>,2100,2023-10-24,1058,2570,2731,944,0
magic_fantasy_puzzle,theme_combo,51919401,Блоки Фараона - Разблокируй!,Puzzle,strong,puzzle<genre:Puzzle>; theme<desc:магическ>,2097,2024-05-16,853,4657,2924,2926,0
magic_fantasy_puzzle,theme_combo,54703143,Релакс игра - Аптека алхимика,Puzzle,strong,puzzle<genre:Puzzle>; theme<title:алхими>,2087,2026-08-05,42,4684,3070,3064,0
magic_fantasy_puzzle,theme_combo,54678488,Танки - Онлайн,Arcade,strong,puzzle<mechanic:extra_block_hexa>; theme<desc:дракон>,2028,2026-08-06,41,3669,2629,1746,0
magic_fantasy_puzzle,theme_combo,51541460,Судоку: Классический,Puzzle,strong,puzzle<genre:Puzzle>; theme<desc:магическ>,1970,2023-02-02,1322,3927,4326,4327,0
magic_fantasy_puzzle,theme_combo,53298824,Divinex - маджонг,Puzzle,strong,puzzle<genre:Puzzle>; theme<desc:волшеб>,1965,2025-03-24,541,3601,2723,2344,0
magic_fantasy_puzzle,theme_combo,53447018,Полный кошек Парк,Puzzle,strong,puzzle<genre:Puzzle>; theme<desc:волшеб>,1886,2025-04-22,512,2298,3980,3972,0
magic_fantasy_puzzle,theme_combo,54553732,Повтори Рисунок,Hyper-casual,strong,puzzle<mechanic:extra_picture_jigsaw>; theme<desc:фэнтез>,1885,2026-04-21,148,2841,3263,3255,0
magic_fantasy_puzzle,theme_combo,54723945,Арквел,Three in a row,strong,puzzle<genre:Three in a row>; theme<desc:фэнтез>,1859,2026-08-24,23,4576,2241,550,0
magic_fantasy_puzzle,theme_combo,54724792,Лавка Алхимика,Puzzle,strong,puzzle<genre:Puzzle>; theme<title:алхими>,1847,2026-08-31,16,1310,3899,3873,0
magic_fantasy_puzzle,theme_combo,54325610,Постой Паровоз,Puzzle,strong,puzzle<genre:Puzzle>; theme<desc:волшеб>,1836,2025-11-17,303,1893,3173,3174,0
magic_fantasy_puzzle,theme_combo,53350185,Зачарованные Камни Магов 3D,Puzzle,strong,puzzle<genre:Puzzle>; theme<title:магов>,1782,2026-01-12,247,988,3790,3799,0
magic_fantasy_puzzle,theme_combo,53056922,Стражи Галактики: хексы,Puzzle,strong,puzzle<genre:Puzzle>; theme<desc:волшеб>,1589,2025-02-25,568,1674,4378,4379,0
magic_fantasy_puzzle,theme_combo,53981531,Волшебная Сага: Три в ряд,Three in a row,strong,puzzle<genre:Three in a row>; theme<title:волшеб>,1548,2025-08-18,394,3766,3422,3398,0
magic_fantasy_puzzle,theme_combo,53893216,Нарисуй путь к Любви,Puzzle,strong,puzzle<genre:Puzzle>; theme<desc:волшеб>,1544,2025-07-11,432,2596,4778,4779,0
magic_fantasy_puzzle,theme_combo,53198099,Мастер по плиточкам: 3-в-ряд,Three in a row,strong,puzzle<genre:Three in a row>; theme<desc:волшеб>,1538,2025-04-09,525,3962,4490,4492,0
magic_fantasy_puzzle,theme_combo,52796479,Спасай Новый Год,Hyper-casual,strong,puzzle<mechanic:merge>; theme<desc:волшеб>,1507,2024-12-23,632,2253,4915,4915,0
magic_fantasy_puzzle,theme_combo,54593380,Раскраска - мега сборник,Tabletop game,strong,puzzle<mechanic:extra_picture_jigsaw>; theme<desc:единорог>,1494,2026-06-09,99,1279,3757,3759,0
magic_fantasy_puzzle,theme_combo,52668054,Солитер Остров Сокровищ,Puzzle,strong,puzzle<genre:Puzzle>; theme<desc:магии>,1487,2024-11-15,670,,3325,3326,0
magic_fantasy_puzzle,theme_combo,54741214,Изумрудный Сад - Три в ряд,Three in a row,strong,puzzle<genre:Three in a row>; theme<desc:волшеб>,1436,2026-09-04,12,,,3553,0
magic_fantasy_puzzle,theme_combo,54434392,Волшебный курорт Тео Морини,Hyper-casual,strong,puzzle<mechanic:merge>; theme<title:волшеб>,1327,2026-04-16,153,4789,4409,4435,0
magic_fantasy_puzzle,theme_combo,51556993,Beauty Fantasy Zen & Makeover,Three in a row,strong,puzzle<genre:Three in a row>; theme<title:fantasy>,1221,2023-04-27,1238,4654,2728,2253,0
magic_fantasy_puzzle,theme_combo,51800243,Anime Coloring Book,Tabletop game,strong,puzzle<mechanic:extra_picture_jigsaw>; theme<desc:волшеб>,1213,2023-12-05,1016,3385,4376,4377,0
magic_fantasy_puzzle,theme_combo,52401778,Маджонг: Лесная сказка,Puzzle,strong,puzzle<genre:Puzzle>; theme<desc:волшеб>,1207,2024-10-07,709,3140,2858,2862,0
magic_fantasy_puzzle,theme_combo,53994811,Сортировка Новый Год,Hyper-casual,strong,puzzle<mechanic:sort>; theme<desc:волшеб>,1200,2025-08-07,405,4389,4540,4541,0
magic_fantasy_puzzle,theme_combo,51450966,Волшебное Слияние,Hyper-casual,strong,puzzle<mechanic:merge>; theme<title:волшеб>,1128,2022-12-13,1373,4561,3170,3171,0
magic_fantasy_puzzle,theme_combo,54608797,Классическая Алхимия,Puzzle,strong,puzzle<genre:Puzzle>; theme<title:алхими>,1114,2026-06-08,100,3614,3228,3220,0
magic_fantasy_puzzle,theme_combo,54606540,Соедини Пузыри,Puzzle,strong,puzzle<genre:Puzzle>; theme<desc:волшеб>,977,2026-05-29,110,4701,4033,4034,0
magic_fantasy_puzzle,theme_combo,52697346,Три в Ряд - Для взрослых,Three in a row,strong,puzzle<genre:Three in a row>; theme<desc:колдун>,930,2024-11-18,667,4393,4870,4872,0
magic_fantasy_puzzle,theme_combo,54666161,Королевский Джем: 2048,Puzzle,strong,puzzle<genre:Puzzle>; theme<desc:волшеб>,848,2026-07-16,62,3867,4118,4110,0
magic_fantasy_puzzle,theme_combo,54573917,Быстрая Алхимия,Puzzle,strong,puzzle<genre:Puzzle>; theme<title:алхими>,782,2026-05-21,118,4496,3253,3219,0
magic_fantasy_puzzle,theme_combo,53966904,ПТИЧИЙ УЛЕЙ: ПАЗЛ СОРТИРОВКИ,Hyper-casual,strong,puzzle<mechanic:sort>; theme<desc:волшеб>,762,2025-08-12,400,4094,3344,3345,0
magic_fantasy_puzzle,theme_combo,53646156,Блоки Лесной Тетрис,Puzzle,strong,puzzle<genre:Puzzle>; theme<desc:волшеб>,731,2025-05-30,474,1968,4151,4152,0
magic_fantasy_puzzle,theme_combo,54666734,Драго Мердж,Hyper-casual,strong,puzzle<mechanic:merge>; theme<desc:дракон>,655,2026-07-15,63,3418,4135,4158,0
magic_fantasy_puzzle,theme_combo,54580672,Линия славы: Арена,Three in a row,strong,puzzle<genre:Three in a row>; theme<desc:фэнтез>,623,2026-06-01,107,2615,2732,794,0
magic_fantasy_puzzle,theme_combo,7162962,Драконьи Кубики(Dragon Blocks),Three in a row,strong,puzzle<genre:Three in a row>; theme<title:дракон>,620,2019-10-12,2531,4873,4052,4053,0
magic_fantasy_puzzle,theme_combo,54727742,Алхимия: Мир открытий,Puzzle,strong,puzzle<genre:Puzzle>; theme<title:алхими>,551,2026-09-03,13,1037,3571,3572,0
magic_fantasy_puzzle,theme_combo,54669377,Игра Живая сказка,Puzzle,strong,puzzle<genre:Puzzle>; theme<desc:волшеб>,532,2026-07-20,58,3142,2860,2864,0
magic_fantasy_puzzle,theme_combo,54585243,Крестики-нолики Сдвиг по фазе,Tabletop game,strong,puzzle<mechanic:match3>; theme<desc:магия>,521,2026-05-26,113,3282,3834,3801,0
magic_fantasy_puzzle,theme_combo,53543534,Объединяй кубики,Puzzle,strong,puzzle<genre:Puzzle>; theme<desc:магия>,477,2025-05-13,491,4817,4454,4456,0
magic_fantasy_puzzle,theme_combo,53043180,CozyArt: Пазлы для детей,Puzzle,strong,puzzle<genre:Puzzle>; theme<desc:волшеб>,440,2025-02-17,576,4732,3938,3948,0
magic_fantasy_puzzle,theme_combo,54702054,Империя Котиков,Hyper-casual,strong,puzzle<mechanic:merge>; theme<desc:волшеб>,397,2026-08-07,40,3550,4736,4737,0
magic_fantasy_puzzle,theme_combo,52739935,Волшебная Кузница: Сортировка,Puzzle,strong,puzzle<genre:Puzzle>; theme<title:волшеб>,392,2025-03-19,546,2614,4210,4211,0
magic_fantasy_puzzle,theme_combo,54678489,Раскраска,Hyper-casual,strong,puzzle<mechanic:extra_picture_jigsaw>; theme<desc:фэнтез>,355,2026-09-09,7,838,3500,3519,0
magic_fantasy_puzzle,theme_combo,53221653,Рука Бога 2048,Puzzle,strong,puzzle<genre:Puzzle>; theme<desc:магическ>,313,2025-03-12,553,1826,4562,4564,0
magic_fantasy_puzzle,theme_combo,54680231,Слияние 10,Puzzle,strong,puzzle<genre:Puzzle>; theme<desc:магия>,278,2026-07-30,48,4278,4028,4029,0
magic_fantasy_puzzle,theme_combo,54739790,Феникс: Волшебные блоки,Puzzle,strong,puzzle<genre:Puzzle>; theme<title:волшеб>,264,2026-09-09,7,977,3547,3557,0
magic_fantasy_puzzle,theme_combo,54692847,67 БЛОКОВ,Puzzle,strong,puzzle<genre:Puzzle>; theme<desc:magic>,252,2026-09-07,9,1299,3475,3373,0
magic_fantasy_puzzle,theme_combo,54623740,Кото-мердж,Hyper-casual,strong,puzzle<mechanic:merge>; theme<desc:волшеб>,249,2026-07-07,71,2149,3014,3025,0
magic_fantasy_puzzle,theme_combo,53938184,Планета 404. Эпизод 1,Puzzle,strong,puzzle<genre:Puzzle>; theme<desc:волшеб>,243,2025-07-22,421,4016,4802,4794,0
magic_fantasy_puzzle,theme_combo,54484029,Книжный продавец,Puzzle,strong,puzzle<genre:Puzzle>; theme<desc:фэнтез>,179,2026-03-16,184,2781,2949,2951,0
magic_fantasy_puzzle,theme_combo,54691983,Элементарные кубики,Tabletop game,strong,puzzle<mechanic:extra_block_hexa>; theme<desc:магическ>,157,2026-08-05,42,,4181,4182,0
magic_fantasy_puzzle,theme_combo,54434678,Видео Блоки Океан,Puzzle,strong,puzzle<genre:Puzzle>; theme<desc:магию>,48,2026-02-13,215,4887,4960,4960,0
magic_fantasy_puzzle,theme_combo,51676057,Империя Гоблинов: кликер игра,Simulator,weak,puzzle<desc_weak:головолом>; theme<title_weak:гоблин>,375614,2023-10-13,1069,357,24,20,1
magic_fantasy_puzzle,theme_combo,7522400,❤️Короли&Дамы: пасьянс 3 пика,Tabletop game,weak,puzzle<desc_weak:головолом>; theme<desc:магическ>,234947,2020-06-28,2271,4711,156,313,1
magic_fantasy_puzzle,theme_combo,52764694,ЗамкоСтрой,Economic,weak,puzzle<mechanic:merge>; theme<desc_weak:мистическ>,195952,2024-12-18,637,504,166,49,1
magic_fantasy_puzzle,theme_combo,52204125,Легенда о грибах,Hyper-casual,weak,puzzle<desc_weak:головолом>; theme<desc:волшеб>,184681,2024-09-20,726,,1551,2681,0
magic_fantasy_puzzle,theme_combo,51676385,Вега Микс 2: Тайна острова,Three in a row,weak,puzzle<genre:Three in a row>; theme<desc_weak:мистическ>,153967,2023-06-27,1177,764,136,102,1
magic_fantasy_puzzle,theme_combo,6458386,Цена Свободы 2: Поиск ответов,Adventure,weak,puzzle<desc_weak:пазл>; theme<desc_weak:мистическ>,90233,2018-05-14,3047,4540,1676,1765,0
magic_fantasy_puzzle,theme_combo,53094709,Игра слов Онлайн,Word game,weak,puzzle<desc_weak:головолом>; theme<desc:волшеб>,63063,2025-03-17,548,4568,806,2689,0
magic_fantasy_puzzle,theme_combo,52337069,Чудо Блок,Three in a row,weak,puzzle<genre:Three in a row>; theme<title_weak:чудо>,56316,2024-11-05,680,794,852,,0
magic_fantasy_puzzle,theme_combo,52435171,Королевская кухня,Strategy,weak,puzzle<desc_weak:головолом>; theme<desc:волшеб>,45597,2024-10-11,705,4709,2620,978,0
magic_fantasy_puzzle,theme_combo,7866185,Сказочный пазл,Puzzle,weak,puzzle<genre:Puzzle>; theme<title_weak:сказ>,42994,2021-06-02,1932,4391,1295,590,0
magic_fantasy_puzzle,theme_combo,51418021,Бычья Легенда,Three in a row,weak,puzzle<genre:Three in a row>; theme<title_weak:легенд>,42673,2022-10-11,1436,2321,1251,2775,0
magic_fantasy_puzzle,theme_combo,54263990,Сказка 2026,Three in a row,weak,puzzle<genre:Three in a row>; theme<title_weak:сказ>,40429,2025-10-29,322,1294,1698,435,0
magic_fantasy_puzzle,theme_combo,7991934,Сказка 2022,Three in a row,weak,puzzle<genre:Three in a row>; theme<title_weak:сказ>,17721,2021-11-11,1770,4931,2198,1695,0
magic_fantasy_puzzle,theme_combo,7328587,Пасьянс Эмерланд 2,Tabletop game,weak,puzzle<desc_weak:головолом>; theme<desc:волшеб>,15961,2020-03-17,2374,3821,1383,1125,0
magic_fantasy_puzzle,theme_combo,51798384,Ферма Викингов с Драконами,Economic,weak,puzzle<desc_weak:головолом>; theme<title:дракон>,11263,2023-11-23,1028,,2669,1981,0
magic_fantasy_puzzle,theme_combo,8134740,Сказка: Лучший Дизайнер,Three in a row,weak,puzzle<genre:Three in a row>; theme<title_weak:сказ>,10000,2022-04-26,1604,540,2490,476,0
magic_fantasy_puzzle,theme_combo,52484786,Солитер Таро,Tabletop game,weak,puzzle<desc_weak:головолом>; theme<desc:колдун>,9674,2024-11-13,672,2748,3071,3073,0
magic_fantasy_puzzle,theme_combo,51728449,Стикмен Тролль Воришка,Puzzle,weak,puzzle<genre:Puzzle>; theme<title_weak:тролл>,7861,2023-08-14,1129,1304,1729,,0
magic_fantasy_puzzle,theme_combo,54091173,Поиск Предметов: Найди Клад,Puzzle,weak,puzzle<genre:Puzzle>; theme<desc_weak:мистическ>,6207,2025-09-05,376,2843,1078,,0
magic_fantasy_puzzle,theme_combo,51807678,Сокровища - Три в Ряд,Three in a row,weak,puzzle<genre:Three in a row>; theme<desc_weak:мистическ>,5270,2024-02-29,930,4527,2433,2345,0
magic_fantasy_puzzle,theme_combo,54612821,Поле Чудес Вращай Барабан,Word game,weak,puzzle<desc_weak:головолом>; theme<title_weak:чудес>,4403,2026-07-02,76,1098,1472,,0
magic_fantasy_puzzle,theme_combo,8195557,Найди пару. Мифология.,Puzzle,weak,puzzle<genre:Puzzle>; theme<title_weak:миф>,3871,2022-07-22,1517,4472,239,673,1
magic_fantasy_puzzle,theme_combo,54730119,Оплот: Осада замков,Strategy,weak,puzzle<desc_weak:головолом>; theme<desc:маги>,3849,2026-08-27,20,1818,1790,146,1
magic_fantasy_puzzle,theme_combo,54643862,Поиск слов с подсказкой,Word game,weak,puzzle<desc_weak:головолом>; theme<title_weak:сказ>,3842,2026-06-26,82,2812,1306,2801,0
magic_fantasy_puzzle,theme_combo,51807679,Затерянный город - Три в ряд,Three in a row,weak,puzzle<genre:Three in a row>; theme<desc_weak:мистическ>,3613,2024-03-06,924,3631,1219,2294,0
magic_fantasy_puzzle,theme_combo,54268101,Царство чисел,Hyper-casual,weak,puzzle<desc_weak:головолом>; theme<desc:волшеб>,3297,2025-10-28,323,3021,599,958,0
magic_fantasy_puzzle,theme_combo,54563032,2048 зимняя сказка,Puzzle,weak,puzzle<genre:Puzzle>; theme<title_weak:сказ>,1296,2026-05-22,117,2121,3743,3745,0
magic_fantasy_puzzle,theme_combo,54721224,Легенды Маджонга,Puzzle,weak,puzzle<genre:Puzzle>; theme<title_weak:легенд>,1295,2026-08-25,22,3938,4427,4428,0
magic_fantasy_puzzle,theme_combo,54636684,Три в ряд - Сказочный лес,Three in a row,weak,puzzle<genre:Three in a row>; theme<title_weak:сказ>,660,2026-07-03,75,3163,2875,2879,0
magic_fantasy_puzzle,theme_combo,53567406,Филворды с подсказками,Puzzle,weak,puzzle<genre:Puzzle>; theme<title_weak:сказ>,520,2025-05-14,490,2889,3596,3513,0
magic_fantasy_puzzle,theme_combo,51858139,Love Archer,Hyper-casual,weak,puzzle<desc_weak:головолом>; theme<desc:магическ>,432,2024-03-26,904,3950,4413,4414,0
magic_fantasy_puzzle,theme_combo,54734586,Матрёшки: Бум,Puzzle,weak,puzzle<genre:Puzzle>; theme<desc_weak:сказочном мир>,152,2026-08-31,16,2454,2836,2840,0
magic_fantasy_puzzle,theme_combo,54757390,Гномье королевство,Puzzle,weak,puzzle<genre:Puzzle>; theme<title_weak:гном>,45,2026-09-14,2,1193,3524,3499,0
romance_love_puzzle,theme_combo,54102802,Тропиквиль,Puzzle,strong,puzzle<genre:Puzzle>; theme<desc:романт>,184116,2025-12-16,274,107,64,32,1
romance_love_puzzle,theme_combo,7139584,🌈Секреты Шармляндии,Three in a row,strong,puzzle<genre:Three in a row>; theme<desc:любов>,163260,2019-09-27,2546,3285,368,1278,0
romance_love_puzzle,theme_combo,7749645,Влюблённые шарики,Puzzle,strong,puzzle<genre:Puzzle>; theme<title:влюбл>,146706,2021-02-04,2050,4244,2846,2841,0
romance_love_puzzle,theme_combo,51477963,Вилла у моря: Найди отличия ✅,Puzzle,strong,puzzle<genre:Puzzle>; theme<desc:романт>,87814,2022-12-05,1381,1781,920,478,0
romance_love_puzzle,theme_combo,54539273,Разбери Стрелочки,Puzzle,strong,puzzle<genre:Puzzle>; theme<desc:романт>,81470,2026-04-16,153,78,95,78,1
romance_love_puzzle,theme_combo,7864291,Love Among Balls: любовь,Puzzle,strong,puzzle<genre:Puzzle>; theme<title:love>,75135,2021-05-31,1934,,1659,,0
romance_love_puzzle,theme_combo,51694442,DOP2: Сотри Лишнее в Лавстори,Puzzle,strong,puzzle<genre:Puzzle>; theme<desc:любов>,23792,2023-07-04,1170,2170,2977,2953,0
romance_love_puzzle,theme_combo,51638851,Impossible Date: Логические,Puzzle,strong,puzzle<genre:Puzzle>; theme<desc:влюбл>,22762,2023-05-18,1217,3662,2289,1760,0
romance_love_puzzle,theme_combo,51624546,DOP:Дорисуй деталь в Лавстори,Hyper-casual,strong,puzzle<mechanic:extra_picture_jigsaw>; theme<desc:влюбл>,20554,2023-04-27,1238,3802,3035,3038,0
romance_love_puzzle,theme_combo,8215960,Семейный Городок,Three in a row,strong,puzzle<genre:Three in a row>; theme<desc:жених>,18376,2022-11-03,1413,3728,2077,185,1
romance_love_puzzle,theme_combo,54155240,ЭкоЛис Сортировка,Puzzle,strong,puzzle<genre:Puzzle>; theme<desc:любов>,17843,2025-09-24,357,,1981,1174,0
romance_love_puzzle,theme_combo,53981961,Флирт-пазл: Знакомься!,Communication,strong,puzzle<mechanic:extra_tile_mahjong>; theme<title:флирт>,16176,2026-02-19,209,621,1972,,0
romance_love_puzzle,theme_combo,51900534,Викторина: Фильмы СССР,Puzzle,strong,puzzle<genre:Puzzle>; theme<desc:любов>,10863,2024-04-22,877,1400,2034,,0
romance_love_puzzle,theme_combo,51554432,Coldscapes: My Match-3 Family,Three in a row,strong,puzzle<genre:Three in a row>; theme<desc:романт>,9187,2023-04-19,1246,4192,3778,3820,0
romance_love_puzzle,theme_combo,51863322,Доп2 для Взрослых-Дорисуй,Hyper-casual,strong,puzzle<mechanic:extra_picture_jigsaw>; theme<desc:любов>,5930,2024-02-29,930,3242,1221,2716,0
romance_love_puzzle,theme_combo,54669674,Стрелки: Дизайн Дома Мечты,Puzzle,strong,puzzle<genre:Puzzle>; theme<desc:любов>,5740,2026-08-19,28,132,691,368,1
romance_love_puzzle,theme_combo,51730789,ДОП: Найди деталь в Лавстори,Puzzle,strong,puzzle<genre:Puzzle>; theme<desc:влюбл>,3610,2023-09-21,1091,1834,4681,4674,0
romance_love_puzzle,theme_combo,54145457,Поиск предметов: СССР,Puzzle,strong,puzzle<genre:Puzzle>; theme<desc:любов>,3104,2025-11-13,307,1951,2422,1688,0
romance_love_puzzle,theme_combo,51527512,Mystic Hills,Puzzle,strong,puzzle<genre:Puzzle>; theme<desc:романт>,2883,2023-04-21,1244,4830,2491,1989,0
romance_love_puzzle,theme_combo,51845941,Секреты любви - Раскраска,Tabletop game,strong,puzzle<mechanic:extra_picture_jigsaw>; theme<desc:романт>,2283,2024-02-15,944,4211,2762,,0
romance_love_puzzle,theme_combo,51695242,ДОП в Лавстори: Найди Часть,Puzzle,strong,puzzle<genre:Puzzle>; theme<desc:влюбл>,1912,2023-11-10,1041,2639,3320,3296,0
romance_love_puzzle,theme_combo,53893216,Нарисуй путь к Любви,Puzzle,strong,puzzle<genre:Puzzle>; theme<desc:купидон>,1544,2025-07-11,432,2596,4778,4779,0
romance_love_puzzle,theme_combo,54434392,Волшебный курорт Тео Морини,Hyper-casual,strong,puzzle<mechanic:merge>; theme<desc:романт>,1327,2026-04-16,153,4789,4409,4435,0
romance_love_puzzle,theme_combo,52703091,Викторина: Предметы СССР,Puzzle,strong,puzzle<genre:Puzzle>; theme<desc:любов>,983,2024-11-18,667,2982,4170,4171,0
romance_love_puzzle,theme_combo,52697346,Три в Ряд - Для взрослых,Three in a row,strong,puzzle<genre:Three in a row>; theme<desc:невест>,930,2024-11-18,667,4393,4870,4872,0
romance_love_puzzle,theme_combo,53867861,Цветные Линии: Любимые Шарики,Hyper-casual,strong,puzzle<mechanic:bubble>; theme<desc:любов>,782,2025-07-11,432,2197,3498,3508,0
romance_love_puzzle,theme_combo,54730918,YORU: Пазлы Нео-Токио,Puzzle,strong,puzzle<genre:Puzzle>; theme<desc:влюбл>,563,2026-09-03,13,277,4584,4586,1
romance_love_puzzle,theme_combo,54749981,Дедоку - Детективное судоку,Puzzle,strong,puzzle<genre:Puzzle>; theme<desc:свадьб>,319,2026-09-08,8,686,3830,3806,0
romance_love_puzzle,theme_combo,51934921,Раскраска Палворлд,Hyper-casual,strong,puzzle<mechanic:extra_picture_jigsaw>; theme<desc:любов>,276,2025-11-21,299,3445,4256,4256,0
romance_love_puzzle,theme_combo,53016679,Маджонг Солитер,Tabletop game,strong,puzzle<mechanic:extra_tile_mahjong>; theme<desc:романт>,98,2025-06-27,446,4869,4107,4108,0
romance_love_puzzle,theme_combo,8011344,Спаси Героя и Принцессу 👸,Puzzle,weak,puzzle<genre:Puzzle>; theme<title_weak:принцесс>,42224,2021-11-29,1752,1969,4333,4334,0
romance_love_puzzle,theme_combo,54381494,Экспедиция Сердце тумана,Adventure,weak,puzzle<mechanic:match3>; theme<title_weak:сердц>,23209,2026-06-19,89,4504,3340,3341,0
romance_love_puzzle,theme_combo,51798384,Ферма Викингов с Драконами,Economic,weak,puzzle<desc_weak:головолом>; theme<desc:любов>,11263,2023-11-23,1028,,2669,1981,0
romance_love_puzzle,theme_combo,8049649,Маджонг Сладкая пара,Three in a row,weak,puzzle<genre:Three in a row>; theme<title_weak:пара>,10835,2022-01-14,1706,2716,2474,770,0
romance_love_puzzle,theme_combo,51730791,ДОП: Добавь деталь в Лавстори,Puzzle,weak,puzzle<genre:Puzzle>; theme<title_weak:лавстори>,6573,2023-10-02,1080,4881,4165,4157,0
romance_love_puzzle,theme_combo,51913388,Пара Букв,Word game,weak,puzzle<desc_weak:головолом>; theme<title_weak:пара>,4288,2024-04-26,873,2912,3761,3763,0
romance_love_puzzle,theme_combo,54346417,Поэма о трамвае,Simulator,weak,puzzle<desc_weak:головолом>; theme<desc:любов>,1749,2025-11-24,296,4575,3133,3305,0
romance_love_puzzle,theme_combo,51858139,Love Archer,Hyper-casual,weak,puzzle<desc_weak:головолом>; theme<title:love>,432,2024-03-26,904,3950,4413,4414,0
treasure_adventure_puzzle,theme_combo,3882511,Сокровища Пиратов,Three in a row,strong,puzzle<genre:Three in a row>; theme<title:сокровищ>,26069750,2013-09-17,4747,10,1,42,1
treasure_adventure_puzzle,theme_combo,3849521,Инди Кот,Three in a row,strong,puzzle<genre:Three in a row>; theme<desc:сокровищ>,12919758,2013-08-30,4765,3667,13,392,1
treasure_adventure_puzzle,theme_combo,5625394,Вега Микс: три в ряд,Three in a row,strong,puzzle<genre:Three in a row>; theme<desc:сундук>,1705146,2016-09-19,3649,84,11,38,1
treasure_adventure_puzzle,theme_combo,4249938,Тайны Прошлого: Наследие!,Three in a row,strong,puzzle<genre:Three in a row>; theme<desc:сокровищ>,1386175,2014-04-15,4537,4942,4371,4372,0
treasure_adventure_puzzle,theme_combo,53584246,Тайна Фонаря,Three in a row,strong,puzzle<genre:Three in a row>; theme<desc:сундук>,439753,2025-08-28,384,22,47,21,1
treasure_adventure_puzzle,theme_combo,6994984,Атлантида - зума,Three in a row,strong,puzzle<genre:Three in a row>; theme<desc:затерян>,413628,2019-07-12,2623,,74,281,1
treasure_adventure_puzzle,theme_combo,52291860,Тайна Самоцветов - Три в ряд,Three in a row,strong,puzzle<genre:Three in a row>; theme<desc:сокровищ>,275486,2024-09-16,730,74,89,196,1
treasure_adventure_puzzle,theme_combo,7952341,Отель Мечты,Puzzle,strong,puzzle<genre:Puzzle>; theme<desc:сокровищ>,179281,2021-11-11,1770,660,257,157,1
treasure_adventure_puzzle,theme_combo,51676385,Вега Микс 2: Тайна острова,Three in a row,strong,puzzle<genre:Three in a row>; theme<desc:сокровищ>,153967,2023-06-27,1177,764,136,102,1
treasure_adventure_puzzle,theme_combo,52348480,Морские сокровища: Три в ряд,Three in a row,strong,puzzle<genre:Three in a row>; theme<title:сокровищ>,151756,2024-09-30,716,243,86,176,1
treasure_adventure_puzzle,theme_combo,6701819,Приключение Викингов слова,Puzzle,strong,puzzle<genre:Puzzle>; theme<desc:сокровищ>,144373,2018-09-25,2913,3973,1325,608,0
treasure_adventure_puzzle,theme_combo,8029885,Маджонг Светлячок,Puzzle,strong,puzzle<genre:Puzzle>; theme<desc:пирамид>,142725,2021-12-20,1731,4588,563,2741,0
treasure_adventure_puzzle,theme_combo,51733110,Блоки - Сокровища!,Puzzle,strong,puzzle<genre:Puzzle>; theme<title:сокровищ>,124839,2023-10-03,1079,4270,484,1265,0
treasure_adventure_puzzle,theme_combo,52368582,Школа Волшебства,Economic,strong,puzzle<mechanic:merge>; theme<desc:артефакт>,124242,2024-10-11,705,150,185,80,1
treasure_adventure_puzzle,theme_combo,53056123,Майн 3D,Adventure,strong,puzzle<mechanic:extra_hidden_object_differences>; theme<desc:сундук>,102196,2025-03-06,559,399,551,,0
treasure_adventure_puzzle,theme_combo,51838091,Собери арбуз,Hyper-casual,strong,puzzle<mechanic:merge>; theme<desc:экспедиц>,96685,2024-01-22,968,,906,2724,0
treasure_adventure_puzzle,theme_combo,53001208,Royal Island,Three in a row,strong,puzzle<genre:Three in a row>; theme<desc:пират>,85977,2025-06-20,453,4500,1446,2673,0
treasure_adventure_puzzle,theme_combo,7627215,Спаси героя,Puzzle,strong,puzzle<genre:Puzzle>; theme<desc:сокровищ>,82653,2020-11-06,2140,3819,3716,3727,0
treasure_adventure_puzzle,theme_combo,51827891,Вилла Люси,Puzzle,strong,puzzle<genre:Puzzle>; theme<desc:артефакт>,79397,2024-01-26,964,1378,590,327,0
treasure_adventure_puzzle,theme_combo,54419995,Мой Замок: Слияние и История,Puzzle,strong,puzzle<genre:Puzzle>; theme<desc:артефакт>,78091,2026-01-22,237,40,147,88,1
treasure_adventure_puzzle,theme_combo,52440823,Дракон и Енот Мердж Мастер,Economic,strong,puzzle<mechanic:merge>; theme<desc:пират>,59874,2024-11-29,656,883,2267,357,0
treasure_adventure_puzzle,theme_combo,54352869,Улитка Боб 3,Puzzle,strong,puzzle<genre:Puzzle>; theme<desc:сундук>,58639,2025-12-17,273,4216,1810,,0
treasure_adventure_puzzle,theme_combo,51876511,В поисках отличий,Puzzle,strong,puzzle<genre:Puzzle>; theme<desc:сокровищ>,55409,2024-04-18,881,1780,1271,372,0
treasure_adventure_puzzle,theme_combo,52941296,Тайны Прошлого,Three in a row,strong,puzzle<genre:Three in a row>; theme<desc:сокровищ>,47183,2025-08-20,392,1807,200,48,1
treasure_adventure_puzzle,theme_combo,52117775,Пираты 7 отличий,Adventure,strong,puzzle<mechanic:extra_hidden_object_differences>; theme<title:пират>,46366,2024-09-27,719,,1683,555,0
treasure_adventure_puzzle,theme_combo,8011344,Спаси Героя и Принцессу 👸,Puzzle,strong,puzzle<genre:Puzzle>; theme<desc:сокровищ>,42224,2021-11-29,1752,1969,4333,4334,0
treasure_adventure_puzzle,theme_combo,51530810,100 Дверей: Побег из комнаты,Puzzle,strong,puzzle<genre:Puzzle>; theme<desc:затерян>,42148,2023-02-16,1308,4414,2298,721,0
treasure_adventure_puzzle,theme_combo,51453905,Забытое Сокровище 2: 3 в ряд,Three in a row,strong,puzzle<genre:Three in a row>; theme<title:сокровищ>,36082,2022-10-20,1427,3525,3158,3150,0
treasure_adventure_puzzle,theme_combo,54401028,Сокровища Принца,Three in a row,strong,puzzle<genre:Three in a row>; theme<title:сокровищ>,34536,2025-12-23,267,2490,1294,,0
treasure_adventure_puzzle,theme_combo,8205529,Клад: Найди слова,Word game,strong,puzzle<mechanic:extra_hidden_object_differences>; theme<title:клад>,32785,2022-06-29,1540,4337,4237,4229,0
treasure_adventure_puzzle,theme_combo,51450266,Пузыри джунглей,Three in a row,strong,puzzle<genre:Three in a row>; theme<title:джунгл>,26481,2022-12-14,1372,2275,2201,953,0
treasure_adventure_puzzle,theme_combo,8122822,Мэри Ран,Hyper-casual,strong,puzzle<mechanic:extra_hidden_object_differences>; theme<desc:сокровищ>,26061,2022-04-04,1626,1790,2010,2410,0
treasure_adventure_puzzle,theme_combo,54435107,Путь Героя,Puzzle,strong,puzzle<genre:Puzzle>; theme<desc:артефакт>,24885,2026-07-02,76,97,479,167,1
treasure_adventure_puzzle,theme_combo,54381494,Экспедиция Сердце тумана,Adventure,strong,puzzle<mechanic:match3>; theme<title:экспедиц>,23209,2026-06-19,89,4504,3340,3341,0
treasure_adventure_puzzle,theme_combo,8227650,Приключения Енота - 3 в ряд,Three in a row,strong,puzzle<genre:Three in a row>; theme<desc:пират>,21698,2022-07-27,1512,4790,4399,4409,0
treasure_adventure_puzzle,theme_combo,4722206,Пасьянс Джунглей,Puzzle,strong,puzzle<genre:Puzzle>; theme<title:джунгл>,21434,2018-04-14,3077,4610,1703,547,0
treasure_adventure_puzzle,theme_combo,8211681,Магический Цирк - три в ряд,Three in a row,strong,puzzle<genre:Three in a row>; theme<desc:сокровищ>,20693,2022-07-07,1532,2459,2827,2831,0
treasure_adventure_puzzle,theme_combo,54481481,Сокровища Короля,Three in a row,strong,puzzle<genre:Three in a row>; theme<title:сокровищ>,19997,2026-03-18,182,4839,1404,1916,0
treasure_adventure_puzzle,theme_combo,53371457,Лес Изумрудов,Three in a row,strong,puzzle<genre:Three in a row>; theme<desc:сокровищ>,18541,2025-04-03,531,1475,936,1017,0
treasure_adventure_puzzle,theme_combo,51531575,Потерянный в неизвестности,Adventure,strong,puzzle<mechanic:extra_hidden_object_differences>; theme<desc:артефакт>,17080,2023-01-23,1332,2120,2465,1205,0
treasure_adventure_puzzle,theme_combo,52918288,Приключения и Сокровища,Three in a row,strong,puzzle<genre:Three in a row>; theme<title:сокровищ>,15786,2025-05-12,492,669,1166,,0
treasure_adventure_puzzle,theme_combo,51625375,Подключить Мастер,Puzzle,strong,puzzle<genre:Puzzle>; theme<desc:treasure>,15658,2023-05-11,1224,3475,4404,4405,0
treasure_adventure_puzzle,theme_combo,54410808,Секреты Острова,Puzzle,strong,puzzle<genre:Puzzle>; theme<desc:артефакт>,14310,2026-01-22,237,1358,1127,1026,0
treasure_adventure_puzzle,theme_combo,53084307,Зона Мутантов: Боец с зомби,Hyper-casual,strong,puzzle<mechanic:merge>; theme<desc:сундук>,13996,2025-02-17,576,549,1995,,0
treasure_adventure_puzzle,theme_combo,53480720,Пиратский Рай,Puzzle,strong,puzzle<genre:Puzzle>; theme<title:пират>,13644,2025-04-24,510,,960,1203,0
treasure_adventure_puzzle,theme_combo,5507159,Слоты LiveGames,Gambling,strong,puzzle<mechanic:match3>; theme<desc:сокровищ>,13585,2016-06-27,3733,1651,2531,707,0
treasure_adventure_puzzle,theme_combo,54072229,Кошачий Вояж,Puzzle,strong,puzzle<genre:Puzzle>; theme<desc:сокровищ>,13527,2025-09-02,379,3608,2177,2325,0
treasure_adventure_puzzle,theme_combo,53938398,Поиск Предметов: Дело Эмили,Puzzle,strong,puzzle<genre:Puzzle>; theme<desc:затерян>,12751,2025-07-28,415,4178,2348,,0
treasure_adventure_puzzle,theme_combo,53053956,Собери отряд: Мердж бойцов,Puzzle,strong,puzzle<genre:Puzzle>; theme<desc:сундук>,11230,2025-02-12,581,1117,2489,1101,0
treasure_adventure_puzzle,theme_combo,52817450,Беспощадный Натиск,Puzzle,strong,puzzle<genre:Puzzle>; theme<desc:сундук>,10796,2025-08-27,385,1326,3618,3597,0
treasure_adventure_puzzle,theme_combo,54212896,ВегаМикс Пазлы Да Винчи,Three in a row,strong,puzzle<genre:Three in a row>; theme<desc:артефакт>,10635,2025-10-31,320,3948,2617,791,0
treasure_adventure_puzzle,theme_combo,51580356,Подземелья и Алмазы - 3 в ряд,Three in a row,strong,puzzle<genre:Three in a row>; theme<desc:сокровищ>,10278,2023-03-20,1276,1945,3198,3199,0
treasure_adventure_puzzle,theme_combo,54698377,Ведьмочка и волшебные находки,Puzzle,strong,puzzle<genre:Puzzle>; theme<desc:артефакт>,10010,2026-08-28,19,34,241,105,1
treasure_adventure_puzzle,theme_combo,53258749,Блок Пазл тропическая история,Puzzle,strong,puzzle<genre:Puzzle>; theme<desc:джунгл>,9981,2025-03-14,551,4231,1903,1162,0
treasure_adventure_puzzle,theme_combo,52851197,Маджонг - тайны пирамид,Tabletop game,strong,puzzle<mechanic:extra_tile_mahjong>; theme<title:пирамид>,9515,2024-12-25,630,3684,2508,1718,0
treasure_adventure_puzzle,theme_combo,53834944,Три в ряд - Сокровища Египта,Three in a row,strong,puzzle<genre:Three in a row>; theme<title:сокровищ>,9024,2025-07-04,439,1111,1571,1261,0
treasure_adventure_puzzle,theme_combo,51937195,Плиточки Маджонг Три в ряд,Three in a row,strong,puzzle<genre:Three in a row>; theme<desc:пират>,8992,2024-06-18,820,3711,3127,3128,0
treasure_adventure_puzzle,theme_combo,51772653,Зумба,Puzzle,strong,puzzle<genre:Puzzle>; theme<desc:джунгл>,8178,2023-12-14,1007,4132,2509,1937,0
treasure_adventure_puzzle,theme_combo,8138875,🧙‍♂Ханойская башня,Puzzle,strong,puzzle<genre:Puzzle>; theme<desc:пирамид>,8050,2022-04-19,1611,4452,786,649,0
treasure_adventure_puzzle,theme_combo,54684518,Викторина: Мультфильмы СССР,Puzzle,strong,puzzle<genre:Puzzle>; theme<desc:сундук>,8045,2026-07-23,55,2203,2363,,0
treasure_adventure_puzzle,theme_combo,54626694,Игра в числа: чиселки,Puzzle,strong,puzzle<genre:Puzzle>; theme<desc:пирамид>,7360,2026-06-15,93,3305,3408,3392,0
treasure_adventure_puzzle,theme_combo,51847988,Котопазл: Лапки и сокровища,Puzzle,strong,puzzle<genre:Puzzle>; theme<title:сокровищ>,7115,2024-04-04,895,4662,2276,2363,0
treasure_adventure_puzzle,theme_combo,51449726,Остров Пиратов,Puzzle,strong,puzzle<genre:Puzzle>; theme<title:пират>,7074,2022-10-26,1421,3454,2397,859,0
treasure_adventure_puzzle,theme_combo,53263334,Тайны галактики. Три в ряд,Three in a row,strong,puzzle<genre:Three in a row>; theme<desc:артефакт>,6482,2025-04-01,533,3865,2761,954,0
treasure_adventure_puzzle,theme_combo,54163194,Ледяной Взрыв,Three in a row,strong,puzzle<genre:Three in a row>; theme<desc:сокровищ>,6482,2025-09-24,357,3022,2158,962,0
treasure_adventure_puzzle,theme_combo,54091173,Поиск Предметов: Найди Клад,Puzzle,strong,puzzle<genre:Puzzle>; theme<title:клад>,6207,2025-09-05,376,2843,1078,,0
treasure_adventure_puzzle,theme_combo,54696297,Зал секретов: Поиск предметов,Puzzle,strong,puzzle<genre:Puzzle>; theme<desc:артефакт>,6205,2026-09-14,2,26,481,228,1
treasure_adventure_puzzle,theme_combo,6604566,Слоты LiveGames-слот автоматы,Gambling,strong,puzzle<mechanic:match3>; theme<desc:сокровищ>,5707,2018-07-20,2980,4262,3651,3653,0
treasure_adventure_puzzle,theme_combo,53624698,Зума Сокровища пиратов,Three in a row,strong,puzzle<genre:Three in a row>; theme<title:сокровищ>,5598,2025-05-29,475,4186,1609,,0
treasure_adventure_puzzle,theme_combo,51807678,Сокровища - Три в Ряд,Three in a row,strong,puzzle<genre:Three in a row>; theme<title:сокровищ>,5270,2024-02-29,930,4527,2433,2345,0
treasure_adventure_puzzle,theme_combo,54464162,Вокруг света за 80 дней,Puzzle,strong,puzzle<genre:Puzzle>; theme<desc:артефакт>,5240,2026-04-07,162,3532,2544,269,1
treasure_adventure_puzzle,theme_combo,54582396,Герои Стихий: РПГ Три в ряд,Three in a row,strong,puzzle<genre:Three in a row>; theme<desc:сокровищ>,4881,2026-07-31,47,3977,376,583,0
treasure_adventure_puzzle,theme_combo,54554906,Обби Менеджер Питомцев,Simulator,strong,puzzle<mechanic:merge>; theme<desc:сундук>,4527,2026-05-20,119,4637,527,,0
treasure_adventure_puzzle,theme_combo,54046127,Сэндтрис,Puzzle,strong,puzzle<genre:Puzzle>; theme<desc:сокровищ>,4465,2025-09-11,370,4089,799,2680,0
treasure_adventure_puzzle,theme_combo,54653840,Моя Шахта,Economic,strong,puzzle<mechanic:merge>; theme<desc:сундук>,4233,2026-07-28,50,2261,260,756,1
treasure_adventure_puzzle,theme_combo,54410638,Пираты: Слияние силы,Strategy,strong,puzzle<mechanic:merge>; theme<title:пират>,3772,2025-12-30,260,,2301,1012,0
treasure_adventure_puzzle,theme_combo,51807679,Затерянный город - Три в ряд,Three in a row,strong,puzzle<genre:Three in a row>; theme<title:затерян>,3613,2024-03-06,924,3631,1219,2294,0
treasure_adventure_puzzle,theme_combo,53307659,Шахтер Копатель: Кирка,Puzzle,strong,puzzle<genre:Puzzle>; theme<desc:сундук>,3189,2025-03-24,541,3107,4869,4871,0
treasure_adventure_puzzle,theme_combo,51803831,Шарики - Пиратская Пушка,Puzzle,strong,puzzle<genre:Puzzle>; theme<title:пират>,2822,2023-12-06,1015,2287,4426,4418,0
treasure_adventure_puzzle,theme_combo,54097758,Затерянный остров 2,Puzzle,strong,puzzle<genre:Puzzle>; theme<title:затерян>,2653,2025-09-08,373,1668,4620,4622,0
treasure_adventure_puzzle,theme_combo,53820780,Поиск Наследие крови,Puzzle,strong,puzzle<genre:Puzzle>; theme<desc:артефакт>,2373,2025-07-02,441,1778,3494,3504,0
treasure_adventure_puzzle,theme_combo,53042807,Капибары: Золотая лихорадка,Hyper-casual,strong,puzzle<mechanic:sort>; theme<desc:сокровищ>,2294,2025-03-03,562,1014,2710,1731,0
treasure_adventure_puzzle,theme_combo,53813365,Затерянный оcтров,Puzzle,strong,puzzle<genre:Puzzle>; theme<title:затерян>,2248,2025-07-25,418,3159,2940,2942,0
treasure_adventure_puzzle,theme_combo,54678488,Танки - Онлайн,Arcade,strong,puzzle<mechanic:extra_block_hexa>; theme<desc:джунгл>,2028,2026-08-06,41,3669,2629,1746,0
treasure_adventure_puzzle,theme_combo,54691807,Кристальные сокровища,Three in a row,strong,puzzle<genre:Three in a row>; theme<title:сокровищ>,1988,2026-08-05,42,2184,3402,3583,0
treasure_adventure_puzzle,theme_combo,51630451,Золотой Ход: Квест,Puzzle,strong,puzzle<genre:Puzzle>; theme<desc:сокровищ>,1935,2023-05-02,1233,3030,4390,4391,0
treasure_adventure_puzzle,theme_combo,54724792,Лавка Алхимика,Puzzle,strong,puzzle<genre:Puzzle>; theme<desc:сундук>,1847,2026-08-31,16,1310,3899,3873,0
treasure_adventure_puzzle,theme_combo,53981531,Волшебная Сага: Три в ряд,Three in a row,strong,puzzle<genre:Three in a row>; theme<desc:артефакт>,1548,2025-08-18,394,3766,3422,3398,0
treasure_adventure_puzzle,theme_combo,52668054,Солитер Остров Сокровищ,Puzzle,strong,puzzle<genre:Puzzle>; theme<title:сокровищ>,1487,2024-11-15,670,,3325,3326,0
treasure_adventure_puzzle,theme_combo,53359895,Маджонг Алоха,Puzzle,strong,puzzle<genre:Puzzle>; theme<desc:пирамид>,1360,2025-04-14,520,3850,3979,3980,0
treasure_adventure_puzzle,theme_combo,52897974,Лапки прочь - я ищу,Hyper-casual,strong,puzzle<mechanic:extra_hidden_object_differences>; theme<desc:сокровищ>,1203,2025-08-20,392,2006,3824,3833,0
treasure_adventure_puzzle,theme_combo,54713874,Мердж Закулисье,Simulator,strong,puzzle<mechanic:merge>; theme<desc:сундук>,1002,2026-08-18,29,873,4452,4454,0
treasure_adventure_puzzle,theme_combo,52697346,Три в Ряд - Для взрослых,Three in a row,strong,puzzle<genre:Three in a row>; theme<desc:сокровищ>,930,2024-11-18,667,4393,4870,4872,0
treasure_adventure_puzzle,theme_combo,54647451,Endless Dungeon: РПГ рогалик,RPG,strong,puzzle<mechanic:merge>; theme<desc:артефакт>,907,2026-07-22,56,1575,2747,1010,0
treasure_adventure_puzzle,theme_combo,54552194,Брейнрот Инкубатор,Hyper-casual,strong,puzzle<mechanic:merge>; theme<desc:экспедиц>,808,2026-05-14,125,2591,4036,4037,0
treasure_adventure_puzzle,theme_combo,54667724,Фрагментикс: японская мозаика,Puzzle,strong,puzzle<genre:Puzzle>; theme<desc:археолог>,778,2026-07-15,63,,3438,3480,0
treasure_adventure_puzzle,theme_combo,54628255,G-Remake. Тренажер,Puzzle,strong,puzzle<genre:Puzzle>; theme<desc:сундук>,756,2026-06-26,82,4780,4342,4343,0
treasure_adventure_puzzle,theme_combo,54737745,Спаси Семью: Цветные Винты,Hyper-casual,strong,puzzle<mechanic:screw>; theme<desc:сундук>,689,2026-09-09,7,474,3590,3566,0
treasure_adventure_puzzle,theme_combo,54636684,Три в ряд - Сказочный лес,Three in a row,strong,puzzle<genre:Three in a row>; theme<desc:сундук>,660,2026-07-03,75,3163,2875,2879,0
treasure_adventure_puzzle,theme_combo,54567845,Клад и мины: гекса-путь,Puzzle,strong,puzzle<genre:Puzzle>; theme<title:клад>,637,2026-06-11,97,1542,4313,4313,0
treasure_adventure_puzzle,theme_combo,54580672,Линия славы: Арена,Three in a row,strong,puzzle<genre:Three in a row>; theme<desc:сундук>,623,2026-06-01,107,2615,2732,794,0
treasure_adventure_puzzle,theme_combo,54621633,Барахолка,Puzzle,strong,puzzle<genre:Puzzle>; theme<desc:сокровищ>,558,2026-07-02,76,2182,3394,3404,0
treasure_adventure_puzzle,theme_combo,54727742,Алхимия: Мир открытий,Puzzle,strong,puzzle<genre:Puzzle>; theme<desc:сокровищ>,551,2026-09-03,13,1037,3571,3572,0
treasure_adventure_puzzle,theme_combo,54713924,STELLAR VOYAGE,Three in a row,strong,puzzle<genre:Three in a row>; theme<desc:артефакт>,429,2026-08-18,29,3420,4116,4117,0
treasure_adventure_puzzle,theme_combo,54692847,67 БЛОКОВ,Puzzle,strong,puzzle<genre:Puzzle>; theme<desc:сокровищ>,252,2026-09-07,9,1299,3475,3373,0
treasure_adventure_puzzle,theme_combo,54653496,Пазл Перемен,Puzzle,strong,puzzle<genre:Puzzle>; theme<desc:сундук>,115,2026-09-14,2,759,3513,3523,0
treasure_adventure_puzzle,theme_combo,53016679,Маджонг Солитер,Tabletop game,strong,puzzle<mechanic:extra_tile_mahjong>; theme<desc:пирамид>,98,2025-06-27,446,4869,4107,4108,0
treasure_adventure_puzzle,theme_combo,54757390,Гномье королевство,Puzzle,strong,puzzle<genre:Puzzle>; theme<desc:сокровищ>,45,2026-09-14,2,1193,3524,3499,0
treasure_adventure_puzzle,theme_combo,54707984,Пиратские Сокровища,Puzzle,strong,puzzle<genre:Puzzle>; theme<title:пират>,5,2026-09-16,0,4929,3164,3165,0
treasure_adventure_puzzle,theme_combo,6990632,Котопоиск: Найди отличия ✅,Puzzle,weak,puzzle<genre:Puzzle>; theme<title_weak:поиск>,1342557,2019-05-21,2675,497,91,212,1
treasure_adventure_puzzle,theme_combo,6745237,🍓Сладкие Загадки: 3-в-ряд,Three in a row,weak,puzzle<genre:Three in a row>; theme<title_weak:загадк>,786980,2018-12-14,2833,114,58,156,1
treasure_adventure_puzzle,theme_combo,52438621,Тайна Особняка,Puzzle,weak,puzzle<genre:Puzzle>; theme<title_weak:тайн>,748011,2024-11-20,665,9,9,1,1
treasure_adventure_puzzle,theme_combo,51522674,Блоквест,Puzzle,weak,puzzle<genre:Puzzle>; theme<title_weak:квест>,353223,2023-02-15,1309,110,114,500,1
treasure_adventure_puzzle,theme_combo,7689113,2048 + Квесты,Puzzle,weak,puzzle<genre:Puzzle>; theme<title_weak:квест>,351447,2021-09-21,1821,3254,337,,0
treasure_adventure_puzzle,theme_combo,5757681,Тайны Прошлого: Величие!,Three in a row,weak,puzzle<genre:Three in a row>; theme<title_weak:тайн>,343305,2016-12-16,3561,4755,4235,4236,0
treasure_adventure_puzzle,theme_combo,7155515,Необитаемый остров 🧡,Three in a row,weak,puzzle<genre:Three in a row>; theme<title_weak:остров>,248920,2019-10-06,2537,4254,1701,1001,0
treasure_adventure_puzzle,theme_combo,5897962,Ловушка разума,Adventure,weak,puzzle<desc_weak:головолом>; theme<desc:сокровищ>,244931,2018-03-21,3101,1377,3689,3694,0
treasure_adventure_puzzle,theme_combo,6486302,Хранители Джунглей,Hyper-casual,weak,puzzle<desc_weak:головолом>; theme<title:джунгл>,238637,2018-09-20,2918,,798,1160,0
treasure_adventure_puzzle,theme_combo,7522400,❤️Короли&Дамы: пасьянс 3 пика,Tabletop game,weak,puzzle<desc_weak:головолом>; theme<desc:пирамид>,234947,2020-06-28,2271,4711,156,313,1
treasure_adventure_puzzle,theme_combo,4739676,Поиск Предметов Онлайн,Puzzle,weak,puzzle<genre:Puzzle>; theme<title_weak:поиск>,166932,2018-04-10,3081,,1267,1067,0
treasure_adventure_puzzle,theme_combo,7139584,🌈Секреты Шармляндии,Three in a row,weak,puzzle<genre:Three in a row>; theme<title_weak:секрет>,163260,2019-09-27,2546,3285,368,1278,0
treasure_adventure_puzzle,theme_combo,5013079,Ледяной Остров,Three in a row,weak,puzzle<genre:Three in a row>; theme<title_weak:остров>,138564,2015-08-03,4062,,2896,2901,0
treasure_adventure_puzzle,theme_combo,51626772,Поиск слов,Word game,weak,puzzle<desc_weak:уровней сложност>; theme<title_weak:поиск>,106226,2023-04-27,1238,193,186,489,1
treasure_adventure_puzzle,theme_combo,4670107,Поиск Предметов Онлайн 2,Puzzle,weak,puzzle<genre:Puzzle>; theme<title_weak:поиск>,104699,2018-12-04,2843,2011,1431,,0
treasure_adventure_puzzle,theme_combo,6458386,Цена Свободы 2: Поиск ответов,Adventure,weak,puzzle<desc_weak:пазл>; theme<title_weak:поиск>,90233,2018-05-14,3047,4540,1676,1765,0
treasure_adventure_puzzle,theme_combo,53585935,Поиск Предметов Улики и Тайны,Puzzle,weak,puzzle<genre:Puzzle>; theme<title_weak:поиск>,89525,2025-05-23,481,232,236,265,1
treasure_adventure_puzzle,theme_combo,52551065,Секретный Обби Паркур,Arcade,weak,puzzle<mechanic:extra_hidden_object_differences>; theme<title_weak:секрет>,82973,2024-11-07,678,423,884,,0
treasure_adventure_puzzle,theme_combo,53173186,Потеряшки - поиск предметов,Puzzle,weak,puzzle<genre:Puzzle>; theme<title_weak:поиск>,76776,2025-03-10,555,605,631,296,1
treasure_adventure_puzzle,theme_combo,7183892,Вега Микс: Зимние приключения,Three in a row,weak,puzzle<genre:Three in a row>; theme<title_weak:приключени>,69115,2019-11-15,2497,4835,1395,1942,0
treasure_adventure_puzzle,theme_combo,7966457,Древнейшие головоломки,Puzzle,weak,puzzle<genre:Puzzle>; theme<title_weak:древн>,67623,2022-01-24,1696,1882,2136,2510,0
treasure_adventure_puzzle,theme_combo,7516281,Мумия,Hyper-casual,weak,puzzle<desc_weak:головолом>; theme<desc:пирамид>,52145,2020-12-15,2101,,1547,,0
treasure_adventure_puzzle,theme_combo,7554932,Поиск Предметов: Детектив,Puzzle,weak,puzzle<genre:Puzzle>; theme<title_weak:поиск>,51836,2020-10-26,2151,1950,2141,1687,0
treasure_adventure_puzzle,theme_combo,7912147,Лесное Приключение,Three in a row,weak,puzzle<genre:Three in a row>; theme<title_weak:приключени>,51835,2021-08-23,1850,3990,4603,4605,0
treasure_adventure_puzzle,theme_combo,4516443,Тайны Парижа: поиск предметов,Puzzle,weak,puzzle<genre:Puzzle>; theme<title_weak:тайн>,48471,2017-08-16,3318,4726,2772,933,0
treasure_adventure_puzzle,theme_combo,52435171,Королевская кухня,Strategy,weak,puzzle<desc_weak:головолом>; theme<desc:затерян>,45597,2024-10-11,705,4709,2620,978,0
treasure_adventure_puzzle,theme_combo,6084542,Загадки детства,Puzzle,weak,puzzle<genre:Puzzle>; theme<title_weak:загадк>,44177,2017-11-09,3233,4737,3955,3965,0
treasure_adventure_puzzle,theme_combo,54614420,Остров Слияний,Economic,weak,puzzle<mechanic:merge>; theme<title_weak:остров>,41342,2026-06-15,93,177,56,9,1
treasure_adventure_puzzle,theme_combo,7943016,Поиск пар 2D: матч предметов,Puzzle,weak,puzzle<genre:Puzzle>; theme<title_weak:поиск>,39327,2021-09-13,1829,4469,1366,672,0
treasure_adventure_puzzle,theme_combo,7661484,Отличия - Поиск отличий,Puzzle,weak,puzzle<genre:Puzzle>; theme<title_weak:поиск>,38512,2021-01-21,2064,3069,3088,3080,0
treasure_adventure_puzzle,theme_combo,8098757,Секреты Замка - Три в ряд,Three in a row,weak,puzzle<genre:Three in a row>; theme<title_weak:секрет>,38071,2022-05-30,1570,4212,2352,258,1
treasure_adventure_puzzle,theme_combo,8180902,Северное слияние - тайна леса,Economic,weak,puzzle<mechanic:merge>; theme<title_weak:тайн>,34839,2022-08-09,1499,2694,300,60,1
treasure_adventure_puzzle,theme_combo,53526998,Остров питомцев,Puzzle,weak,puzzle<genre:Puzzle>; theme<title_weak:остров>,34339,2025-06-18,455,4846,2223,1962,0
treasure_adventure_puzzle,theme_combo,5456261,Небесное Приключение : три в ряд,Three in a row,weak,puzzle<genre:Three in a row>; theme<title_weak:приключени>,31327,2017-07-26,3339,4874,4051,4052,0
treasure_adventure_puzzle,theme_combo,8222423,Спасение Героя,Hyper-casual,weak,puzzle<desc_weak:головолом>; theme<desc:сокровищ>,30942,2022-08-05,1503,1562,1946,1938,0
treasure_adventure_puzzle,theme_combo,51895548,Маджонг - Волшебные острова,Puzzle,weak,puzzle<genre:Puzzle>; theme<title_weak:остров>,27293,2024-04-23,876,2763,2090,2311,0
treasure_adventure_puzzle,theme_combo,51530048,Остров Трубопроводов,Puzzle,weak,puzzle<genre:Puzzle>; theme<title_weak:остров>,26136,2023-01-23,1332,2540,3796,3770,0
treasure_adventure_puzzle,theme_combo,52820689,Тайны Лесной Поляны,Three in a row,weak,puzzle<genre:Three in a row>; theme<title_weak:тайн>,25921,2024-12-12,643,2195,2098,,0
treasure_adventure_puzzle,theme_combo,51558273,Поиск Отличий,Puzzle,weak,puzzle<genre:Puzzle>; theme<title_weak:поиск>,25813,2023-03-13,1283,1563,4642,4644,0
treasure_adventure_puzzle,theme_combo,51807037,Приключение Шарика,Adventure,weak,puzzle<desc_weak:головолом>; theme<title_weak:приключени>,25794,2023-12-04,1017,2090,2007,2252,0
treasure_adventure_puzzle,theme_combo,52207878,Поиск Предметов: Милый Дом,Puzzle,weak,puzzle<genre:Puzzle>; theme<title_weak:поиск>,24566,2024-10-01,715,940,3802,3812,0
treasure_adventure_puzzle,theme_combo,7869938,Турне Поиск Предметов,Puzzle,weak,puzzle<genre:Puzzle>; theme<title_weak:поиск>,24555,2021-06-18,1916,1436,1768,514,0
treasure_adventure_puzzle,theme_combo,54489190,Улица Секретов,Puzzle,weak,puzzle<genre:Puzzle>; theme<title_weak:секрет>,21203,2026-03-30,170,2384,1269,2499,0
treasure_adventure_puzzle,theme_combo,52894107,Захватывающее Приключение,Puzzle,weak,puzzle<genre:Puzzle>; theme<title_weak:приключени>,20791,2025-08-27,385,1408,2390,,0
treasure_adventure_puzzle,theme_combo,53114451,Поиск слов по теме,Word game,weak,puzzle<mechanic:extra_hidden_object_differences>; theme<title_weak:поиск>,19001,2025-02-21,572,2894,2084,1007,0
treasure_adventure_puzzle,theme_combo,52825865,WordWaves: поиск слов,Word game,weak,puzzle<desc_weak:головолом>; theme<title_weak:поиск>,13798,2025-06-02,471,3812,2539,1217,0
treasure_adventure_puzzle,theme_combo,51493084,Повезло Подпрыгивая,Puzzle,weak,puzzle<genre:Puzzle>; theme<desc_weak:золотые монет>,13795,2023-04-12,1253,1884,2965,2967,0
treasure_adventure_puzzle,theme_combo,53944599,Словоряд: Поиск слов,Word game,weak,puzzle<desc_weak:головолом>; theme<title_weak:поиск>,12893,2025-07-24,419,3081,2271,236,1
treasure_adventure_puzzle,theme_combo,54053097,Поиск Предметов: Мой Отель,Puzzle,weak,puzzle<genre:Puzzle>; theme<title_weak:поиск>,12767,2025-08-22,390,2440,2504,559,0
treasure_adventure_puzzle,theme_combo,54601773,Пасьянс Урожай Удачи: Три Пик,Tabletop game,weak,puzzle<desc_weak:головолом>; theme<desc:пирамид>,12077,2026-06-23,85,4431,949,30,1
treasure_adventure_puzzle,theme_combo,51420554,Поиск Предметов: Дуэль,Puzzle,weak,puzzle<genre:Puzzle>; theme<title_weak:поиск>,10667,2022-09-09,1468,2470,2501,,0
treasure_adventure_puzzle,theme_combo,54111604,Затерянный Остров: Ферма,Adventure,weak,puzzle<desc_weak:головолом>; theme<title:затерян>,10139,2025-09-09,372,4686,2695,2474,0
treasure_adventure_puzzle,theme_combo,52901297,Гекса Квест,Puzzle,weak,puzzle<genre:Puzzle>; theme<title_weak:квест>,9726,2025-01-14,610,3971,1852,1864,0
treasure_adventure_puzzle,theme_combo,52484786,Солитер Таро,Tabletop game,weak,puzzle<desc_weak:головолом>; theme<desc_weak:тайны древн>,9674,2024-11-13,672,2748,3071,3073,0
treasure_adventure_puzzle,theme_combo,51541268,Птичий остров,Three in a row,weak,puzzle<genre:Three in a row>; theme<title_weak:остров>,9090,2023-02-02,1322,3363,663,417,0
treasure_adventure_puzzle,theme_combo,51876744,Привет это Кот! Приключения,Puzzle,weak,puzzle<genre:Puzzle>; theme<title_weak:приключени>,8975,2024-03-25,905,2316,2619,2750,0
treasure_adventure_puzzle,theme_combo,54367793,Тайна пяти букв,Word game,weak,puzzle<desc_weak:головолом>; theme<title_weak:тайн>,6791,2026-01-19,240,2269,2473,773,0
treasure_adventure_puzzle,theme_combo,54571681,В поисках дракона,Three in a row,weak,puzzle<genre:Three in a row>; theme<title_weak:поиск>,6199,2026-05-27,112,421,1685,,0
treasure_adventure_puzzle,theme_combo,52955347,Древняя Сага,Simulator,weak,puzzle<desc_weak:головолом>; theme<title_weak:древн>,6075,2025-06-30,443,4331,2386,891,0
treasure_adventure_puzzle,theme_combo,54454139,Сортировка птиц: Квест,Puzzle,weak,puzzle<genre:Puzzle>; theme<title_weak:квест>,5963,2026-02-17,211,3693,751,2679,0
treasure_adventure_puzzle,theme_combo,4693053,Mortal Kombat 2 Quest,Simulator,weak,puzzle<mechanic:match3>; theme<title_weak:quest>,5908,2020-08-30,2208,3197,3296,3297,0
treasure_adventure_puzzle,theme_combo,52207936,Поиск Предметов: Коллекция,Puzzle,weak,puzzle<genre:Puzzle>; theme<title_weak:поиск>,5765,2024-09-18,728,2752,3051,3054,0
treasure_adventure_puzzle,theme_combo,53983344,Словогонка:  Поиск слов,Word game,weak,puzzle<desc_weak:головолом>; theme<title_weak:поиск>,5753,2025-08-04,408,2134,1408,1006,0
treasure_adventure_puzzle,theme_combo,53977781,Поиск Предметов: Любимый Дом,Puzzle,weak,puzzle<genre:Puzzle>; theme<title_weak:поиск>,5626,2025-08-01,411,2389,679,2523,0
treasure_adventure_puzzle,theme_combo,54433201,Волшебный Лес - Секреты,Puzzle,weak,puzzle<genre:Puzzle>; theme<title_weak:секрет>,5449,2026-01-30,229,4570,2147,2767,0
treasure_adventure_puzzle,theme_combo,51836858,Спасательные Приключения,Puzzle,weak,puzzle<genre:Puzzle>; theme<title_weak:приключени>,5272,2024-09-10,736,3078,3218,3185,0
treasure_adventure_puzzle,theme_combo,53021792,Путешествие по Мягкому миру,Puzzle,weak,puzzle<genre:Puzzle>; theme<title_weak:путешеств>,4396,2025-02-25,568,3212,437,2799,0
treasure_adventure_puzzle,theme_combo,54315727,Рождественские Чудеса: Поиски,Puzzle,weak,puzzle<genre:Puzzle>; theme<title_weak:поиск>,4293,2025-11-20,300,3455,553,863,0
treasure_adventure_puzzle,theme_combo,51499386,Числовой квест,Tabletop game,weak,puzzle<desc_weak:головолом>; theme<title_weak:квест>,3888,2022-12-13,1373,3338,3717,3718,0
treasure_adventure_puzzle,theme_combo,54643862,Поиск слов с подсказкой,Word game,weak,puzzle<desc_weak:головолом>; theme<title_weak:поиск>,3842,2026-06-26,82,2812,1306,2801,0
treasure_adventure_puzzle,theme_combo,54539824,Zuma Спасти лисенка,Three in a row,weak,puzzle<genre:Three in a row>; theme<desc_weak:руин>,3748,2026-04-14,155,4185,2351,,0
treasure_adventure_puzzle,theme_combo,52302183,Яйцо Приключение,Hyper-casual,weak,puzzle<desc_weak:головолом>; theme<title_weak:приключени>,3658,2025-06-27,446,1894,3155,3156,0
treasure_adventure_puzzle,theme_combo,53981913,Добеги до туалета: WC-квест,Simulator,weak,puzzle<mechanic:extra_hidden_object_differences>; theme<title_weak:квест>,3620,2025-08-15,397,1684,4581,4583,0
treasure_adventure_puzzle,theme_combo,54688135,Поиск слов СССР,Word game,weak,puzzle<mechanic:extra_hidden_object_differences>; theme<title_weak:поиск>,3335,2026-07-31,47,2699,1741,716,0
treasure_adventure_puzzle,theme_combo,54716330,Поиск предметов: Дело Аврора,Hyper-casual,weak,puzzle<mechanic:extra_hidden_object_differences>; theme<title_weak:поиск>,3327,2026-08-19,28,1210,1857,1714,0
treasure_adventure_puzzle,theme_combo,54145457,Поиск предметов: СССР,Puzzle,weak,puzzle<genre:Puzzle>; theme<title_weak:поиск>,3104,2025-11-13,307,1951,2422,1688,0
treasure_adventure_puzzle,theme_combo,54407288,Собери три: Тайна леса,Puzzle,weak,puzzle<genre:Puzzle>; theme<title_weak:тайн>,3097,2025-12-29,261,3729,3798,3772,0
treasure_adventure_puzzle,theme_combo,51769348,Математический Остров Собак,Puzzle,weak,puzzle<genre:Puzzle>; theme<title_weak:остров>,2843,2023-10-17,1065,1847,417,803,0
treasure_adventure_puzzle,theme_combo,53820888,Поиск Итальянских животных,Puzzle,weak,puzzle<genre:Puzzle>; theme<title_weak:поиск>,2759,2025-07-01,442,1561,4615,4642,0
treasure_adventure_puzzle,theme_combo,54642480,Шахматный Квест,Puzzle,weak,puzzle<genre:Puzzle>; theme<title_weak:квест>,2744,2026-06-24,84,3563,744,640,0
treasure_adventure_puzzle,theme_combo,52405430,ВегаМикс Морские приключения,Three in a row,weak,puzzle<genre:Three in a row>; theme<title_weak:приключени>,2735,2024-10-21,695,2535,1860,463,0
treasure_adventure_puzzle,theme_combo,54623957,Trap Adventure,Puzzle,weak,puzzle<genre:Puzzle>; theme<title_weak:adventure>,2691,2026-06-30,78,2999,620,868,0
treasure_adventure_puzzle,theme_combo,53566082,В поисках Бриллианта,Three in a row,weak,puzzle<genre:Three in a row>; theme<title_weak:поиск>,2680,2025-05-15,489,4418,1356,268,1
treasure_adventure_puzzle,theme_combo,51869653,Мерж Детектив - Скрытая Тайна,Economic,weak,puzzle<mechanic:merge>; theme<title_weak:тайн>,2603,2024-03-11,919,3782,2609,2414,0
treasure_adventure_puzzle,theme_combo,54213743,Поиск предметов: Англия,Puzzle,weak,puzzle<genre:Puzzle>; theme<title_weak:поиск>,2557,2025-12-01,289,1886,2963,2974,0
treasure_adventure_puzzle,theme_combo,54228452,Филворды: Поиск слов,Puzzle,weak,puzzle<genre:Puzzle>; theme<title_weak:поиск>,2340,2025-10-14,337,3227,2895,2899,0
treasure_adventure_puzzle,theme_combo,51845941,Секреты любви - Раскраска,Tabletop game,weak,puzzle<mechanic:extra_picture_jigsaw>; theme<title_weak:секрет>,2283,2024-02-15,944,4211,2762,,0
treasure_adventure_puzzle,theme_combo,52615273,Пирамида 13,Tabletop game,weak,puzzle<desc_weak:головолом>; theme<title:пирамид>,2163,2024-11-19,666,4233,3060,3063,0
treasure_adventure_puzzle,theme_combo,53300154,Mahjong Pet Quest,Puzzle,weak,puzzle<genre:Puzzle>; theme<title_weak:quest>,2144,2025-03-28,537,2993,4232,4233,0
treasure_adventure_puzzle,theme_combo,53391764,Секреты Фруктов - Слияние,Puzzle,weak,puzzle<genre:Puzzle>; theme<title_weak:секрет>,2039,2025-04-08,526,2682,3124,3116,0
treasure_adventure_puzzle,theme_combo,54637823,Филворд Острова,Puzzle,weak,puzzle<genre:Puzzle>; theme<title_weak:остров>,2038,2026-09-07,9,720,1262,,0
treasure_adventure_puzzle,theme_combo,54457124,Поиск Аномалий,Puzzle,weak,puzzle<genre:Puzzle>; theme<title_weak:поиск>,2023,2026-02-19,209,2950,4039,4015,0
treasure_adventure_puzzle,theme_combo,53872649,Поиск слов,Word game,weak,puzzle<desc_weak:головолом>; theme<title_weak:поиск>,1630,2025-07-09,434,4084,3222,3223,0
treasure_adventure_puzzle,theme_combo,53433009,Секреты овощей. Слияние,Hyper-casual,weak,puzzle<mechanic:merge>; theme<title_weak:секрет>,1491,2025-04-18,516,4733,3945,3946,0
treasure_adventure_puzzle,theme_combo,54653063,Перудо Онлайн,Tabletop game,weak,puzzle<desc_weak:уровней сложност>; theme<desc:пират>,1307,2026-07-10,68,3826,2986,2979,0
treasure_adventure_puzzle,theme_combo,53909060,Королевство слов,Word game,weak,puzzle<desc_weak:головолом>; theme<desc:сундук>,1274,2025-10-16,335,3734,3896,3870,0
treasure_adventure_puzzle,theme_combo,52818841,Секретный код,Puzzle,weak,puzzle<genre:Puzzle>; theme<title_weak:секрет>,1181,2025-01-09,615,4327,3946,3938,0
treasure_adventure_puzzle,theme_combo,51889455,Цветной лабиринт Поиск Звезды,Puzzle,weak,puzzle<genre:Puzzle>; theme<title_weak:поиск>,1134,2024-03-29,901,1941,3094,3095,0
treasure_adventure_puzzle,theme_combo,51778258,Новогоднее Приключение,Puzzle,weak,puzzle<genre:Puzzle>; theme<title_weak:приключени>,1076,2023-11-27,1024,1997,4102,4103,0
treasure_adventure_puzzle,theme_combo,54616467,Bird Boom: Битва Миров,Arcade,weak,puzzle<desc_weak:головолом>; theme<desc:джунгл>,850,2026-08-03,44,4651,2830,2834,0
treasure_adventure_puzzle,theme_combo,54752934,Приключения Джелли,Three in a row,weak,puzzle<genre:Three in a row>; theme<title_weak:приключени>,832,2026-09-15,1,43,,3803,1
treasure_adventure_puzzle,theme_combo,54478968,Коллекция онлайн-пасьянсов,Tabletop game,weak,puzzle<desc_weak:головолом>; theme<desc:пирамид>,354,2026-03-18,182,3536,4648,4650,0
treasure_adventure_puzzle,theme_combo,54762397,Найдоку: Поиск котят,Puzzle,weak,puzzle<genre:Puzzle>; theme<title_weak:поиск>,122,2026-09-16,0,328,3595,3571,0
extra_tile_mahjong,extra_mechanic,1900075,СтритРейсеры - настоящие уличные гонки!,Racing,strong,desc:тайл,5446569,2010-07-06,5916,425,,3467,0
extra_tile_mahjong,extra_mechanic,52502367,Ёлочка 2026,Adventure,strong,desc:тайл,1752031,2024-10-30,686,24,3,3,1
extra_tile_mahjong,extra_mechanic,6621905,Маджонг,Tabletop game,strong,title:маджонг; desc:маджонг,287901,2018-08-29,2940,1152,944,584,0
extra_tile_mahjong,extra_mechanic,52479294,Маджонг бесплатно ✅,Puzzle,strong,title:маджонг; desc:маджонг,260102,2024-10-25,691,270,84,382,1
extra_tile_mahjong,extra_mechanic,51495317,Собери-3: Маджонг,Three in a row,strong,title:маджонг; desc:маджонг,242100,2022-12-13,1373,4580,403,2796,0
extra_tile_mahjong,extra_mechanic,7459018,Весёлые Зверята,Puzzle,strong,desc:маджонг,197815,2020-05-12,2318,4926,810,1803,0
extra_tile_mahjong,extra_mechanic,52693009,Вор. Взломай сейф,Puzzle,strong,desc:маджонг,190177,2024-11-20,665,4666,1250,2356,0
extra_tile_mahjong,extra_mechanic,51773566,Маджонг Онлайн,Tabletop game,strong,title:маджонг; desc:маджонг,171354,2023-12-07,1014,1104,125,87,1
extra_tile_mahjong,extra_mechanic,8029885,Маджонг Светлячок,Puzzle,strong,title:маджонг,142725,2021-12-20,1731,4588,563,2741,0
extra_tile_mahjong,extra_mechanic,54380425,Яга: Зелья судьбы,Puzzle,strong,desc:маджонг,129265,2026-06-24,84,122,93,36,1
extra_tile_mahjong,extra_mechanic,51880018,Сады Маджонга,Three in a row,strong,title:маджонг; desc:маджонг,110211,2024-03-21,909,3300,557,,0
extra_tile_mahjong,extra_mechanic,51746892,Маджонг Классика,Puzzle,strong,title:маджонг; desc:маджонг,108162,2023-09-25,1087,812,141,371,1
extra_tile_mahjong,extra_mechanic,52025299,Бесконечный Маджонг: Пасьянс,Puzzle,strong,title:маджонг; desc:маджонг,100378,2024-07-29,779,559,213,,1
extra_tile_mahjong,extra_mechanic,54349837,Маджонг Клуб Головоломок ✅,Tabletop game,strong,title:маджонг; desc:маджонг,79091,2026-02-12,216,4548,373,1734,0
extra_tile_mahjong,extra_mechanic,53022963,Бесплатный Маджонг,Puzzle,strong,title:маджонг; desc:маджонг,78895,2025-02-10,583,920,549,,0
extra_tile_mahjong,extra_mechanic,54443714,Тайл Матч Три в ряд,Three in a row,strong,title:тайл; desc:тайл,59374,2026-05-22,117,1504,297,341,1
extra_tile_mahjong,extra_mechanic,53570081,Маджонг Дзен Сад,Puzzle,strong,title:маджонг; desc:маджонг,52470,2025-05-27,477,404,976,303,0
extra_tile_mahjong,extra_mechanic,51889943,Соедини Цвета - головоломка,Puzzle,strong,desc:маджонг,52249,2024-04-01,898,4213,1480,,0
extra_tile_mahjong,extra_mechanic,54184211,Сортируй Плитки,Puzzle,strong,title:плитк,41102,2025-10-13,338,4512,769,569,0
extra_tile_mahjong,extra_mechanic,52916564,Джонг Маджонг,Puzzle,strong,title:маджонг; desc:маджонг,28973,2025-01-14,610,2144,827,1097,0
extra_tile_mahjong,extra_mechanic,51701763,Маджонг: Игра в слова,Puzzle,strong,title:маджонг; desc:маджонг,28189,2023-09-05,1107,2517,2750,,0
extra_tile_mahjong,extra_mechanic,51895548,Маджонг - Волшебные острова,Puzzle,strong,title:маджонг; desc:маджонг,27293,2024-04-23,876,2763,2090,2311,0
extra_tile_mahjong,extra_mechanic,52796427,Город кошек - три-в-ряд,Three in a row,strong,desc:соберите 3 плит,25688,2024-12-10,645,3068,1915,2749,0
extra_tile_mahjong,extra_mechanic,8091249,Dragon Puzzle,Three in a row,strong,desc:маджонг,21572,2022-03-17,1644,,2678,,0
extra_tile_mahjong,extra_mechanic,54099954,СССР Маджонг ✅,Puzzle,strong,title:маджонг; desc:маджонг,20222,2025-10-30,321,4605,2236,,0
extra_tile_mahjong,extra_mechanic,7697385,Маджонг Сладкая Пасха,Puzzle,strong,title:маджонг,16822,2020-12-15,2101,3672,1341,2791,0
extra_tile_mahjong,extra_mechanic,53981961,Флирт-пазл: Знакомься!,Communication,strong,desc:тайл,16176,2026-02-19,209,621,1972,,0
extra_tile_mahjong,extra_mechanic,51625375,Подключить Мастер,Puzzle,strong,desc:tile,15658,2023-05-11,1224,3475,4404,4405,0
extra_tile_mahjong,extra_mechanic,54382240,Деревня Викингов,Arcade,strong,desc:тайл,15291,2025-12-29,261,1293,1046,,0
extra_tile_mahjong,extra_mechanic,54267218,Маджонг Слайд,Puzzle,strong,title:маджонг; desc:маджонг,13738,2025-10-27,324,1035,901,,0
extra_tile_mahjong,extra_mechanic,7806599,2048 Онлайн,Puzzle,strong,desc:тайл,13537,2021-07-12,1892,1931,562,690,0
extra_tile_mahjong,extra_mechanic,52002291,Детектив,Puzzle,strong,desc:маджонг,13518,2024-07-18,790,4681,3059,3062,0
extra_tile_mahjong,extra_mechanic,52979805,Ассоциации,Word game,strong,desc:маджонг,13409,2025-01-29,595,3179,2716,1164,0
extra_tile_mahjong,extra_mechanic,8220556,Плитки Лабиринт,Hyper-casual,strong,title:плитк,12598,2022-11-02,1414,4453,1863,650,0
extra_tile_mahjong,extra_mechanic,54032709,Poppytile,Three in a row,strong,desc:маджонг,12042,2025-10-01,350,3347,1531,,0
extra_tile_mahjong,extra_mechanic,51894780,Отель Эмили. Пасьянс,Tabletop game,strong,desc:маджонг,11178,2024-04-17,882,2715,2655,769,0
extra_tile_mahjong,extra_mechanic,8049649,Маджонг Сладкая пара,Three in a row,strong,title:маджонг; desc:маджонг,10835,2022-01-14,1706,2716,2474,770,0
extra_tile_mahjong,extra_mechanic,52010899,Тайл Мастер,Three in a row,strong,title:тайл; desc:тайл,10092,2024-07-22,786,4282,1846,909,0
extra_tile_mahjong,extra_mechanic,52851197,Маджонг - тайны пирамид,Tabletop game,strong,title:маджонг; desc:маджонг,9515,2024-12-25,630,3684,2508,1718,0
extra_tile_mahjong,extra_mechanic,51937195,Плиточки Маджонг Три в ряд,Three in a row,strong,title:маджонг; desc:маджонг,8992,2024-06-18,820,3711,3127,3128,0
extra_tile_mahjong,extra_mechanic,51488918,Маджонг Кухня,Three in a row,strong,title:маджонг; desc:маджонг,7809,2022-11-29,1387,4176,723,,0
extra_tile_mahjong,extra_mechanic,7802433,Плитки,Puzzle,strong,title:плитк,7381,2021-03-26,2000,4761,4208,4209,0
extra_tile_mahjong,extra_mechanic,51922695,История одной фермы,Puzzle,strong,desc:маджонг,7299,2024-05-15,854,2867,2551,,0
extra_tile_mahjong,extra_mechanic,54469522,Маджонг соединяй плитки,Puzzle,strong,title:маджонг; desc:маджонг,6991,2026-03-05,195,3035,645,799,0
extra_tile_mahjong,extra_mechanic,54533769,Маджонг Линии,Puzzle,strong,title:маджонг; desc:маджонг,6642,2026-04-10,159,4200,922,1089,0
extra_tile_mahjong,extra_mechanic,54231100,ШАШКИ На Машинах по Москве,Racing,strong,desc:тайл,6375,2025-10-13,338,767,3668,3664,0
extra_tile_mahjong,extra_mechanic,52053280,Маджонг: Соедини плитки,Puzzle,strong,title:маджонг; desc:маджонг,6239,2024-08-06,771,1212,2743,1792,0
extra_tile_mahjong,extra_mechanic,54721740,Маджонг Терем,Puzzle,strong,title:маджонг; desc:маджонг,6000,2026-08-20,27,305,654,142,1
extra_tile_mahjong,extra_mechanic,54603634,Музыкальные Плитки Пушистика,Arcade,strong,title:плитк,5481,2026-06-19,89,962,333,1248,0
extra_tile_mahjong,extra_mechanic,54196221,Сбрось плитки!,Puzzle,strong,title:плитк,5293,2025-10-02,349,4184,1430,,0
extra_tile_mahjong,extra_mechanic,51621091,Мастер плиток,Three in a row,strong,desc:tile,5087,2023-04-24,1241,4867,4078,4079,0
extra_tile_mahjong,extra_mechanic,54644271,Стрелочки - Построй свой Дом,Puzzle,strong,desc:маджонг,5036,2026-07-13,65,4553,1819,1674,0
extra_tile_mahjong,extra_mechanic,8217691,Маджонг - Японские Кланы,Three in a row,strong,title:маджонг; desc:маджонг,4975,2022-07-13,1526,3970,4469,4480,0
extra_tile_mahjong,extra_mechanic,51935793,Найди 3: Маджонг,Hyper-casual,strong,title:маджонг; desc:маджонг,4946,2024-06-27,811,4725,1349,903,0
extra_tile_mahjong,extra_mechanic,53678624,Маджонг классический,Puzzle,strong,title:маджонг; desc:маджонг,4896,2025-06-05,468,959,4519,4487,0
extra_tile_mahjong,extra_mechanic,51756941,Маджонг русский,Puzzle,strong,title:маджонг; desc:маджонг,4790,2023-09-25,1087,895,4605,4641,0
extra_tile_mahjong,extra_mechanic,54491758,Король Маджонга,Puzzle,strong,title:маджонг; desc:маджонг,4516,2026-04-01,168,4688,443,2494,0
extra_tile_mahjong,extra_mechanic,54754375,Маджонг: Чайники,Puzzle,strong,title:маджонг; desc:маджонг,4505,2026-09-11,5,91,366,,1
extra_tile_mahjong,extra_mechanic,54045147,Маджонг Кафе,Tabletop game,strong,title:маджонг; desc:маджонг,4481,2025-08-19,393,3181,938,1175,0
extra_tile_mahjong,extra_mechanic,54402909,Эффект Домино: Головоломка,Puzzle,strong,desc:маджонг,4479,2026-01-12,247,4297,1238,975,0
extra_tile_mahjong,extra_mechanic,54389979,Маджонг Головоломка,Puzzle,strong,title:маджонг,4367,2025-12-09,281,852,816,1042,0
extra_tile_mahjong,extra_mechanic,51929452,Найди 3 плитки,Puzzle,strong,title:плитк; desc:найди 3 плит,4186,2024-06-24,814,2736,287,1966,1
extra_tile_mahjong,extra_mechanic,53404405,K-pop головоломка,Adventure,strong,desc:найди и соедини три одинаковые плит,4145,2025-08-05,407,2543,3875,3883,0
extra_tile_mahjong,extra_mechanic,54679256,Маджонг: Двигай плитки,Puzzle,strong,title:маджонг; desc:маджонг,4100,2026-07-22,56,4300,4005,3981,0
extra_tile_mahjong,extra_mechanic,6857928,«Освободи бабочек» маджонг,Puzzle,strong,title:маджонг,4078,2019-02-21,2764,4967,2111,604,0
extra_tile_mahjong,extra_mechanic,53960143,Маджонг Коннект,Puzzle,strong,title:маджонг; desc:маджонг,4065,2025-08-07,405,1130,3792,3775,0
extra_tile_mahjong,extra_mechanic,54743461,Найди пару: Соедини плитки,Puzzle,strong,title:плитк,4026,2026-09-04,12,630,324,449,0
extra_tile_mahjong,extra_mechanic,54422674,Маджонг 3,Three in a row,strong,title:маджонг; desc:маджонг,3976,2026-01-30,229,3694,845,2704,0
extra_tile_mahjong,extra_mechanic,54112565,Просто Маджонг,Tabletop game,strong,title:маджонг; desc:маджонг,3882,2025-09-29,352,4081,1210,2710,0
extra_tile_mahjong,extra_mechanic,53404495,Дзен-пазл: релакс,Three in a row,strong,desc:найдите и соедините три одинаковые плит,3368,2025-05-07,497,2486,3627,3605,0
extra_tile_mahjong,extra_mechanic,54617048,Tileswale: Школа Чародейства,Three in a row,strong,title:tile; desc:tile,3333,2026-06-16,92,3429,664,874,0
extra_tile_mahjong,extra_mechanic,54504594,Три Плитки в мире Хеллоуин,Three in a row,strong,title:плитк,3217,2026-03-27,173,4424,1456,768,0
extra_tile_mahjong,extra_mechanic,54743473,Маджонг: Собери три,Puzzle,strong,title:маджонг; desc:маджонг,3200,2026-09-04,12,957,503,588,0
extra_tile_mahjong,extra_mechanic,54407288,Собери три: Тайна леса,Puzzle,strong,desc:маджонг,3097,2025-12-29,261,3729,3798,3772,0
extra_tile_mahjong,extra_mechanic,54032780,Властелин Тайлов : 3 в ряд,Three in a row,strong,title:тайл; desc:тайл,2988,2025-08-15,397,4587,3109,3135,0
extra_tile_mahjong,extra_mechanic,53230686,Искра Логики: Путь Тока,Puzzle,strong,desc:тайл,2893,2025-03-14,551,4904,492,636,0
extra_tile_mahjong,extra_mechanic,54556519,Вайфу пазл,Hyper-casual,strong,desc:tile,2709,2026-04-24,145,1859,452,599,0
extra_tile_mahjong,extra_mechanic,54735494,Маджонг Парадокс,Puzzle,strong,title:маджонг; desc:маджонг,2689,2026-09-01,15,1895,3157,3158,0
extra_tile_mahjong,extra_mechanic,54405875,Сад Кошечки: Тайл Пазл,Puzzle,strong,title:тайл; desc:тайл,2670,2026-01-22,237,2439,2807,2860,0
extra_tile_mahjong,extra_mechanic,54208550,Танчики Маджонг,Three in a row,strong,title:маджонг; desc:маджонг,2661,2025-10-14,337,3863,4358,4350,0
extra_tile_mahjong,extra_mechanic,54711004,Маджонг Солитер: Найди пары,Puzzle,strong,title:маджонг; desc:маджонг,2635,2026-08-13,34,4241,1087,2486,0
extra_tile_mahjong,extra_mechanic,54657622,Маджонг Бласт,Puzzle,strong,title:маджонг,2599,2026-07-06,72,4078,3242,3243,0
extra_tile_mahjong,extra_mechanic,54419911,Плитки найди пару!,Puzzle,strong,title:плитк,2531,2026-03-03,197,3432,4205,4206,0
extra_tile_mahjong,extra_mechanic,53265678,Маджонг Пасьянс Медитация,Tabletop game,strong,title:маджонг; desc:маджонг,2455,2025-03-21,544,3169,2982,2984,0
extra_tile_mahjong,extra_mechanic,51922174,Блоки Судоку - пазлы судоку!,Puzzle,strong,desc:маджонг,2188,2024-05-13,856,4357,4318,4319,0
extra_tile_mahjong,extra_mechanic,54670049,Пчелкины пазлы,Puzzle,strong,desc:тайл,2161,2026-08-03,44,4181,2137,,0
extra_tile_mahjong,extra_mechanic,53300154,Mahjong Pet Quest,Puzzle,strong,title:mahjong; desc:mahjong,2144,2025-03-28,537,2993,4232,4233,0
extra_tile_mahjong,extra_mechanic,54420492,МАДЖОНГ 2 Косточки!,Puzzle,strong,title:маджонг,1990,2026-03-03,197,2230,3450,3433,0
extra_tile_mahjong,extra_mechanic,53298824,Divinex - маджонг,Puzzle,strong,title:маджонг; desc:маджонг,1965,2025-03-24,541,3601,2723,2344,0
extra_tile_mahjong,extra_mechanic,54519094,Маджонг построй ферму,Puzzle,strong,title:маджонг; desc:маджонг,1732,2026-04-06,163,3642,2856,2895,0
extra_tile_mahjong,extra_mechanic,53429574,Плитки 2048,Puzzle,strong,title:плитк,1418,2025-04-14,520,3981,4907,4908,0
extra_tile_mahjong,extra_mechanic,53359895,Маджонг Алоха,Puzzle,strong,title:маджонг; desc:маджонг,1360,2025-04-14,520,3850,3979,3980,0
extra_tile_mahjong,extra_mechanic,54721224,Легенды Маджонга,Puzzle,strong,title:маджонг; desc:маджонг,1295,2026-08-25,22,3938,4427,4428,0
extra_tile_mahjong,extra_mechanic,52401778,Маджонг: Лесная сказка,Puzzle,strong,title:маджонг; desc:маджонг,1207,2024-10-07,709,3140,2858,2862,0
extra_tile_mahjong,extra_mechanic,54587046,Слова из Слова,Word game,strong,desc:маджонг,1190,2026-06-03,105,993,3220,3221,0
extra_tile_mahjong,extra_mechanic,52936034,Маджонг Коннект,Hyper-casual,strong,title:маджонг; desc:маджонг,1150,2025-01-22,602,3097,4574,4576,0
extra_tile_mahjong,extra_mechanic,54619918,Lord of the Tiles,Simulator,strong,title:tile; desc:tile,1145,2026-07-02,76,4419,4506,4508,0
extra_tile_mahjong,extra_mechanic,54575150,Лесной 3D маджонг,Three in a row,strong,title:маджонг; desc:маджонг,697,2026-05-21,118,2674,3144,3145,0
extra_tile_mahjong,extra_mechanic,54527032,Цветочный Маджонг,Puzzle,strong,title:маджонг; desc:маджонг,686,2026-04-08,161,3801,3036,3030,0
extra_tile_mahjong,extra_mechanic,54711115,Маджонг - классический пасьян,Puzzle,strong,title:маджонг; desc:маджонг,677,2026-08-11,36,4514,3287,3254,0
extra_tile_mahjong,extra_mechanic,53416819,Маджонг: плитки 3 в 1 ряд,Puzzle,strong,title:маджонг; desc:маджонг,672,2025-04-11,523,4215,3400,3401,0
extra_tile_mahjong,extra_mechanic,54621633,Барахолка,Puzzle,strong,desc:маджонг,558,2026-07-02,76,2182,3394,3404,0
extra_tile_mahjong,extra_mechanic,54208557,2048 Плитки,Puzzle,strong,title:плитк,408,2025-10-06,345,2643,4424,4425,0
extra_tile_mahjong,extra_mechanic,54725690,Вкусные тайлы: Три в ряд кафе,Three in a row,strong,title:тайл; desc:тайл,368,2026-08-26,21,4682,3058,3061,0
extra_tile_mahjong,extra_mechanic,54425548,Mind Tiles,Puzzle,strong,title:tile; desc:tile,329,2026-01-23,236,3079,3213,3214,0
extra_tile_mahjong,extra_mechanic,54727057,Стикеры-Пасьянс,Puzzle,strong,desc:маджонг,226,2026-08-27,20,1074,3134,3144,0
extra_tile_mahjong,extra_mechanic,52748297,Маджонг для взрослых,Puzzle,strong,title:маджонг; desc:маджонг,222,2024-12-17,638,2770,2994,,0
extra_tile_mahjong,extra_mechanic,53016679,Маджонг Солитер,Tabletop game,strong,title:маджонг; desc:маджонг,98,2025-06-27,446,4869,4107,4108,0
extra_tile_mahjong,extra_mechanic,7689113,2048 + Квесты,Puzzle,weak,desc_weak:плитк,351447,2021-09-21,1821,3254,337,,0
extra_tile_mahjong,extra_mechanic,8168881,Соединяйка,Three in a row,weak,desc_weak:пары одинаков,236868,2022-05-23,1577,4678,227,2418,1
extra_tile_mahjong,extra_mechanic,7916925,Числовой пазл 2048: топ брикс,Puzzle,weak,desc_weak:плитк,178892,2021-08-03,1870,1902,488,1779,0
extra_tile_mahjong,extra_mechanic,54489790,ТапТап Стрелка,Puzzle,weak,desc_weak:плитк,169060,2026-04-02,167,101,34,39,1
extra_tile_mahjong,extra_mechanic,54458245,Tap Gallery,Puzzle,weak,desc_weak:плитк,141050,2026-03-03,197,120,191,286,1
extra_tile_mahjong,extra_mechanic,51614608,Гуру плиток,Three in a row,weak,desc_weak:плитк,92642,2023-04-17,1248,2755,776,2488,0
extra_tile_mahjong,extra_mechanic,6742416,Мемоник,Puzzle,weak,desc_weak:пары одинаков,88629,2019-09-01,2572,4528,3236,3271,0
extra_tile_mahjong,extra_mechanic,54539273,Разбери Стрелочки,Puzzle,weak,desc_weak:плитк,81470,2026-04-16,153,78,95,78,1
extra_tile_mahjong,extra_mechanic,52402295,Три в ряд. Фабрика слияний,Three in a row,weak,desc_weak:плитк,38706,2024-10-04,712,1577,1493,245,1
extra_tile_mahjong,extra_mechanic,52896454,Плиточки: Сортировка,Three in a row,weak,desc_weak:плитк,37568,2025-01-29,595,413,540,,0
extra_tile_mahjong,extra_mechanic,52382922,Сортировка плиток,Puzzle,weak,desc_weak:плитк,31658,2024-09-30,716,1949,607,1796,0
extra_tile_mahjong,extra_mechanic,8031863,Гекса Блоки: Мердж Пазл 2048,Puzzle,weak,desc_weak:плитк,27748,2022-01-12,1708,1430,1406,597,0
extra_tile_mahjong,extra_mechanic,51530048,Остров Трубопроводов,Puzzle,weak,desc_weak:плитк,26136,2023-01-23,1332,2540,3796,3770,0
extra_tile_mahjong,extra_mechanic,52480645,Собери Миллион,Puzzle,weak,desc_weak:плитк,23409,2024-10-17,699,2936,1068,,0
extra_tile_mahjong,extra_mechanic,53010167,Пчёлки - Медовая головоломка,Puzzle,weak,desc_weak:плитк,13401,2025-03-07,558,3522,1377,1672,0
extra_tile_mahjong,extra_mechanic,51453768,Матч 4,Puzzle,weak,desc_weak:плитк,10897,2022-11-14,1402,3122,4580,4676,0
extra_tile_mahjong,extra_mechanic,51554432,Coldscapes: My Match-3 Family,Three in a row,weak,desc_weak:плитк,9187,2023-04-19,1246,4192,3778,3820,0
extra_tile_mahjong,extra_mechanic,52232837,Дизайн Дачи: Три в ряд,Three in a row,weak,desc_weak:плитк,9185,2024-09-04,742,2922,2283,,0
extra_tile_mahjong,extra_mechanic,51435642,ЖУТКОЕ СКОЛЬЖЕНИЕ,Puzzle,weak,desc_weak:плитк,8764,2022-09-27,1450,4478,4787,4788,0
extra_tile_mahjong,extra_mechanic,54045061,Цветные Блоки,Three in a row,weak,desc_weak:пары одинаков,7673,2025-09-08,373,1943,2320,1756,0
extra_tile_mahjong,extra_mechanic,51833868,Китайская головоломка,Puzzle,weak,desc_weak:плитк,7297,2024-01-24,966,3096,662,755,0
extra_tile_mahjong,extra_mechanic,54523104,Сканворды 2026,Word game,weak,desc_weak:плитк,6677,2026-04-07,162,444,1170,,0
extra_tile_mahjong,extra_mechanic,8136752,Соедини Меня,Puzzle,weak,desc_weak:плитк,6487,2022-04-18,1612,4861,4824,4825,0
extra_tile_mahjong,extra_mechanic,54571681,В поисках дракона,Three in a row,weak,desc_weak:плитк,6199,2026-05-27,112,421,1685,,0
extra_tile_mahjong,extra_mechanic,51877220,Передвигай печенье,Puzzle,weak,desc_weak:плитк,6128,2024-03-15,915,3324,710,1204,0
extra_tile_mahjong,extra_mechanic,51813860,Зумбла в космосе,Three in a row,weak,desc_weak:плитк,6020,2023-12-13,1008,3914,4299,4299,0
extra_tile_mahjong,extra_mechanic,53472715,Worms - Заполни все клетки,Puzzle,weak,desc_weak:плитк,5895,2025-04-23,511,3936,564,815,0
extra_tile_mahjong,extra_mechanic,51594903,Пятнашки,Puzzle,weak,desc_weak:плитк,5447,2023-04-13,1252,3831,3004,3006,0
extra_tile_mahjong,extra_mechanic,52210775,Арбуз Суйка,Hyper-casual,weak,desc_weak:пары одинаков,4689,2025-03-03,562,3466,4420,4421,0
extra_tile_mahjong,extra_mechanic,54121110,Угадай Слово,Word game,weak,desc_weak:плитк,4121,2025-09-19,362,2308,1333,1753,0
extra_tile_mahjong,extra_mechanic,54619103,Фото Блоки,Puzzle,weak,desc_weak:плитк,4113,2026-06-03,105,3462,323,821,0
extra_tile_mahjong,extra_mechanic,51524227,Раскраска Лабиринта,Puzzle,weak,desc_weak:плитк,3974,2023-01-12,1343,4717,4377,4378,0
extra_tile_mahjong,extra_mechanic,51600252,Замкни линию,Puzzle,weak,desc_weak:плитк,3930,2023-04-04,1261,3919,4268,4268,0
extra_tile_mahjong,extra_mechanic,54557123,Пазлы - Пятнашки,Puzzle,weak,desc_weak:плитк,3375,2026-06-08,100,2914,317,1141,0
extra_tile_mahjong,extra_mechanic,54229461,Пятнашки на рельсах,Puzzle,weak,desc_weak:плитк,3291,2025-10-16,335,4318,533,984,0
extra_tile_mahjong,extra_mechanic,54628206,Слово Мозаика,Puzzle,weak,desc_weak:плитк,2944,2026-06-11,97,4749,1257,530,0
extra_tile_mahjong,extra_mechanic,52912955,Музыкальный Sprunki-пазл,Simulator,weak,desc_weak:плитк,2908,2025-02-07,586,3898,4242,4243,0
extra_tile_mahjong,extra_mechanic,54097758,Затерянный остров 2,Puzzle,weak,desc_weak:плитк,2653,2025-09-08,373,1668,4620,4622,0
extra_tile_mahjong,extra_mechanic,54077634,2048 Новые рекорды,Puzzle,weak,desc_weak:плитк,2532,2025-09-12,369,2761,2873,2843,0
extra_tile_mahjong,extra_mechanic,54417523,Соединяй шестиугольники 2048,Puzzle,weak,desc_weak:плитк,2352,2026-01-27,232,2799,1417,2682,0
extra_tile_mahjong,extra_mechanic,54706938,2048: головоломка с числами,Puzzle,weak,desc_weak:плитк,2073,2026-08-10,37,3941,4653,4655,0
extra_tile_mahjong,extra_mechanic,54422234,Сортируй шестиугольники,Puzzle,weak,desc_weak:плитк,2064,2026-01-28,231,4435,4737,4738,0
extra_tile_mahjong,extra_mechanic,54684402,2048: Бесконечный Рост,Puzzle,weak,desc_weak:плитк,1957,2026-07-23,55,4349,4260,4260,0
extra_tile_mahjong,extra_mechanic,54195270,Пятнашки,Three in a row,weak,desc_weak:плитк,1880,2025-10-08,343,3688,4625,4627,0
extra_tile_mahjong,extra_mechanic,54493074,Словесная мозаика,Word game,weak,desc_weak:плитк,1876,2026-03-27,173,4532,3219,3229,0
extra_tile_mahjong,extra_mechanic,54686777,2048 - числовая головоломка,Puzzle,weak,desc_weak:плитк,1871,2026-08-06,41,2818,2814,2818,0
extra_tile_mahjong,extra_mechanic,54188508,2048: Neon,Puzzle,weak,desc_weak:плитк,1853,2025-09-30,351,3093,4558,4560,0
extra_tile_mahjong,extra_mechanic,54563032,2048 зимняя сказка,Puzzle,weak,desc_weak:плитк,1296,2026-05-22,117,2121,3743,3745,0
extra_tile_mahjong,extra_mechanic,53524315,Пазл 2048: Мастер головоломки,Puzzle,weak,desc_weak:плитк,1259,2025-05-14,490,1540,4419,4420,0
extra_tile_mahjong,extra_mechanic,54013309,Плиточки,Three in a row,weak,desc_weak:плитк,1245,2025-08-11,401,3434,4197,4201,0
extra_tile_mahjong,extra_mechanic,54714749,Время плиток: Собери три,Puzzle,weak,desc_weak:плитк,956,2026-09-01,15,1434,3632,3636,0
extra_tile_mahjong,extra_mechanic,54390045,Хекса Аниматор,Puzzle,weak,desc_weak:плитк,918,2025-12-23,267,1318,,,0
extra_tile_mahjong,extra_mechanic,54122471,Десять в Ряд,Puzzle,weak,desc_weak:пары одинаков,890,2025-09-10,371,3063,4709,4711,0
extra_tile_mahjong,extra_mechanic,53037165,Мемокарты,Puzzle,weak,desc_weak:пары одинаков,849,2025-04-04,530,4482,4767,4768,0
extra_tile_mahjong,extra_mechanic,54163370,2248 Хексов,Hyper-casual,weak,desc_weak:плитк,768,2025-10-03,348,3287,4037,4038,0
extra_tile_mahjong,extra_mechanic,54576505,Головоломки 3в1,Puzzle,weak,desc_weak:плитк,757,2026-05-19,120,4634,3439,3481,0
extra_tile_mahjong,extra_mechanic,54737745,Спаси Семью: Цветные Винты,Hyper-casual,weak,desc_weak:пары одинаков,689,2026-09-09,7,474,3590,3566,0
extra_tile_mahjong,extra_mechanic,54608047,Hexa Slink: Tap Away Puzzle,Puzzle,weak,desc_weak:плитк,682,2026-07-10,68,3848,4024,4025,0
extra_tile_mahjong,extra_mechanic,51864879,Соедини Чиселки - Головоломка,Puzzle,weak,desc_weak:плитк,652,2024-03-07,923,4242,2824,3032,0
extra_tile_mahjong,extra_mechanic,54730918,YORU: Пазлы Нео-Токио,Puzzle,weak,desc_weak:плитк,563,2026-09-03,13,277,4584,4586,1
extra_tile_mahjong,extra_mechanic,53128417,2048,Puzzle,weak,desc_weak:плитк,514,2025-02-27,566,2838,3259,3260,0
extra_tile_mahjong,extra_mechanic,53350179,Да будет свет! Головоломка,Puzzle,weak,desc_weak:плитк,406,2025-04-11,523,4057,4981,4981,0
extra_tile_mahjong,extra_mechanic,51887384,Чиселки 19,Puzzle,weak,desc_weak:пары одинаков,395,2024-04-03,896,3553,4759,4734,0
extra_tile_mahjong,extra_mechanic,54609613,Делай 10,Puzzle,weak,desc_weak:плитк,342,2026-07-09,69,3472,4411,4412,0
extra_tile_mahjong,extra_mechanic,53221653,Рука Бога 2048,Puzzle,weak,desc_weak:плитк,313,2025-03-12,553,1826,4562,4564,0
extra_tile_mahjong,extra_mechanic,54401577,Умный Садовник,Three in a row,weak,desc_weak:пары одинаков,289,2026-01-12,247,2621,4307,4307,0
extra_tile_mahjong,extra_mechanic,54665249,Пятнашки,Puzzle,weak,desc_weak:плитк,221,2026-08-03,44,2609,4190,4191,0
extra_tile_mahjong,extra_mechanic,54742775,Стрелариум,Hyper-casual,weak,desc_weak:плитк,37,2026-09-14,2,796,,3396,0
extra_tile_mahjong,extra_mechanic,54759951,Колорит,Puzzle,weak,desc_weak:плитк,2,2026-09-16,0,4928,3188,3190,0
extra_block_hexa,extra_mechanic,3579245,Блокада,3D shooter,strong,title:блок,8206649,2013-04-20,4897,585,3564,3574,0
extra_block_hexa,extra_mechanic,5409023,Блокпост (Blockpost Legacy),3D shooter,strong,title:блок,1725049,2016-11-02,3605,456,,,0
extra_block_hexa,extra_mechanic,8039325,2048 кубики,Puzzle,strong,title:кубики,705682,2022-01-11,1709,2921,87,,1
extra_block_hexa,extra_mechanic,51647351,Мастер Блокбастер,Hyper-casual,strong,title:блок,420190,2023-05-18,1217,2554,167,1098,1
extra_block_hexa,extra_mechanic,7475629,BlockBite: тетрис 🔥,Puzzle,strong,title:block; desc:тетрис,372246,2020-06-15,2284,3040,4632,4625,0
extra_block_hexa,extra_mechanic,7495803,Blockpost Mobile,3D shooter,strong,title:block,360591,2020-09-11,2196,573,697,,0
extra_block_hexa,extra_mechanic,51522674,Блоквест,Puzzle,strong,title:блок,353223,2023-02-15,1309,110,114,500,1
extra_block_hexa,extra_mechanic,51893525,Блоки и точка,Puzzle,strong,title:блок; desc:тетрис,238686,2024-04-09,890,716,129,462,1
extra_block_hexa,extra_mechanic,8101721,Тетрис,Hyper-casual,strong,title:тетрис; desc:тетрис,228325,2022-03-14,1647,592,411,,0
extra_block_hexa,extra_mechanic,53384440,Блок Мастер - Супер Пазл!,Puzzle,strong,title:блок,194339,2025-04-09,525,127,75,261,1
extra_block_hexa,extra_mechanic,52693009,Вор. Взломай сейф,Puzzle,strong,desc:тетрис,190177,2024-11-20,665,4666,1250,2356,0
extra_block_hexa,extra_mechanic,51731262,Пазл с блоками 88,Three in a row,strong,title:блок,181128,2024-01-09,981,4274,493,1114,0
extra_block_hexa,extra_mechanic,51806193,Шарики и Блоки,Puzzle,strong,title:блок,163822,2023-12-04,1017,748,1717,,0
extra_block_hexa,extra_mechanic,8196494,Дроплер: 2048🔥,Puzzle,strong,desc:тетрис,162597,2022-06-28,1541,3276,655,,0
extra_block_hexa,extra_mechanic,51625374,Драгоценные блоки,Puzzle,strong,title:блок; desc:тетрис,161261,2023-05-10,1225,708,176,,1
extra_block_hexa,extra_mechanic,51452807,Блоки,Puzzle,strong,title:блок,158190,2022-11-07,1409,4516,351,2321,0
extra_block_hexa,extra_mechanic,8134508,Блоки 8,Puzzle,strong,title:блок; desc:тетрис,141743,2022-04-13,1617,238,419,472,1
extra_block_hexa,extra_mechanic,54458245,Tap Gallery,Puzzle,strong,desc:тетрис,141050,2026-03-03,197,120,191,286,1
extra_block_hexa,extra_mechanic,51418008,Блок Взрыв,Hyper-casual,strong,title:блок,128827,2022-09-28,1449,153,825,,1
extra_block_hexa,extra_mechanic,51733110,Блоки - Сокровища!,Puzzle,strong,title:блок,124839,2023-10-03,1079,4270,484,1265,0
extra_block_hexa,extra_mechanic,52346709,Физические кубики 2048 3D,Arcade,strong,title:кубики,118631,2024-09-23,723,290,637,,1
extra_block_hexa,extra_mechanic,51843395,Шарики и Блоки. Гравитация,Arcade,strong,title:блок,109994,2024-01-29,961,3571,1169,745,0
extra_block_hexa,extra_mechanic,7872320,Складывать бумагу и кубики,Puzzle,strong,title:кубики,108132,2021-06-07,1927,4007,840,1998,0
extra_block_hexa,extra_mechanic,54441642,Кубики Онлайн,Tabletop game,strong,title:кубики,107086,2026-05-26,113,33,80,10,1
extra_block_hexa,extra_mechanic,8063942,Угадай блок,Puzzle,strong,title:блок,106753,2022-01-31,1689,975,,3610,0
extra_block_hexa,extra_mechanic,8086555,Block Magic Puzzle - Тетрис,Puzzle,strong,title:block,90545,2022-02-25,1664,3966,1058,696,0
extra_block_hexa,extra_mechanic,52236671,Грибные блоки,Puzzle,strong,title:блок,85148,2024-09-11,735,,855,2375,0
extra_block_hexa,extra_mechanic,51926885,Block Tanks: Строй и Сражайся,Arcade,strong,title:block,83396,2024-07-26,782,318,1779,467,0
extra_block_hexa,extra_mechanic,7863482,Супер Тетрис,Hyper-casual,strong,title:тетрис; desc:тетрис,78361,2021-05-27,1938,,1233,,0
extra_block_hexa,extra_mechanic,51868091,Игра Тетрис,Puzzle,strong,title:тетрис,71758,2024-04-17,882,1622,1565,,0
extra_block_hexa,extra_mechanic,51639801,AGED Блочная мозаика,Puzzle,strong,desc:block puzzle,67510,2023-05-17,1218,4166,681,1740,0
extra_block_hexa,extra_mechanic,52914976,Блокмастер,Puzzle,strong,title:блок,62550,2025-04-25,509,211,464,381,1
extra_block_hexa,extra_mechanic,51747412,Боевой Блок онлайн,3D shooter,strong,title:блок,60072,2023-09-12,1100,637,1533,205,1
extra_block_hexa,extra_mechanic,8108847,Падающие блоки,Hyper-casual,strong,title:блок,59134,2022-03-21,1640,4696,1719,2289,0
extra_block_hexa,extra_mechanic,52472375,Кубики дуэль онлайн,Three in a row,strong,title:кубики,59040,2024-10-15,701,4110,1536,2368,0
extra_block_hexa,extra_mechanic,52337069,Чудо Блок,Three in a row,strong,title:блок,56316,2024-11-05,680,794,852,,0
extra_block_hexa,extra_mechanic,8000192,Танграм Треугольник Блок Пазл,Puzzle,strong,title:блок; desc:блок пазл,52732,2021-12-03,1748,3737,1910,1079,0
extra_block_hexa,extra_mechanic,7841269,Блок Пазл,Puzzle,strong,title:блок; desc:блок пазл,52646,2021-04-30,1965,2488,3461,3470,0
extra_block_hexa,extra_mechanic,52703374,Гексо Деревяшки 2048,Three in a row,strong,title:гекс; desc:гекс,49458,2024-11-20,665,3217,966,2752,0
extra_block_hexa,extra_mechanic,7804467,Кубики: соединять передвигать,Puzzle,strong,title:кубики,49371,2021-04-19,1976,3859,2113,996,0
extra_block_hexa,extra_mechanic,4662221,Тетрис,Hyper-casual,strong,title:тетрис,44845,2014-12-05,4303,4597,3740,3742,0
extra_block_hexa,extra_mechanic,52896454,Плиточки: Сортировка,Three in a row,strong,desc:шестиугольн,37568,2025-01-29,595,413,540,,0
extra_block_hexa,extra_mechanic,53131314,Разбери кубики 3D головоломка,Puzzle,strong,title:кубики,35635,2025-02-27,566,2209,912,,0
extra_block_hexa,extra_mechanic,52650441,Чик Чик,Puzzle,strong,desc:шестиугольн,34313,2024-11-11,674,1441,1361,1280,0
extra_block_hexa,extra_mechanic,54259960,БлокБаттл,3D shooter,strong,title:блок,30564,2025-11-05,315,,2205,1270,0
extra_block_hexa,extra_mechanic,52648765,Block Sudoku. Блок Судоку,Puzzle,strong,title:block,28910,2024-11-12,673,,1191,1002,0
extra_block_hexa,extra_mechanic,51613109,Цветные кубики 2,Arcade,strong,title:кубики,28014,2023-04-18,1247,4133,1418,1955,0
extra_block_hexa,extra_mechanic,8031863,Гекса Блоки: Мердж Пазл 2048,Puzzle,strong,title:гекс; desc:шестиугольн,27748,2022-01-12,1708,1430,1406,597,0
extra_block_hexa,extra_mechanic,4925352,"Покер на кубиках (Клуб ""Кубики Yatzy"")",Gambling,strong,title:кубики,26894,2015-05-21,4136,4722,2358,965,0
extra_block_hexa,extra_mechanic,54436220,Сломай счастливый блок!,Arcade,strong,title:блок,26724,2026-02-11,217,676,1122,,0
extra_block_hexa,extra_mechanic,7794619,Дружные Блоки,Hyper-casual,strong,title:блок,23129,2021-03-19,2007,3376,4010,4011,0
extra_block_hexa,extra_mechanic,8035900,10 Блоков,Puzzle,strong,title:блок; desc:тетрис,22097,2021-12-27,1724,4882,,670,0
extra_block_hexa,extra_mechanic,52960378,Стикмен Паркур: Лаки Блоки,Strategy,strong,title:блок,21112,2025-01-27,597,2220,1996,,0
extra_block_hexa,extra_mechanic,52187503,Натуральные Блоки,Hyper-casual,strong,title:блок,18770,2025-07-30,413,2877,1205,,0
extra_block_hexa,extra_mechanic,53234893,Двигай блоки: Очищай поле,Puzzle,strong,title:блок,16893,2025-03-11,554,1870,2179,2271,0
extra_block_hexa,extra_mechanic,51855087,Точки 2048,Puzzle,strong,desc:гекс,16093,2024-02-22,937,2895,1861,1008,0
extra_block_hexa,extra_mechanic,52304308,Mind Blocks,Puzzle,strong,title:block,15716,2024-09-20,726,3470,1444,1776,0
extra_block_hexa,extra_mechanic,52876136,Блок Мастер,Puzzle,strong,title:блок,15702,2024-12-26,629,3702,1637,2670,0
extra_block_hexa,extra_mechanic,54572398,Пни Лаки Блок: Цунами Футбол,Arcade,strong,title:блок,15532,2026-05-05,134,571,1028,,0
extra_block_hexa,extra_mechanic,51699608,Двигай Блоки,Puzzle,strong,title:блок; desc:тетрис,14575,2023-07-10,1164,3047,4600,4602,0
extra_block_hexa,extra_mechanic,54571310,Жизнь Счастливого Блока,RPG,strong,title:блок,14569,2026-05-07,132,405,2104,129,1
extra_block_hexa,extra_mechanic,8151701,Судоку Пазл,Puzzle,strong,desc:тетрис,14424,2022-05-07,1593,2680,1535,2777,0
extra_block_hexa,extra_mechanic,53178685,Гекса Мастер,Puzzle,strong,title:гекс; desc:гекс,14283,2025-03-06,559,1896,1026,1722,0
extra_block_hexa,extra_mechanic,51988963,Королевство: Собирай Гексы,Hyper-casual,strong,title:гекс,14229,2024-07-30,778,4201,2238,,0
extra_block_hexa,extra_mechanic,51816681,Головоломка С Укладкой Блоков,Puzzle,strong,title:блок,13970,2024-03-21,909,1090,2173,,0
extra_block_hexa,extra_mechanic,54447260,Убеги от волн лаки блоки,Simulator,strong,title:блок,13611,2026-02-11,217,738,1287,,0
extra_block_hexa,extra_mechanic,52002291,Детектив,Puzzle,strong,desc:тетрис,13518,2024-07-18,790,4681,3059,3062,0
extra_block_hexa,extra_mechanic,51580468,Соединяй кубики,Hyper-casual,strong,title:кубики,12806,2023-04-12,1253,2920,1204,,0
extra_block_hexa,extra_mechanic,7960714,Шарики vs Кубики,Hyper-casual,strong,title:кубики,12473,2021-09-27,1815,4697,2033,2286,0
extra_block_hexa,extra_mechanic,53997007,Песочные кубики,Strategy,strong,title:кубики,12290,2025-08-19,393,2369,2608,2399,0
extra_block_hexa,extra_mechanic,51570872,Block Puzzle: Clay World,Puzzle,strong,title:block; desc:block puzzle,11925,2023-03-04,1292,3533,4631,4633,0
extra_block_hexa,extra_mechanic,51453978,2048: Кликер,Economic,strong,desc:тетрис,11905,2022-10-20,1427,4135,4614,4616,0
extra_block_hexa,extra_mechanic,8136750,Цветные Блоки,Puzzle,strong,title:блок,11050,2022-04-18,1612,3018,4381,4382,0
extra_block_hexa,extra_mechanic,53344562,Цветные блоки с Чубриками,Puzzle,strong,title:блок,11017,2025-07-14,429,2485,2701,,0
extra_block_hexa,extra_mechanic,53612890,Поп Блоки,Three in a row,strong,title:блок,10697,2025-05-26,478,3237,2253,2352,0
extra_block_hexa,extra_mechanic,53444829,Цветные Блоки,Puzzle,strong,title:блок,10336,2025-05-12,492,922,1318,171,1
extra_block_hexa,extra_mechanic,8167395,Весёлый тетрис,Puzzle,strong,title:тетрис,10008,2022-05-19,1581,3061,4711,4713,0
extra_block_hexa,extra_mechanic,53258749,Блок Пазл тропическая история,Puzzle,strong,title:блок; desc:блок пазл,9981,2025-03-14,551,4231,1903,1162,0
extra_block_hexa,extra_mechanic,53004800,Битва на Гексах,Hyper-casual,strong,title:гекс; desc:гекс,9912,2025-02-05,588,966,3893,3901,0
extra_block_hexa,extra_mechanic,52901297,Гекса Квест,Puzzle,strong,title:гекс; desc:hexa,9726,2025-01-14,610,3971,1852,1864,0
extra_block_hexa,extra_mechanic,54463777,Магия Блоков,Puzzle,strong,title:блок,9616,2026-03-18,182,4557,1380,1646,0
extra_block_hexa,extra_mechanic,51621431,Слайдер,Puzzle,strong,desc:тетрис,9592,2023-05-19,1216,3822,548,2299,0
extra_block_hexa,extra_mechanic,51600602,Блоки на доске,Puzzle,strong,title:блок,8627,2023-04-11,1254,4463,4980,4980,0
extra_block_hexa,extra_mechanic,54427569,Block Sniper,Arcade,strong,title:block,8615,2026-01-22,237,680,1407,,0
extra_block_hexa,extra_mechanic,54051413,Тетрис: классика,Arcade,strong,title:тетрис; desc:тетрис,8333,2025-08-19,393,436,1788,,0
extra_block_hexa,extra_mechanic,51613812,Блок Пазл: Шестиугольники,Puzzle,strong,title:блок; desc:блок пазл,8223,2023-04-17,1248,,3384,3358,0
extra_block_hexa,extra_mechanic,51485348,2048: Удвоение,Puzzle,strong,desc:тетрис,8196,2022-11-24,1392,2302,3916,3917,0
extra_block_hexa,extra_mechanic,51405970,Blocks of Puzzle,Puzzle,strong,title:block,8105,2022-09-09,1468,2943,3958,3959,0
extra_block_hexa,extra_mechanic,51749516,Соединяй Блоки 2048,Puzzle,strong,title:блок,8029,2023-09-19,1093,3442,1794,873,0
extra_block_hexa,extra_mechanic,51932869,Собери блоки в пазл,Puzzle,strong,title:блок; desc:тетрис,7708,2024-05-29,840,1385,1956,,0
extra_block_hexa,extra_mechanic,54045061,Цветные Блоки,Three in a row,strong,title:блок,7673,2025-09-08,373,1943,2320,1756,0
extra_block_hexa,extra_mechanic,53141594,Спорткары Мини-Игры,Racing,strong,desc:гекс,7639,2025-03-04,561,1046,3431,3439,0
extra_block_hexa,extra_mechanic,54134512,Сияние Блоков,Hyper-casual,strong,title:блок; desc:block puzzle,7610,2025-09-11,370,3261,2105,,0
extra_block_hexa,extra_mechanic,6739930,Блок матч: Тетрис,Three in a row,strong,title:блок; desc:тетрис,7598,2019-02-19,2766,3864,4380,4381,0
extra_block_hexa,extra_mechanic,52165029,Block Mania Puzzle,Puzzle,strong,title:block; desc:блок пазл,7597,2024-08-27,750,1879,543,2525,0
extra_block_hexa,extra_mechanic,53021720,Конструктор - слайдер пазл,Puzzle,strong,desc:тетрис,7420,2025-03-03,562,3220,3139,3140,0
extra_block_hexa,extra_mechanic,54577995,Тетрис Обыкновенный,Hyper-casual,strong,title:тетрис; desc:тетрис,7370,2026-05-08,131,2552,1954,1055,0
extra_block_hexa,extra_mechanic,54348027,Взрыв цветных блоков,Puzzle,strong,title:блок,7318,2025-11-24,296,3881,1690,956,0
extra_block_hexa,extra_mechanic,8219745,3030,Puzzle,strong,desc:тетрис,6985,2022-09-08,1469,3699,1984,2695,0
extra_block_hexa,extra_mechanic,51420108,2048: Шарики,Puzzle,strong,desc:тетрис,6786,2022-09-08,1469,,2862,2866,0
extra_block_hexa,extra_mechanic,52876412,Художник По Стекированию,Puzzle,strong,desc:шестиугольн,6754,2025-12-08,282,3160,1963,2369,0
extra_block_hexa,extra_mechanic,54547320,Пазл 2048 Слияние блоков,Puzzle,strong,title:блок; desc:шестиугольн,6711,2026-04-27,142,4129,1303,1665,0
extra_block_hexa,extra_mechanic,52575306,Конфетная головоломка,Puzzle,strong,desc:block puzzle,5995,2024-11-29,656,1763,1050,,0
extra_block_hexa,extra_mechanic,51842056,Соединяй Кристаллы,Puzzle,strong,desc:тетрис,5550,2024-01-26,964,4461,2626,631,0
extra_block_hexa,extra_mechanic,51797829,Блоки - Алмазная Головоломка,Puzzle,strong,title:блок,5388,2023-11-27,1024,4009,196,396,1
extra_block_hexa,extra_mechanic,51772983,Соединяй: Блоки-Кубики,Puzzle,strong,title:блок,5337,2023-10-24,1058,2746,501,2487,0
extra_block_hexa,extra_mechanic,54519087,Прятки в блок крафт,Arcade,strong,title:блок,5051,2026-04-03,166,855,1681,,0
extra_block_hexa,extra_mechanic,52139382,Хекса,Hyper-casual,strong,desc:шестиугольн,4890,2024-08-21,756,4468,1447,671,0
extra_block_hexa,extra_mechanic,4245114,2048: Покорители лиг!,Puzzle,strong,desc:тетрис,4885,2014-06-22,4469,4818,4865,4866,0
extra_block_hexa,extra_mechanic,51397340,Слияние Блоков,Puzzle,strong,title:блок; desc:тетрис,4875,2022-08-15,1493,3099,4520,4531,0
extra_block_hexa,extra_mechanic,51694046,Доги Блоки,Puzzle,strong,title:блок,4698,2023-07-03,1171,2201,3561,3537,0
extra_block_hexa,extra_mechanic,52683972,Block Puzzle Relax,Puzzle,strong,title:block; desc:block puzzle,4609,2024-11-18,667,3666,3110,3111,0
extra_block_hexa,extra_mechanic,53130272,Блокограмм,Puzzle,strong,title:блок,4562,2025-05-19,485,4385,462,586,0
extra_block_hexa,extra_mechanic,54566787,Цветные Кубики Пазл,Puzzle,strong,title:кубики,4551,2026-04-28,141,3902,832,875,0
extra_block_hexa,extra_mechanic,54427516,Кофейные Цветные Блоки,Puzzle,strong,title:блок,4517,2026-01-22,237,4163,2080,1735,0
extra_block_hexa,extra_mechanic,51702757,Монстры: Объединяй Блоки,Puzzle,strong,title:блок; desc:тетрис,4431,2023-07-14,1160,4493,3241,3242,0
extra_block_hexa,extra_mechanic,54005737,Желейные Кубики!,Hyper-casual,strong,title:кубики,4428,2025-08-11,401,1048,3776,3766,0
extra_block_hexa,extra_mechanic,54650430,YumBlock,Puzzle,strong,desc:блок-пазл,4366,2026-07-03,75,4005,244,1990,1
extra_block_hexa,extra_mechanic,51678064,Блоки Баланс,Puzzle,strong,title:блок,4344,2023-06-16,1188,4071,232,674,1
extra_block_hexa,extra_mechanic,51523379,Стрельба по блокам,Hyper-casual,strong,title:блок,4179,2023-01-11,1344,4816,4905,4870,0
extra_block_hexa,extra_mechanic,51524476,2048 Числопад,Puzzle,strong,desc:тетрис,4150,2023-03-06,1290,2418,2877,2881,0
extra_block_hexa,extra_mechanic,54619103,Фото Блоки,Puzzle,strong,title:блок,4113,2026-06-03,105,3462,323,821,0
extra_block_hexa,extra_mechanic,52328332,Разбери кубик из блоков,Puzzle,strong,title:блок,4073,2024-09-24,722,,4347,4348,0
extra_block_hexa,extra_mechanic,52513041,Из Частей,Puzzle,strong,desc:тетрис,4014,2024-10-21,695,2998,4176,4177,0
extra_block_hexa,extra_mechanic,51590720,Покрась Блоки,Hyper-casual,strong,title:блок,3966,2023-03-27,1269,4087,3329,3321,0
extra_block_hexa,extra_mechanic,53512514,Кубики Сортировка,Puzzle,strong,title:кубики,3912,2025-04-30,504,4077,2776,2714,0
extra_block_hexa,extra_mechanic,53421234,Кубики 2048,Hyper-casual,strong,title:кубики,3838,2025-04-11,523,3474,4405,4406,0
extra_block_hexa,extra_mechanic,54428439,Картинка из Пазлов: Блоков!,Puzzle,strong,title:блок,3817,2026-02-03,225,4674,1358,1159,0
extra_block_hexa,extra_mechanic,54275503,Тетрис Мания,Arcade,strong,title:тетрис; desc:тетрис,3653,2025-10-29,322,1665,4649,4608,0
extra_block_hexa,extra_mechanic,53952770,Соединяй кубики 2048 3D,Hyper-casual,strong,title:кубики,3643,2025-07-25,418,1518,4657,4668,0
extra_block_hexa,extra_mechanic,54492019,Котопад 2048,Puzzle,strong,desc:гекс,3607,2026-04-23,146,3809,695,1232,0
extra_block_hexa,extra_mechanic,51815141,Гексы Блоки,Puzzle,strong,title:гекс; desc:гекс,3479,2023-12-18,1003,2164,278,2473,1
extra_block_hexa,extra_mechanic,53350180,Шар-крушитель: БлокоДробилка,Arcade,strong,title:блок,3477,2025-04-14,520,3278,457,,0
extra_block_hexa,extra_mechanic,54496813,Блок Удар 🎯,Arcade,strong,title:блок,3399,2026-07-07,71,4671,342,2380,0
extra_block_hexa,extra_mechanic,54344811,2048 Тетрис,Tabletop game,strong,title:тетрис; desc:тетрис,3376,2025-12-09,281,3143,2863,2858,0
extra_block_hexa,extra_mechanic,51874702,Тетрис для детей,Puzzle,strong,title:тетрис,3340,2024-03-11,919,2395,1558,1243,0
extra_block_hexa,extra_mechanic,53118890,Блок пазлы на любой вкус,Puzzle,strong,title:блок,3251,2025-02-24,569,2487,2815,2819,0
extra_block_hexa,extra_mechanic,51921063,Разрушай кубики,Arcade,strong,title:кубики,3222,2024-05-13,856,4704,4029,4030,0
extra_block_hexa,extra_mechanic,54712490,Block-puzzle: Цветные блоки,Puzzle,strong,title:block; desc:блок-пазл,3146,2026-08-18,29,3465,1640,829,0
extra_block_hexa,extra_mechanic,52817458,Городская Стаковая Радость,Puzzle,strong,desc:шестиугольн,3047,2025-09-25,356,1581,3827,3784,0
extra_block_hexa,extra_mechanic,54703496,Блопс,Puzzle,strong,desc:блок-пазл,3000,2026-08-19,28,1059,348,1713,0
extra_block_hexa,extra_mechanic,54730201,Цветные блоки: Пары,Puzzle,strong,title:блок,2959,2026-08-26,21,2817,2928,2939,0
extra_block_hexa,extra_mechanic,51543450,Цветные Блоки,Puzzle,strong,title:блок,2937,2023-02-06,1318,4456,4054,4055,0
extra_block_hexa,extra_mechanic,54718363,Бунт. Блок Ч,3D shooter,strong,title:блок,2928,2026-08-18,29,3690,1668,2677,0
extra_block_hexa,extra_mechanic,53572069,2048 - Разрушение блоков,Hyper-casual,strong,title:блок,2905,2025-05-16,488,3145,738,2295,0
extra_block_hexa,extra_mechanic,52866541,Gather Blocks. Собирай Блоки,Puzzle,strong,title:block,2620,2024-12-23,632,2079,3284,3285,0
extra_block_hexa,extra_mechanic,54448864,Блокибо: Цветные блоки,Puzzle,strong,title:блок,2568,2026-02-12,216,3605,2269,568,0
extra_block_hexa,extra_mechanic,51747522,idle crushing block,Hyper-casual,strong,title:block,2495,2023-09-12,1100,1813,3592,3568,0
extra_block_hexa,extra_mechanic,54417523,Соединяй шестиугольники 2048,Puzzle,strong,title:шестиуг; desc:шестиугольн,2352,2026-01-27,232,2799,1417,2682,0
extra_block_hexa,extra_mechanic,52898722,Block Cleaner - Puzzle Game,Puzzle,strong,title:block,2275,2025-01-16,608,3945,4391,4383,0
extra_block_hexa,extra_mechanic,54526537,Сложи блоки,Puzzle,strong,title:блок,2222,2026-04-10,159,4883,2435,637,0
extra_block_hexa,extra_mechanic,54492848,Песочные Блоки: Очисти Линии,Arcade,strong,title:блок; desc:тетрис,2208,2026-04-14,155,4775,2455,862,0
extra_block_hexa,extra_mechanic,51922174,Блоки Судоку - пазлы судоку!,Puzzle,strong,title:блок; desc:тетрис,2188,2024-05-13,856,4357,4318,4319,0
extra_block_hexa,extra_mechanic,51842114,2048: Блок Бесконечности,Puzzle,strong,title:блок; desc:тетрис,2169,2024-01-26,964,1602,3762,3764,0
extra_block_hexa,extra_mechanic,54651801,Кубики 2048: Гекса Слияние,Puzzle,strong,title:кубики; desc:шестиугольн,2153,2026-07-02,76,3903,4211,4183,0
extra_block_hexa,extra_mechanic,54699415,Synergrid блок пазл и рогалик,Hyper-casual,strong,title:блок; desc:блок-пазл,2145,2026-08-06,41,2961,2055,974,0
extra_block_hexa,extra_mechanic,51927936,Блоки 2248 соедини цифры,Puzzle,strong,title:блок,2118,2024-10-04,712,4622,3923,3924,0
extra_block_hexa,extra_mechanic,54390425,Шахматы гексагональные,Tabletop game,strong,title:гекс; desc:шестиугольн,2103,2025-12-11,279,2637,4361,4362,0
extra_block_hexa,extra_mechanic,51919401,Блоки Фараона - Разблокируй!,Puzzle,strong,title:блок,2097,2024-05-16,853,4657,2924,2926,0
extra_block_hexa,extra_mechanic,54422234,Сортируй шестиугольники,Puzzle,strong,title:шестиуг; desc:шестиугольн,2064,2026-01-28,231,4435,4737,4738,0
extra_block_hexa,extra_mechanic,54637823,Филворд Острова,Puzzle,strong,desc:гекс,2038,2026-09-07,9,720,1262,,0
extra_block_hexa,extra_mechanic,54678488,Танки - Онлайн,Arcade,strong,desc:шестиугольн,2028,2026-08-06,41,3669,2629,1746,0
extra_block_hexa,extra_mechanic,54668479,Мега Блок Пазл,Puzzle,strong,title:блок; desc:блок пазл,1886,2026-07-30,48,2651,3209,3201,0
extra_block_hexa,extra_mechanic,54004906,Mind Blocks 2,Puzzle,strong,title:block,1882,2025-08-27,385,4346,4289,4289,0
extra_block_hexa,extra_mechanic,54422232,Падающие блоки 2048,Puzzle,strong,title:блок; desc:тетрис,1829,2026-01-27,232,3234,3255,3256,0
extra_block_hexa,extra_mechanic,54324300,Шастиграстер,Hyper-casual,strong,desc:шестиугольн,1783,2025-11-19,301,2284,4241,4242,0
extra_block_hexa,extra_mechanic,54660064,Грузовой Порт: двигай блоки,Arcade,strong,title:блок,1712,2026-07-07,71,1974,4280,4280,0
extra_block_hexa,extra_mechanic,52242654,Сияющие Блоки,Puzzle,strong,title:блок; desc:тетрис,1689,2024-09-04,742,2683,3122,3123,0
extra_block_hexa,extra_mechanic,54592182,Хекса Дзен,Puzzle,strong,desc:шестиугольн,1671,2026-05-19,120,4017,4727,4728,0
extra_block_hexa,extra_mechanic,53056922,Стражи Галактики: хексы,Puzzle,strong,desc:шестиугольн,1589,2025-02-25,568,1674,4378,4379,0
extra_block_hexa,extra_mechanic,54597038,Block Orbit,Hyper-casual,strong,title:block; desc:тетрис,1516,2026-05-28,111,44,3508,3552,1
extra_block_hexa,extra_mechanic,54024868,Блокомания - Головоломка,Puzzle,strong,title:блок; desc:тетрис,1497,2025-08-11,401,3430,4183,4175,0
extra_block_hexa,extra_mechanic,52705168,Ленивый Тетрис,Puzzle,strong,title:тетрис; desc:тетрис,1428,2024-11-20,665,2782,2979,2946,0
extra_block_hexa,extra_mechanic,54089866,Блок Долой,Hyper-casual,strong,title:блок,1400,2025-09-04,377,2962,3991,3992,0
extra_block_hexa,extra_mechanic,54450316,2048 Блок Фьюжн,Puzzle,strong,title:блок,1391,2026-02-13,215,4022,4842,4843,0
extra_block_hexa,extra_mechanic,54186427,Блокобой,Arcade,strong,title:блок,1386,2025-09-30,351,3048,4588,4599,0
extra_block_hexa,extra_mechanic,54131311,Wood Blocks Jam,Puzzle,strong,title:block,1364,2025-09-10,371,4902,4786,4744,0
extra_block_hexa,extra_mechanic,54057879,Блоки разнообразие фигурок,Puzzle,strong,title:блок,1339,2025-08-25,387,3946,4389,4390,0
extra_block_hexa,extra_mechanic,53022994,Цветные блок-пазлы онлайн,Puzzle,strong,title:блок,1320,2025-02-10,583,4061,4948,4948,0
extra_block_hexa,extra_mechanic,52094212,Сыпучий Тетрис,Puzzle,strong,title:тетрис,1283,2024-08-13,764,4217,3420,3395,0
extra_block_hexa,extra_mechanic,54568590,Лабиринт Стрелок Убери блоки,Puzzle,strong,title:блок,1255,2026-06-11,97,2765,2820,2867,0
extra_block_hexa,extra_mechanic,54269036,Хекса Сортировка,Puzzle,strong,desc:шестиугольн,1216,2025-10-27,324,2795,3249,3250,0
extra_block_hexa,extra_mechanic,54306775,тетрис 2025,Arcade,strong,title:тетрис; desc:тетрис,1215,2025-11-11,309,,3708,3701,0
extra_block_hexa,extra_mechanic,54064449,Тримино домино треугольников,Tabletop game,strong,desc:шестиугольн,1115,2025-08-26,386,4309,4058,4059,0
extra_block_hexa,extra_mechanic,53851951,Деревянные блоки треугольные,Puzzle,strong,title:блок,1110,2025-07-03,440,4791,4398,4399,0
extra_block_hexa,extra_mechanic,52894086,Кричащие Блоки,Hyper-casual,strong,title:блок,1103,2026-09-03,13,234,3542,,1
extra_block_hexa,extra_mechanic,54691613,Герои: Битва в руинах,Strategy,strong,desc:гекс,1084,2026-09-03,13,1086,1177,,0
extra_block_hexa,extra_mechanic,54690989,2048 Merge Block,Puzzle,strong,title:block,1068,2026-07-31,47,103,3480,3488,1
extra_block_hexa,extra_mechanic,54683537,Block Blast,Puzzle,strong,title:block,1051,2026-09-02,14,652,4594,4596,0
extra_block_hexa,extra_mechanic,54208441,Блоки в Ряд,Hyper-casual,strong,title:блок,1015,2025-10-15,336,3542,4774,4775,0
extra_block_hexa,extra_mechanic,54335423,Разблок Пазл,Puzzle,strong,desc:блок пазл,953,2025-11-21,299,2905,3744,3746,0
extra_block_hexa,extra_mechanic,52968883,Мания Блоков 2048,Hyper-casual,strong,title:блок,932,2025-03-31,534,1109,3048,3051,0
extra_block_hexa,extra_mechanic,54390045,Хекса Аниматор,Puzzle,strong,desc:hexa,918,2025-12-23,267,1318,,,0
extra_block_hexa,extra_mechanic,52843707,Кубики СССР,Puzzle,strong,title:кубики,841,2024-12-27,628,3235,3285,3286,0
extra_block_hexa,extra_mechanic,54231094,Цветной тетрис,Hyper-casual,strong,title:тетрис; desc:тетрис,841,2025-10-13,338,2749,3074,3076,0
extra_block_hexa,extra_mechanic,53544454,Чиселки и блоки,Puzzle,strong,title:блок,812,2025-05-12,492,4353,4275,4275,0
extra_block_hexa,extra_mechanic,53433555,Block Pizza Puzzle,Puzzle,strong,title:block,760,2025-04-15,519,3264,3463,3472,0
extra_block_hexa,extra_mechanic,54195526,MergX - соедини блоки,Arcade,strong,title:блок,756,2025-10-02,349,2240,3369,3412,0
extra_block_hexa,extra_mechanic,53646156,Блоки Лесной Тетрис,Puzzle,strong,title:блок; desc:тетрис,731,2025-05-30,474,1968,4151,4152,0
extra_block_hexa,extra_mechanic,54608047,Hexa Slink: Tap Away Puzzle,Puzzle,strong,title:hexa; desc:hexa,682,2026-07-10,68,3848,4024,4025,0
extra_block_hexa,extra_mechanic,54619196,Soft Drop 2048,Arcade,strong,desc:шестиугольн,674,2026-06-03,105,3443,4301,4301,0
extra_block_hexa,extra_mechanic,54702048,PixelSort Puzzle,Puzzle,strong,desc:гекс,668,2026-08-06,41,3486,4713,4715,0
extra_block_hexa,extra_mechanic,54567845,Клад и мины: гекса-путь,Puzzle,strong,title:гекс,637,2026-06-11,97,1542,4313,4313,0
extra_block_hexa,extra_mechanic,7162962,Драконьи Кубики(Dragon Blocks),Three in a row,strong,title:кубики,620,2019-10-12,2531,4873,4052,4053,0
extra_block_hexa,extra_mechanic,53423757,Jewel Block Puzzle,Puzzle,strong,title:block,579,2025-04-11,523,3410,4156,4101,0
extra_block_hexa,extra_mechanic,52618948,Съешь Все Кубики,Arcade,strong,title:кубики,547,2024-11-07,678,4750,4017,4018,0
extra_block_hexa,extra_mechanic,54702502,Бум Кубики,Three in a row,strong,title:кубики,513,2026-08-14,33,1961,4133,4134,0
extra_block_hexa,extra_mechanic,53543534,Объединяй кубики,Puzzle,strong,title:кубики,477,2025-05-13,491,4817,4454,4456,0
extra_block_hexa,extra_mechanic,52707765,Гекса: сортируем цветные пазл,Puzzle,strong,title:гекс; desc:шестиугольн,451,2024-11-19,666,4321,4137,4138,0
extra_block_hexa,extra_mechanic,54691070,ПЕСОК,Puzzle,strong,desc:тетрис,451,2026-08-05,42,4085,3225,3226,0
extra_block_hexa,extra_mechanic,53152148,Соединяй пингвинов: эволюция!,Puzzle,strong,desc:тетрис,410,2025-03-12,553,3530,4636,4638,0
extra_block_hexa,extra_mechanic,54125665,Повтори Блоки,Puzzle,strong,title:блок,410,2025-09-09,372,3329,3763,3765,0
extra_block_hexa,extra_mechanic,53012487,Pack Blocks. Собрать Блоки,Puzzle,strong,title:block,397,2025-02-11,582,924,4087,4088,0
extra_block_hexa,extra_mechanic,54056747,Головоломки 6 в 1,Puzzle,strong,desc:тетрис,393,2025-09-09,372,4459,4992,4992,0
extra_block_hexa,extra_mechanic,54609474,Тетрис Разрушитель,Puzzle,strong,title:тетрис; desc:тетрис,380,2026-06-02,106,4699,4009,4010,0
extra_block_hexa,extra_mechanic,53440572,Вау Блоки,Puzzle,strong,title:блок,374,2025-04-17,517,3660,3089,3090,0
extra_block_hexa,extra_mechanic,54464222,Шарики Стрелялки: круши блоки,Hyper-casual,strong,title:блок,374,2026-03-04,196,3104,4542,4543,0
extra_block_hexa,extra_mechanic,52651460,Миллион,Puzzle,strong,desc:гекс,373,2024-11-11,674,4405,4970,4961,0
extra_block_hexa,extra_mechanic,53195860,Блоки в стороны,Puzzle,strong,title:блок,368,2025-03-05,560,2571,3942,3943,0
extra_block_hexa,extra_mechanic,53542343,Взрывной Блок Пазл,Puzzle,strong,title:блок; desc:блок пазл,361,2025-05-12,492,2617,4284,4284,0
extra_block_hexa,extra_mechanic,53392826,10 x 10 Blocks. 10 x 10 Блоки,Puzzle,strong,title:block,291,2025-05-06,498,1537,4806,4807,0
extra_block_hexa,extra_mechanic,54208568,4 Блока,Puzzle,strong,title:блок,280,2025-10-06,345,2259,4171,4172,0
extra_block_hexa,extra_mechanic,52702073,Стреляй и Соединяй,Puzzle,strong,desc:гекс,273,2024-11-18,667,4434,4817,4818,0
extra_block_hexa,extra_mechanic,54690323,Блоки - яркая головоломка,Puzzle,strong,title:блок,273,2026-09-07,9,2783,2978,2945,0
extra_block_hexa,extra_mechanic,54604029,Бомбо Блоки,Puzzle,strong,title:блок,270,2026-06-09,99,2985,4160,4161,0
extra_block_hexa,extra_mechanic,54739790,Феникс: Волшебные блоки,Puzzle,strong,title:блок,264,2026-09-09,7,977,3547,3557,0
extra_block_hexa,extra_mechanic,54682453,Монохромный блок,Puzzle,strong,title:блок,257,2026-07-30,48,2968,4758,4759,0
extra_block_hexa,extra_mechanic,54692847,67 БЛОКОВ,Puzzle,strong,title:блок; desc:block puzzle,252,2026-09-07,9,1299,3475,3373,0
extra_block_hexa,extra_mechanic,54459865,Блоки- слияние 2048,Puzzle,strong,title:блок,251,2026-03-02,198,3862,4355,4356,0
extra_block_hexa,extra_mechanic,51853256,Кибер блоки,Hyper-casual,strong,title:блок,250,2024-02-14,945,3374,4006,4016,0
extra_block_hexa,extra_mechanic,54527850,Скользкие Блоки,Puzzle,strong,title:блок,238,2026-07-31,47,2988,4119,4120,0
extra_block_hexa,extra_mechanic,54463871,Блок шутер 2048,Puzzle,strong,title:блок,202,2026-03-04,196,3471,4386,4387,0
extra_block_hexa,extra_mechanic,51918267,Шар и блоки,Hyper-casual,strong,title:блок,198,2024-05-07,862,4859,4804,4805,0
extra_block_hexa,extra_mechanic,53905078,SpaceHex,Puzzle,strong,desc:гекс,182,2025-07-16,427,3584,4856,4864,0
extra_block_hexa,extra_mechanic,54691983,Элементарные кубики,Tabletop game,strong,title:кубики,157,2026-08-05,42,,4181,4182,0
extra_block_hexa,extra_mechanic,52748301,Блок пазл - Для взрослых,Puzzle,strong,title:блок; desc:тетрис,153,2024-11-28,657,2525,3692,3697,0
extra_block_hexa,extra_mechanic,54722196,БлокБитва,Puzzle,strong,title:блок,147,2026-09-09,7,2688,3091,3092,0
extra_block_hexa,extra_mechanic,53774010,Блоки: Двигай и Объединяй,Puzzle,strong,title:блок,139,2025-06-20,453,4312,4146,4146,0
extra_block_hexa,extra_mechanic,54253477,Блоки с Поворотом,Hyper-casual,strong,title:блок,128,2025-10-22,329,1432,4385,4386,0
extra_block_hexa,extra_mechanic,52896396,ГЕКСА 2048: Бесконечность,Puzzle,strong,title:гекс; desc:гекс,125,2025-02-11,582,3878,4113,4114,0
extra_block_hexa,extra_mechanic,54735671,Джелли Блок: Собирай ряды!,Puzzle,strong,title:блок,100,2026-09-01,15,1957,4340,4332,0
extra_block_hexa,extra_mechanic,54437411,TetriBasket,Hyper-casual,strong,desc:тетрис,78,2026-02-10,218,2598,4745,4746,0
extra_block_hexa,extra_mechanic,53992911,Двигай Цветные Блоки,Puzzle,strong,title:блок,67,2025-08-05,407,4728,4117,4109,0
extra_block_hexa,extra_mechanic,53423715,Блок Пазл: Неоновые Блоки,Puzzle,strong,title:блок; desc:блок пазл,60,2025-05-12,492,1994,4794,4804,0
extra_block_hexa,extra_mechanic,54434678,Видео Блоки Океан,Puzzle,strong,title:блок,48,2026-02-13,215,4887,4960,4960,0
extra_block_hexa,extra_mechanic,54102245,Головоломка Желейные блоки,Puzzle,strong,title:блок,40,2025-09-08,373,3566,4845,4845,0
extra_block_hexa,extra_mechanic,51816680,Подпрыгивающий Алл,Puzzle,weak,desc_weak:блоки,375645,2024-05-03,866,20,76,222,1
extra_block_hexa,extra_mechanic,8029885,Маджонг Светлячок,Puzzle,weak,desc_weak:блоков,142725,2021-12-20,1731,4588,563,2741,0
extra_block_hexa,extra_mechanic,7833702,Бридж Билдер: строить мост,Puzzle,weak,desc_weak:блоки,120663,2021-04-22,1973,4127,954,1652,0
extra_block_hexa,extra_mechanic,51568329,Граффити Пикселей,Puzzle,weak,desc_weak:блоки,111446,2023-03-13,1283,371,830,,0
extra_block_hexa,extra_mechanic,51418020,Забавная головоломка,Puzzle,weak,desc_weak:блоков,110451,2022-10-05,1442,443,1230,,0
extra_block_hexa,extra_mechanic,51418022,Мастер овец,Hyper-casual,weak,desc_weak:блоки,92869,2022-10-11,1436,2898,760,451,0
extra_block_hexa,extra_mechanic,51871737,Разбери Кубик,Puzzle,weak,desc_weak:блоками,88702,2024-03-18,912,3265,747,,0
extra_block_hexa,extra_mechanic,8100488,ЗАПОЛНИТЬ,Puzzle,weak,desc_weak:блоки,61522,2022-03-15,1646,2963,1555,992,0
extra_block_hexa,extra_mechanic,8230675,Шаромёт,Puzzle,weak,desc_weak:блоков,56353,2022-08-24,1484,2853,3358,3367,0
extra_block_hexa,extra_mechanic,51418019,Заводчик овец,Hyper-casual,weak,desc_weak:блоки,48438,2022-10-05,1442,2531,1942,,0
extra_block_hexa,extra_mechanic,8218814,Соединяй: 2048🔥,Puzzle,weak,desc_weak:блоки,47639,2022-09-13,1464,4577,3295,3287,0
extra_block_hexa,extra_mechanic,7891541,Стэк Башня Неон: строить дом,Hyper-casual,weak,desc_weak:блоков,45188,2021-07-02,1902,3615,2071,2712,0
extra_block_hexa,extra_mechanic,51418021,Бычья Легенда,Three in a row,weak,desc_weak:блоки,42673,2022-10-11,1436,2321,1251,2775,0
extra_block_hexa,extra_mechanic,8074613,Раздвижная головоломка,Puzzle,weak,desc_weak:блоки,41116,2022-02-09,1680,2538,2299,,0
extra_block_hexa,extra_mechanic,7808869,2048 3D,Hyper-casual,weak,desc_weak:блоки,37218,2021-04-05,1990,3157,1154,2280,0
extra_block_hexa,extra_mechanic,54579601,Разбери Кубик 2026,Puzzle,weak,desc_weak:блок,36042,2026-05-13,126,4927,1023,517,0
extra_block_hexa,extra_mechanic,51543286,Матч Животных,Three in a row,weak,desc_weak:блоков,32221,2023-03-21,1275,1664,2364,1932,0
extra_block_hexa,extra_mechanic,51543288,Сильнейший Мозг,Puzzle,weak,desc_weak:блоки,32012,2023-03-13,1283,2216,2274,,0
extra_block_hexa,extra_mechanic,18314831,До десяти,Puzzle,weak,desc_weak:блоки,30905,2022-08-09,1499,837,2062,,0
extra_block_hexa,extra_mechanic,54531151,Arrow Escape Стрелки Лабиринт,Puzzle,weak,desc_weak:блоки,30553,2026-04-13,156,1120,256,300,1
extra_block_hexa,extra_mechanic,51568316,Башня Животных,Puzzle,weak,desc_weak:блоками,30488,2023-03-08,1288,1650,2148,1995,0
extra_block_hexa,extra_mechanic,51418034,Овец и Овец,Hyper-casual,weak,desc_weak:блоки,29219,2022-11-20,1396,2122,2174,1275,0
extra_block_hexa,extra_mechanic,51398236,Cохранить Lamb,Hyper-casual,weak,desc_weak:блоки,27462,2022-10-26,1421,3598,1665,2662,0
extra_block_hexa,extra_mechanic,54335383,Собери Картинку,Puzzle,weak,desc_weak:блоков,25281,2025-11-21,299,,327,324,0
extra_block_hexa,extra_mechanic,53883886,2048: Соедини Цепочки,Puzzle,weak,desc_weak:блоки,24552,2025-07-23,420,4798,924,790,0
extra_block_hexa,extra_mechanic,8131075,2048,Puzzle,weak,desc_weak:блоками,24167,2022-04-11,1619,3798,3030,3042,0
extra_block_hexa,extra_mechanic,51647754,Выживание в Майнкрафт,Puzzle,weak,desc_weak:блоки,21102,2023-05-17,1218,1283,1570,2517,0
extra_block_hexa,extra_mechanic,19044293,Башня из зверей,Puzzle,weak,desc_weak:блоками,20731,2022-08-15,1493,1142,1067,2527,0
extra_block_hexa,extra_mechanic,53473067,ПазлБлок,Puzzle,weak,desc_weak:блок,20510,2025-04-23,511,3909,1667,889,0
extra_block_hexa,extra_mechanic,53825510,Загадочный лифт,Puzzle,weak,desc_weak:блоки,15258,2025-06-30,443,3751,2191,386,0
extra_block_hexa,extra_mechanic,51605986,Котейки,Three in a row,weak,desc_weak:блоков,14478,2023-04-07,1258,,,3625,0
extra_block_hexa,extra_mechanic,7877304,ГуруКино,Puzzle,weak,desc_weak:блоков,13398,2021-06-15,1919,3714,2380,2807,0
extra_block_hexa,extra_mechanic,54065515,Восход Императора,Hyper-casual,weak,desc_weak:блоки,11261,2025-09-17,364,4952,2797,828,0
extra_block_hexa,extra_mechanic,8140602,Четвёрки,Puzzle,weak,desc_weak:блоков,11108,2022-05-04,1596,4829,4938,4938,0
extra_block_hexa,extra_mechanic,8028921,Завитушка,Puzzle,weak,desc_weak:фигурки на поле,10625,2021-12-17,1734,3679,972,1797,0
extra_block_hexa,extra_mechanic,51581290,Charmed Память,Puzzle,weak,desc_weak:блоки,10613,2023-03-20,1276,4295,3985,3986,0
extra_block_hexa,extra_mechanic,51435642,ЖУТКОЕ СКОЛЬЖЕНИЕ,Puzzle,weak,desc_weak:блоками,8764,2022-09-27,1450,4478,4787,4788,0
extra_block_hexa,extra_mechanic,8138875,🧙‍♂Ханойская башня,Puzzle,weak,desc_weak:блок,8050,2022-04-19,1611,4452,786,649,0
extra_block_hexa,extra_mechanic,54406855,Разрушитель пикселей,Arcade,weak,desc_weak:блоков,7561,2025-12-25,265,1219,3044,3022,0
extra_block_hexa,extra_mechanic,53999614,Любимые деревяшки 3 в ряд,Three in a row,weak,desc_weak:фигурки на игровом поле,6650,2025-08-05,407,2366,2329,1666,0
extra_block_hexa,extra_mechanic,51840164,Ромбики - соедини 2048,Puzzle,weak,desc_weak:блоки,6463,2024-01-25,965,1698,4652,4654,0
extra_block_hexa,extra_mechanic,54451942,Кубика,Puzzle,weak,desc_weak:блоки,6281,2026-02-16,212,4689,1927,2481,0
extra_block_hexa,extra_mechanic,54358773,Разблокируй Шарик,Puzzle,weak,desc_weak:блоки,6080,2025-12-01,289,2582,1260,757,0
extra_block_hexa,extra_mechanic,53881849,Сладости для Монстра,Hyper-casual,weak,desc_weak:блоки,5082,2025-07-14,429,1284,407,2362,0
extra_block_hexa,extra_mechanic,54102300,ШокоБлоки пазл,Puzzle,weak,desc_weak:блоки,4907,2025-09-04,377,3548,1001,630,0
extra_block_hexa,extra_mechanic,51892211,Полигон Пазл,Hyper-casual,weak,desc_weak:блоками,4790,2024-05-07,862,2788,796,1277,0
extra_block_hexa,extra_mechanic,53429374,Головоломка. Найди совпадения,Three in a row,weak,desc_weak:блоки,4568,2025-05-07,497,,434,1052,0
extra_block_hexa,extra_mechanic,54046127,Сэндтрис,Puzzle,weak,desc_weak:блоки,4465,2025-09-11,370,4089,799,2680,0
extra_block_hexa,extra_mechanic,51577084,Сумма Чисел,Puzzle,weak,desc_weak:блоками,4353,2023-03-13,1283,4258,3634,3629,0
extra_block_hexa,extra_mechanic,53888557,Разбери картинку: Головоломка,Puzzle,weak,desc_weak:блоки,4058,2025-07-10,433,4417,4516,4518,0
extra_block_hexa,extra_mechanic,51492505,Головоломку - Рождество,Puzzle,weak,desc_weak:блоки,4020,2022-12-07,1379,4272,3703,3705,0
extra_block_hexa,extra_mechanic,8143757,Защитник 2048 - Merge Puzzle,Hyper-casual,weak,desc_weak:блоков,3997,2022-05-18,1582,4480,4766,4767,0
extra_block_hexa,extra_mechanic,51600252,Замкни линию,Puzzle,weak,desc_weak:блоки,3930,2023-04-04,1261,3919,4268,4268,0
extra_block_hexa,extra_mechanic,54534758,ДубоУм: Деревянный Пазл,Puzzle,weak,desc_weak:блоки,3859,2026-04-27,142,,393,2332,0
extra_block_hexa,extra_mechanic,51904961,Леди и Нубик,Arcade,weak,desc_weak:блоки,3807,2024-05-13,856,2910,3766,3734,0
extra_block_hexa,extra_mechanic,54590436,Водный Путь Счастливый Стакан,Puzzle,weak,desc_weak:блоки,3767,2026-06-03,105,2348,610,1946,0
extra_block_hexa,extra_mechanic,54651903,Котовасия,Puzzle,weak,desc_weak:блоки,3704,2026-07-02,76,2167,392,2506,0
extra_block_hexa,extra_mechanic,54634041,Свинки-крушители,Puzzle,weak,desc_weak:блоки,3468,2026-06-30,78,805,4679,4681,0
extra_block_hexa,extra_mechanic,51605380,Разрушение Башни,Hyper-casual,weak,desc_weak:блоков,3108,2023-04-06,1259,3270,3451,3475,0
extra_block_hexa,extra_mechanic,51470386,Круги,Puzzle,weak,desc_weak:блок,2959,2022-11-11,1405,3240,2891,2905,0
extra_block_hexa,extra_mechanic,51769348,Математический Остров Собак,Puzzle,weak,desc_weak:блоки,2843,2023-10-17,1065,1847,417,803,0
extra_block_hexa,extra_mechanic,54450348,Треугольники точки 2048,Puzzle,weak,desc_weak:блоков,2718,2026-02-17,211,4073,675,642,0
extra_block_hexa,extra_mechanic,54623957,Trap Adventure,Puzzle,weak,desc_weak:блоки,2691,2026-06-30,78,2999,620,868,0
extra_block_hexa,extra_mechanic,54479917,Цветобашня,Puzzle,weak,desc_weak:блоки,2412,2026-03-16,184,4828,361,668,0
extra_block_hexa,extra_mechanic,53696546,Пазл Связь Цвета,Puzzle,weak,desc_weak:блоки,2385,2025-06-05,468,3960,911,720,0
extra_block_hexa,extra_mechanic,54646196,Картинка по Частям,Hyper-casual,weak,desc_weak:блоков,2337,2026-07-03,75,2879,1304,,0
extra_block_hexa,extra_mechanic,54675388,Убери кубы,Puzzle,weak,desc_weak:блоки,1988,2026-07-16,62,4746,3924,3925,0
extra_block_hexa,extra_mechanic,51541460,Судоку: Классический,Puzzle,weak,desc_weak:блоков,1970,2023-02-02,1322,3927,4326,4327,0
extra_block_hexa,extra_mechanic,54684402,2048: Бесконечный Рост,Puzzle,weak,desc_weak:блоков,1957,2026-07-23,55,4349,4260,4260,0
extra_block_hexa,extra_mechanic,52203029,Разбери Стрелки,Puzzle,weak,desc_weak:блоков,1786,2024-08-26,751,2495,3502,3503,0
extra_block_hexa,extra_mechanic,51887530,Битва Слов,Puzzle,weak,desc_weak:блоки,1558,2025-05-14,490,2214,3789,3798,0
extra_block_hexa,extra_mechanic,54330401,МержСтрой,Puzzle,weak,desc_weak:блоки,1552,2025-11-19,301,1747,3478,3486,0
extra_block_hexa,extra_mechanic,53429574,Плитки 2048,Puzzle,weak,desc_weak:блоки,1418,2025-04-14,520,3981,4907,4908,0
extra_block_hexa,extra_mechanic,51914277,Мир Судоку,Puzzle,weak,desc_weak:блоков,1320,2024-05-17,852,3986,4699,4701,0
extra_block_hexa,extra_mechanic,53359352,Треугольники,Hyper-casual,weak,desc_weak:блоки,1260,2025-04-01,533,3029,4383,4393,0
extra_block_hexa,extra_mechanic,53870404,Лесенка 2048,Puzzle,weak,desc_weak:блоков,1086,2025-07-09,434,3579,4872,4901,0
extra_block_hexa,extra_mechanic,54713670,Скуфы против Альтушек,Puzzle,weak,desc_weak:блок,853,2026-08-31,16,1222,3226,3218,0
extra_block_hexa,extra_mechanic,54616467,Bird Boom: Битва Миров,Arcade,weak,desc_weak:блок,850,2026-08-03,44,4651,2830,2834,0
extra_block_hexa,extra_mechanic,54689311,Головоломки,Puzzle,weak,desc_weak:блоки,805,2026-07-28,50,3911,4227,4228,0
extra_block_hexa,extra_mechanic,52751186,Неоновый мячик,Puzzle,weak,desc_weak:блоками,620,2024-11-26,659,3586,4929,4929,0
extra_block_hexa,extra_mechanic,51827412,Соединяй Всё,Puzzle,weak,desc_weak:блоки,591,2024-01-25,965,3377,4038,4039,0
extra_block_hexa,extra_mechanic,53188277,Крутые Шарики,Puzzle,weak,desc_weak:блоками,548,2025-04-09,525,2306,3290,3291,0
extra_block_hexa,extra_mechanic,54051647,Сбрось число,Puzzle,weak,desc_weak:блоками,524,2025-08-18,394,3707,3306,3307,0
extra_block_hexa,extra_mechanic,54643503,Шарики классические,Three in a row,weak,desc_weak:блоков,512,2026-07-02,76,3281,3803,3813,0
extra_block_hexa,extra_mechanic,54707420,Домино,Tabletop game,weak,desc_weak:блок,500,2026-08-13,34,3346,3799,3773,0
extra_block_hexa,extra_mechanic,54614558,Пасьянс паук классический,Tabletop game,weak,desc_weak:блок,463,2026-06-02,106,4776,4267,4267,0
extra_block_hexa,extra_mechanic,53265708,Сдвигай Плиточки,Puzzle,weak,desc_weak:блоки,437,2025-03-17,548,1992,4954,4979,0
extra_block_hexa,extra_mechanic,54702801,Пульс стрелок,Puzzle,weak,desc_weak:блок,430,2026-09-04,12,793,3554,3521,0
extra_block_hexa,extra_mechanic,54208557,2048 Плитки,Puzzle,weak,desc_weak:блоки,408,2025-10-06,345,2643,4424,4425,0
extra_block_hexa,extra_mechanic,51875817,Числовой лабиринт,Puzzle,weak,desc_weak:блоки,381,2024-03-13,917,2602,4795,4796,0
extra_block_hexa,extra_mechanic,54176454,Квадратики,Puzzle,weak,desc_weak:блоки,381,2025-09-26,355,4083,3251,3252,0
extra_block_hexa,extra_mechanic,54664581,Судоку - задача дня,Puzzle,weak,desc_weak:блоков,355,2026-08-06,41,1541,4441,4442,0
extra_block_hexa,extra_mechanic,53183026,Заблокируй поросенка,Puzzle,weak,desc_weak:блоки,275,2025-03-04,561,3589,4982,4982,0
extra_block_hexa,extra_mechanic,52224498,Вдребезги,Puzzle,weak,desc_weak:блоки,259,2024-08-29,748,2248,4807,4808,0
extra_block_hexa,extra_mechanic,54448674,КотБатон,Puzzle,weak,desc_weak:блоки,168,2026-02-18,210,3543,4761,4762,0
extra_block_hexa,extra_mechanic,54734586,Матрёшки: Бум,Puzzle,weak,desc_weak:фигурами или широкую сетк,152,2026-08-31,16,2454,2836,2840,0
extra_block_hexa,extra_mechanic,51687147,2048 ферма,Puzzle,weak,desc_weak:блоков,112,2023-07-20,1154,4636,3428,3436,0
extra_block_hexa,extra_mechanic,53105070,2048 Найди Число,Puzzle,weak,desc_weak:блоков,81,2025-02-20,573,3400,4812,4813,0
extra_block_hexa,extra_mechanic,53863334,Цветные кубы: Битва за поле,Puzzle,weak,desc_weak:блоки,47,2025-10-21,330,4018,4734,4726,0
extra_picture_jigsaw,extra_mechanic,4742046,Косынка Онлайн-Пасьянс,Tabletop game,strong,desc:раскрас,1368893,2015-02-10,4236,342,23,66,1
extra_picture_jigsaw,extra_mechanic,6904672,Вышивание крестиком,Tabletop game,strong,desc:раскрас,1355005,2019-03-22,2735,454,36,177,1
extra_picture_jigsaw,extra_mechanic,8005097,Покрась Лабиринт,Hyper-casual,strong,desc:раскрас,624048,2021-11-22,1759,4566,3294,3295,0
extra_picture_jigsaw,extra_mechanic,8138559,Пазлы Слов,Word game,strong,title:пазл,338529,2022-04-19,1611,463,1138,,0
extra_picture_jigsaw,extra_mechanic,5452475,Угадай 4 картинки слова викто,Puzzle,strong,title:картин,331226,2016-10-15,3623,1644,3409,3418,0
extra_picture_jigsaw,extra_mechanic,5745128,"4 картинки, Угадай, 4 слова",Puzzle,strong,title:картин,275559,2016-12-25,3552,1093,577,,0
extra_picture_jigsaw,extra_mechanic,5989552,Ямабуси. Японские кроссворды.,Puzzle,strong,title:японские кроссв,246493,2017-05-25,3401,4541,57,64,1
extra_picture_jigsaw,extra_mechanic,51619559,Рисование и раскраска бисером,Simulator,strong,title:раскрас; desc:раскрас,194627,2023-04-20,1245,86,473,,1
extra_picture_jigsaw,extra_mechanic,53384440,Блок Мастер - Супер Пазл!,Puzzle,strong,title:пазл,194339,2025-04-09,525,127,75,261,1
extra_picture_jigsaw,extra_mechanic,7894397,Песок и шарики: диггер пазл,Puzzle,strong,title:пазл,193251,2021-07-07,1897,1019,591,,0
extra_picture_jigsaw,extra_mechanic,51731262,Пазл с блоками 88,Three in a row,strong,title:пазл,181128,2024-01-09,981,4274,493,1114,0
extra_picture_jigsaw,extra_mechanic,7916925,Числовой пазл 2048: топ брикс,Puzzle,strong,title:пазл,178892,2021-08-03,1870,1902,488,1779,0
extra_picture_jigsaw,extra_mechanic,8027326,Что на картинке?,Word game,strong,title:картин,171851,2021-12-17,1734,3167,587,1110,0
extra_picture_jigsaw,extra_mechanic,7731883,Рисуй и Наливай,Puzzle,strong,title:рисуй,153950,2021-01-19,2066,4269,3751,3753,0
extra_picture_jigsaw,extra_mechanic,54458245,Tap Gallery,Puzzle,strong,title:tap gallery; desc:открывать скрытые изображ,141050,2026-03-03,197,120,191,286,1
extra_picture_jigsaw,extra_mechanic,51614608,Гуру плиток,Three in a row,strong,desc:раскрас,92642,2023-04-17,1248,2755,776,2488,0
extra_picture_jigsaw,extra_mechanic,54539273,Разбери Стрелочки,Puzzle,strong,desc:открывая великолепные изображ,81470,2026-04-16,153,78,95,78,1
extra_picture_jigsaw,extra_mechanic,51573679,Пазлы Бесплатно ✅ Jigsaw Free,Puzzle,strong,title:пазл,70322,2023-03-28,1268,698,579,,0
extra_picture_jigsaw,extra_mechanic,51858135,Pixel House,Hyper-casual,strong,desc:раскрас,65131,2024-03-26,904,4555,2224,1683,0
extra_picture_jigsaw,extra_mechanic,52268687,Японские кроссворды: Галерея,Puzzle,strong,title:японские кроссв,63823,2024-09-09,737,2013,1194,,0
extra_picture_jigsaw,extra_mechanic,7958108,Викторина: 5 картинок,Puzzle,strong,title:картин,61067,2021-09-27,1815,4433,1888,317,0
extra_picture_jigsaw,extra_mechanic,7807302,Картинг Гонки 2,Racing,strong,title:картин,57476,2021-07-12,1892,2524,3694,3665,0
extra_picture_jigsaw,extra_mechanic,8000192,Танграм Треугольник Блок Пазл,Puzzle,strong,title:пазл,52732,2021-12-03,1748,3737,1910,1079,0
extra_picture_jigsaw,extra_mechanic,7841269,Блок Пазл,Puzzle,strong,title:пазл,52646,2021-04-30,1965,2488,3461,3470,0
extra_picture_jigsaw,extra_mechanic,8078412,Пазл из мультфильмов,Tabletop game,strong,title:пазл,51980,2022-02-14,1675,1087,541,,0
extra_picture_jigsaw,extra_mechanic,54428199,Пазл Пасьянс: Ежедневный пазл,Puzzle,strong,title:пазл,50909,2026-02-24,204,4522,204,567,1
extra_picture_jigsaw,extra_mechanic,7902483,Японские кроссворды,Puzzle,strong,title:японские кроссв,49754,2021-07-20,1884,,1479,,0
extra_picture_jigsaw,extra_mechanic,8004011,Рисуй и Паркуй,Hyper-casual,strong,title:рисуй,45416,2021-11-18,1763,2935,3855,3862,0
extra_picture_jigsaw,extra_mechanic,7866185,Сказочный пазл,Puzzle,strong,title:пазл,42994,2021-06-02,1932,4391,1295,590,0
extra_picture_jigsaw,extra_mechanic,54184211,Сортируй Плитки,Puzzle,strong,desc:открывать скрытые картин,41102,2025-10-13,338,4512,769,569,0
extra_picture_jigsaw,extra_mechanic,52452662,Соедини узор,Puzzle,strong,desc:откроется картин,38207,2024-10-14,702,4832,1908,1696,0
extra_picture_jigsaw,extra_mechanic,54184191,Лабиринт Стрелок Пазл,Puzzle,strong,title:пазл; desc:откройте спрятанную картин,37107,2026-02-24,204,8,179,44,1
extra_picture_jigsaw,extra_mechanic,7865412,Картинг Гонки,Racing,strong,title:картин,36924,2021-07-12,1892,1308,3793,3826,0
extra_picture_jigsaw,extra_mechanic,51712578,Позы и пазлы,Hyper-casual,strong,title:пазл,30332,2023-07-26,1148,4734,2339,946,0
extra_picture_jigsaw,extra_mechanic,51495434,Вызов Раскраски Мячей,Hyper-casual,strong,title:раскрас; desc:раскрас,29317,2023-01-25,1330,2762,2536,2292,0
extra_picture_jigsaw,extra_mechanic,8031863,Гекса Блоки: Мердж Пазл 2048,Puzzle,strong,title:пазл,27748,2022-01-12,1708,1430,1406,597,0
extra_picture_jigsaw,extra_mechanic,54121044,Рисуй и Спаси,Strategy,strong,title:рисуй,27245,2026-03-04,196,817,1576,,0
extra_picture_jigsaw,extra_mechanic,54335383,Собери Картинку,Puzzle,strong,title:картин,25281,2025-11-21,299,,327,324,0
extra_picture_jigsaw,extra_mechanic,54673712,Рисуй и Прячься,Arcade,strong,title:рисуй,24766,2026-08-13,34,784,1015,162,1
extra_picture_jigsaw,extra_mechanic,51432089,Книжка-раскраска - Хэллоуин,Tabletop game,strong,title:раскрас,24395,2022-09-22,1455,2265,2249,738,0
extra_picture_jigsaw,extra_mechanic,53031364,Пикселька-раскраска,Tabletop game,strong,title:раскрас; desc:раскрас,23120,2025-02-18,575,1981,1378,775,0
extra_picture_jigsaw,extra_mechanic,54698383,Туда-Сюда: Распутай Рисунок,Puzzle,strong,title:рисунок,21922,2026-08-14,33,7,133,40,1
extra_picture_jigsaw,extra_mechanic,52424638,Пазл: Путь к Цвету,Puzzle,strong,title:пазл,21237,2024-11-06,679,1814,574,,0
extra_picture_jigsaw,extra_mechanic,51450270,Соединяйка Картина,Hyper-casual,strong,title:картин,21150,2022-12-05,1381,978,3550,3560,0
extra_picture_jigsaw,extra_mechanic,51624546,DOP:Дорисуй деталь в Лавстори,Hyper-casual,strong,title:рисуй,20554,2023-04-27,1238,3802,3035,3038,0
extra_picture_jigsaw,extra_mechanic,53473067,ПазлБлок,Puzzle,strong,title:пазл,20510,2025-04-23,511,3909,1667,889,0
extra_picture_jigsaw,extra_mechanic,51847375,DOP: Дорисуй или Сотри,Puzzle,strong,title:рисуй,20207,2024-03-07,923,1640,1789,,0
extra_picture_jigsaw,extra_mechanic,51547981,Алмазное Рисование по Номерам,Hyper-casual,strong,title:по номерам; desc:по номерам,20047,2023-02-13,1311,1508,1884,355,0
extra_picture_jigsaw,extra_mechanic,51701765,4 картинки 1 слово,Puzzle,strong,title:картин,20038,2023-09-25,1087,3174,2521,326,0
extra_picture_jigsaw,extra_mechanic,53788339,Миллион Пазлов,Puzzle,strong,title:пазл,18794,2025-11-01,319,,206,90,1
extra_picture_jigsaw,extra_mechanic,51551038,Эмодзи Пазл Головоломка,Puzzle,strong,title:пазл,17518,2023-02-14,1310,2436,158,209,1
extra_picture_jigsaw,extra_mechanic,8104838,Коллекции пазлов,Tabletop game,strong,title:пазл,16591,2022-03-17,1644,1487,1405,,0
extra_picture_jigsaw,extra_mechanic,53981961,Флирт-пазл: Знакомься!,Communication,strong,title:пазл,16176,2026-02-19,209,621,1972,,0
extra_picture_jigsaw,extra_mechanic,51829509,Волчок,Hyper-casual,strong,desc:раскрас,15450,2024-01-12,978,742,2073,,0
extra_picture_jigsaw,extra_mechanic,8139390,Пазлы - Собери Картинку,Puzzle,strong,title:пазл,14805,2022-05-07,1593,3768,2720,,0
extra_picture_jigsaw,extra_mechanic,8151701,Судоку Пазл,Puzzle,strong,title:пазл,14424,2022-05-07,1593,2680,1535,2777,0
extra_picture_jigsaw,extra_mechanic,54290482,Грядки перемен,Hyper-casual,strong,desc:собери картинку,14031,2025-11-12,308,4187,1959,,0
extra_picture_jigsaw,extra_mechanic,8192286,Майнкрафт -  Раскраска,Hyper-casual,strong,title:раскрас; desc:раскрас,14020,2022-06-23,1546,2328,3332,3333,0
extra_picture_jigsaw,extra_mechanic,51588234,Нарисуй Оружие,Hyper-casual,strong,title:рисуй,12999,2024-11-14,671,1235,1762,1103,0
extra_picture_jigsaw,extra_mechanic,54208351,Раскраска: рисуй по номерам,Hyper-casual,strong,title:раскрас; desc:раскрас,12952,2025-10-24,327,1012,1752,358,0
extra_picture_jigsaw,extra_mechanic,51703502,Шарики Соединяй по Номерам,Three in a row,strong,title:по номерам,12939,2023-07-14,1160,4265,3742,3735,0
extra_picture_jigsaw,extra_mechanic,8216183,Пазл Дня,Puzzle,strong,title:пазл; desc:кусочков будет поделена картин,12090,2022-07-22,1517,4182,996,,0
extra_picture_jigsaw,extra_mechanic,51701760,Викторина: Картины,Puzzle,strong,title:картин,12082,2023-08-21,1122,2664,293,1664,1
extra_picture_jigsaw,extra_mechanic,54647377,Строить Трек для Картинга,Simulator,strong,title:картин,11998,2026-07-16,62,379,982,447,0
extra_picture_jigsaw,extra_mechanic,51537553,Угадай картину,Puzzle,strong,title:картин,11855,2023-01-30,1325,1265,2636,783,0
extra_picture_jigsaw,extra_mechanic,7994805,Звездный пазл,Puzzle,strong,title:пазл,11504,2021-11-09,1772,2635,524,988,0
extra_picture_jigsaw,extra_mechanic,51977223,Пазлы для взрослых,Puzzle,strong,"title:пазл; desc:кусочков, до сложного, где картин",11322,2024-06-28,810,1095,853,,0
extra_picture_jigsaw,extra_mechanic,51441487,Стеклянные пазлы,Puzzle,strong,title:пазл,10671,2023-01-16,1339,4329,2516,901,0
extra_picture_jigsaw,extra_mechanic,54212896,ВегаМикс Пазлы Да Винчи,Three in a row,strong,title:пазл,10635,2025-10-31,320,3948,2617,791,0
extra_picture_jigsaw,extra_mechanic,51629748,Доп: Собери Картинку,Hyper-casual,strong,title:картин,10526,2023-10-18,1064,2836,3348,2894,0
extra_picture_jigsaw,extra_mechanic,53419654,Раскраска: Алмазная Мозаика,Simulator,strong,title:раскрас; desc:раскрас,10434,2025-04-14,520,1018,2296,1142,0
extra_picture_jigsaw,extra_mechanic,51818022,Пазлы: собирай вместе,Puzzle,strong,title:пазл,10329,2023-12-22,999,1782,1381,,0
extra_picture_jigsaw,extra_mechanic,51750095,Нарисуй Легион,Strategy,strong,title:рисуй,10326,2023-11-07,1044,1254,3584,3594,0
extra_picture_jigsaw,extra_mechanic,53258749,Блок Пазл тропическая история,Puzzle,strong,title:пазл,9981,2025-03-14,551,4231,1903,1162,0
extra_picture_jigsaw,extra_mechanic,51432859,Пазл - Хэллоуин,Tabletop game,strong,title:пазл,9782,2022-09-23,1454,2883,3525,3500,0
extra_picture_jigsaw,extra_mechanic,54578854,Раскраска Антистресс,Hyper-casual,strong,title:раскрас; desc:раскрас,9294,2026-05-15,124,1955,1302,1690,0
extra_picture_jigsaw,extra_mechanic,8167287,Простые Пазлы,Puzzle,strong,title:пазл,9192,2022-05-17,1583,2077,2635,2266,0
extra_picture_jigsaw,extra_mechanic,8159110,Майнкрафт - Пазлы для детей,Puzzle,strong,title:пазл,8821,2022-06-15,1554,3507,4482,4484,0
extra_picture_jigsaw,extra_mechanic,51490698,Книжка-раскраска - Рождество,Simulator,strong,title:раскрас,8539,2022-12-01,1385,2377,2990,2992,0
extra_picture_jigsaw,extra_mechanic,51613812,Блок Пазл: Шестиугольники,Puzzle,strong,title:пазл,8223,2023-04-17,1248,,3384,3358,0
extra_picture_jigsaw,extra_mechanic,8049720,Пазл сюрприз,Tabletop game,strong,title:пазл,7784,2022-01-17,1703,4808,1470,747,0
extra_picture_jigsaw,extra_mechanic,52614343,Пазл: Вот это поворот!,Puzzle,strong,title:пазл,7740,2024-11-20,665,2737,4664,4657,0
extra_picture_jigsaw,extra_mechanic,51932869,Собери блоки в пазл,Puzzle,strong,title:пазл,7708,2024-05-29,840,1385,1956,,0
extra_picture_jigsaw,extra_mechanic,53937485,Фантазия Пазлов,Puzzle,strong,"title:пазл; desc:кусочки, чтобы собрать целое изображ",7630,2025-07-23,420,4724,2517,973,0
extra_picture_jigsaw,extra_mechanic,53322184,Мастер Ножей: Пазл и Физика,Puzzle,strong,title:пазл,7528,2025-03-25,540,,2755,1081,0
extra_picture_jigsaw,extra_mechanic,53021720,Конструктор - слайдер пазл,Puzzle,strong,title:пазл,7420,2025-03-03,562,3220,3139,3140,0
extra_picture_jigsaw,extra_mechanic,52337260,Умный Шар,Puzzle,strong,desc:раскрас,7235,2024-11-05,680,3089,4552,4553,0
extra_picture_jigsaw,extra_mechanic,51847988,Котопазл: Лапки и сокровища,Puzzle,strong,title:пазл,7115,2024-04-04,895,4662,2276,2363,0
extra_picture_jigsaw,extra_mechanic,51605230,Баскет Пазл,Puzzle,strong,title:пазл,7104,2023-04-07,1258,1389,3840,3847,0
extra_picture_jigsaw,extra_mechanic,52973505,Пазл: Путь карандаша,Puzzle,strong,title:пазл,6727,2025-01-29,595,3750,,4522,0
extra_picture_jigsaw,extra_mechanic,54547320,Пазл 2048 Слияние блоков,Puzzle,strong,title:пазл,6711,2026-04-27,142,4129,1303,1665,0
extra_picture_jigsaw,extra_mechanic,52094267,Головоломка Звери и Краски,Puzzle,strong,desc:раскрас,6606,2024-08-20,757,3084,195,1717,1
extra_picture_jigsaw,extra_mechanic,54716044,Пазлы Онлайн,Tabletop game,strong,title:пазл,6509,2026-09-08,8,6,238,257,1
extra_picture_jigsaw,extra_mechanic,54464444,Раскраска по номерам. Рисунки,Hyper-casual,strong,title:раскрас; desc:раскрас,6473,2026-02-27,201,1218,1449,2519,0
extra_picture_jigsaw,extra_mechanic,54497948,Построить Картинг,Simulator,strong,title:картин,6327,2026-03-27,173,694,1716,,0
extra_picture_jigsaw,extra_mechanic,54549092,Бесконечные Раскраски,Puzzle,strong,title:раскрас; desc:раскрас,6312,2026-05-26,113,3125,1512,709,0
extra_picture_jigsaw,extra_mechanic,53665177,Позы и пазлы 2,Puzzle,strong,title:пазл,6072,2025-06-18,455,2371,2976,2978,0
extra_picture_jigsaw,extra_mechanic,51863322,Доп2 для Взрослых-Дорисуй,Hyper-casual,strong,title:рисуй,5930,2024-02-29,930,3242,1221,2716,0
extra_picture_jigsaw,extra_mechanic,54543545,Уютные Пазлы,Tabletop game,strong,title:пазл; desc:jigsaw,5733,2026-06-09,99,4659,977,2310,0
extra_picture_jigsaw,extra_mechanic,54649914,Пасьянс Собери картинки,Tabletop game,strong,title:картин,5626,2026-07-20,58,4543,1285,1768,0
extra_picture_jigsaw,extra_mechanic,8215335,Цветочные пазлы,Puzzle,strong,title:пазл,5544,2022-07-22,1517,3943,4435,4436,0
extra_picture_jigsaw,extra_mechanic,8156273,Аниме пазлы,Puzzle,strong,title:пазл; desc:раскрас,5400,2022-05-12,1588,4363,4331,4341,0
extra_picture_jigsaw,extra_mechanic,51468511,Плюс Пазлы,Puzzle,strong,title:пазл,5379,2022-11-07,1409,4822,4973,4973,0
extra_picture_jigsaw,extra_mechanic,51528946,Волшебные пазлы,Puzzle,strong,title:пазл,5367,2023-02-28,1296,3552,4729,4730,0
extra_picture_jigsaw,extra_mechanic,51603009,Пятнашки 15,Puzzle,strong,desc:по номерам,5188,2023-04-04,1261,2954,3987,3988,0
extra_picture_jigsaw,extra_mechanic,54479095,Эпическая вышивка крестиком,Hyper-casual,strong,desc:по номерам,5164,2026-03-12,188,4195,935,1048,0
extra_picture_jigsaw,extra_mechanic,51646764,Пазл - АНИМЕ,Tabletop game,strong,title:пазл; desc:jigsaw,5162,2023-05-16,1219,2370,2973,2975,0
extra_picture_jigsaw,extra_mechanic,51878558,Рисуй легко. АСМР раскраски,Tabletop game,strong,title:рисуй; desc:раскрас,5128,2024-03-19,911,1989,1718,735,0
extra_picture_jigsaw,extra_mechanic,54102300,ШокоБлоки пазл,Puzzle,strong,title:пазл,4907,2025-09-04,377,3548,1001,630,0
extra_picture_jigsaw,extra_mechanic,53954891,Цифры пазл: Маникюр 2048!,Hyper-casual,strong,title:пазл,4850,2025-07-31,412,919,,,0
extra_picture_jigsaw,extra_mechanic,54427590,Собери Брейнрот - Пазлы!,Tabletop game,strong,title:пазл,4806,2026-01-22,237,4095,450,2688,0
extra_picture_jigsaw,extra_mechanic,51892211,Полигон Пазл,Hyper-casual,strong,title:пазл,4790,2024-05-07,862,2788,796,1277,0
extra_picture_jigsaw,extra_mechanic,54325912,Vibe Colouring,Tabletop game,strong,desc:раскрас,4645,2025-11-18,302,3361,3845,3861,0
extra_picture_jigsaw,extra_mechanic,54719766,Раскраска Мозаика по Символам,Hyper-casual,strong,title:раскрас; desc:раскрас,4624,2026-08-18,29,,1326,549,0
extra_picture_jigsaw,extra_mechanic,54208354,Вышивка-минутка,Tabletop game,strong,desc:раскрас,4551,2025-10-06,345,4189,2602,,0
extra_picture_jigsaw,extra_mechanic,54566787,Цветные Кубики Пазл,Puzzle,strong,title:пазл,4551,2026-04-28,141,3902,832,875,0
extra_picture_jigsaw,extra_mechanic,54609699,100 Дверей Коробка С Пазлами,Puzzle,strong,title:пазл,4498,2026-06-03,105,2474,2064,,0
extra_picture_jigsaw,extra_mechanic,53013172,Раскраска по Номерам,Hyper-casual,strong,title:раскрас; desc:раскрас,4098,2025-02-06,587,1379,3774,3782,0
extra_picture_jigsaw,extra_mechanic,51766111,Парковка Авто - Нарисуй Путь,Puzzle,strong,title:рисуй,4091,2023-10-10,1072,4260,1700,,0
extra_picture_jigsaw,extra_mechanic,53888557,Разбери картинку: Головоломка,Puzzle,strong,title:картин,4058,2025-07-10,433,4417,4516,4518,0
extra_picture_jigsaw,extra_mechanic,54743461,Найди пару: Соедини плитки,Puzzle,strong,desc:открываете новые темы с картин,4026,2026-09-04,12,630,324,449,0
extra_picture_jigsaw,extra_mechanic,51524227,Раскраска Лабиринта,Puzzle,strong,title:раскрас; desc:раскрас,3974,2023-01-12,1343,4717,4377,4378,0
extra_picture_jigsaw,extra_mechanic,54534758,ДубоУм: Деревянный Пазл,Puzzle,strong,title:пазл,3859,2026-04-27,142,,393,2332,0
extra_picture_jigsaw,extra_mechanic,54673391,Стрелки - Открой Картинку,Puzzle,strong,title:картин; desc:открывает настоящую картин,3827,2026-07-16,62,2686,771,174,1
extra_picture_jigsaw,extra_mechanic,54428439,Картинка из Пазлов: Блоков!,Puzzle,strong,title:картин; desc:откройте как можно больше картин,3817,2026-02-03,225,4674,1358,1159,0
extra_picture_jigsaw,extra_mechanic,54557123,Пазлы - Пятнашки,Puzzle,strong,title:пазл,3375,2026-06-08,100,2914,317,1141,0
extra_picture_jigsaw,extra_mechanic,53404495,Дзен-пазл: релакс,Three in a row,strong,title:пазл,3368,2025-05-07,497,2486,3627,3605,0
extra_picture_jigsaw,extra_mechanic,53620297,Классические Пазлы,Puzzle,strong,title:пазл,3357,2025-05-26,478,1742,3448,3456,0
extra_picture_jigsaw,extra_mechanic,51640371,Счастливая Книжка-раскраска,Tabletop game,strong,title:раскрас; desc:раскрас,3268,2023-05-10,1225,3031,4388,4389,0
extra_picture_jigsaw,extra_mechanic,53118890,Блок пазлы на любой вкус,Puzzle,strong,title:пазл,3251,2025-02-24,569,2487,2815,2819,0
extra_picture_jigsaw,extra_mechanic,54459437,Ежедневные пазлы,Puzzle,strong,title:пазл,3233,2026-03-25,175,4843,641,1979,0
extra_picture_jigsaw,extra_mechanic,54561700,Gravity Raider,Racing,strong,desc:раскрас,3097,2026-05-14,125,2528,3641,3645,0
extra_picture_jigsaw,extra_mechanic,52912955,Музыкальный Sprunki-пазл,Simulator,strong,title:пазл,2908,2025-02-07,586,3898,4242,4243,0
extra_picture_jigsaw,extra_mechanic,8165904,Японский язык. Катакана,Word game,strong,desc:раскрас,2878,2022-05-18,1582,2983,4169,4170,0
extra_picture_jigsaw,extra_mechanic,51897346,Пазл по мультфильмам!,Hyper-casual,strong,title:пазл,2752,2024-04-09,890,2669,4654,4656,0
extra_picture_jigsaw,extra_mechanic,54556519,Вайфу пазл,Hyper-casual,strong,title:пазл,2709,2026-04-24,145,1859,452,599,0
extra_picture_jigsaw,extra_mechanic,54405875,Сад Кошечки: Тайл Пазл,Puzzle,strong,title:пазл,2670,2026-01-22,237,2439,2807,2860,0
extra_picture_jigsaw,extra_mechanic,51556357,Нарисуй путь: король парковки,Puzzle,strong,title:рисуй,2642,2023-02-17,1307,3224,3092,3093,0
extra_picture_jigsaw,extra_mechanic,54753202,Пазлопад: Собери картинку,Puzzle,strong,title:пазл,2626,2026-09-10,6,245,753,,1
extra_picture_jigsaw,extra_mechanic,54620282,Рисуй дорогу,Puzzle,strong,title:рисуй; desc:раскрас,2619,2026-06-16,92,1273,4188,4189,0
extra_picture_jigsaw,extra_mechanic,51394394,Фантастический пазл: Драконы,Puzzle,strong,title:пазл,2594,2022-08-07,1501,3407,4092,4093,0
extra_picture_jigsaw,extra_mechanic,54655986,Шикаку Пазл - Новое Судоку,Puzzle,strong,title:пазл,2571,2026-07-03,75,3380,487,920,0
extra_picture_jigsaw,extra_mechanic,8165024,Японский язык. Хирагана,Puzzle,strong,desc:раскрас,2544,2022-05-18,1582,2622,4296,4296,0
extra_picture_jigsaw,extra_mechanic,54664637,Уютный пазл Мир лапок,Puzzle,strong,title:пазл,2521,2026-07-08,70,4705,761,918,0
extra_picture_jigsaw,extra_mechanic,52930493,Пазлы-перевёртыши: пейзажи,Puzzle,strong,title:пазл,2409,2025-01-20,604,3378,4034,4035,0
extra_picture_jigsaw,extra_mechanic,53696546,Пазл Связь Цвета,Puzzle,strong,title:пазл,2385,2025-06-05,468,3960,911,720,0
extra_picture_jigsaw,extra_mechanic,54646196,Картинка по Частям,Hyper-casual,strong,title:картин,2337,2026-07-03,75,2879,1304,,0
extra_picture_jigsaw,extra_mechanic,8099611,Фантастический пазл,Puzzle,strong,title:пазл,2326,2022-03-16,1645,4445,4821,4822,0
extra_picture_jigsaw,extra_mechanic,51845941,Секреты любви - Раскраска,Tabletop game,strong,title:раскрас; desc:раскрас,2283,2024-02-15,944,4211,2762,,0
extra_picture_jigsaw,extra_mechanic,54624708,Раскрась Клеточки,Puzzle,strong,title:раскрас; desc:раскрас,2281,2026-06-10,98,2741,4666,4659,0
extra_picture_jigsaw,extra_mechanic,54449328,NonoCross Японские кроссворды,Puzzle,strong,title:японские кроссв; desc:открывайте фрагменты сюжетных картин,2257,2026-04-07,162,1871,2925,2936,0
extra_picture_jigsaw,extra_mechanic,51559734,2048 Пазл,Puzzle,strong,title:пазл,2242,2023-02-21,1303,,3067,3069,0
extra_picture_jigsaw,extra_mechanic,53343087,Нарисуй Смертельный Спуск,Puzzle,strong,title:рисуй; desc:раскрас,2203,2025-06-19,454,3105,4539,4540,0
extra_picture_jigsaw,extra_mechanic,51922174,Блоки Судоку - пазлы судоку!,Puzzle,strong,title:пазл,2188,2024-05-13,856,4357,4318,4319,0
extra_picture_jigsaw,extra_mechanic,51838833,Магия Цвета - Колорит,Tabletop game,strong,desc:раскрас,2186,2024-01-29,961,4228,2960,2971,0
extra_picture_jigsaw,extra_mechanic,54670049,Пчелкины пазлы,Puzzle,strong,title:пазл,2161,2026-08-03,44,4181,2137,,0
extra_picture_jigsaw,extra_mechanic,54699415,Synergrid блок пазл и рогалик,Hyper-casual,strong,title:пазл,2145,2026-08-06,41,2961,2055,974,0
extra_picture_jigsaw,extra_mechanic,52921178,Фруктовый Пазл,Puzzle,strong,title:пазл,1971,2025-01-15,609,3123,4499,4501,0
extra_picture_jigsaw,extra_mechanic,51493180,РОЖДЕСТВЕНСКИЕ ПАЗЛЫ,Puzzle,strong,title:пазл,1901,2022-12-05,1381,3075,3201,3099,0
extra_picture_jigsaw,extra_mechanic,54668479,Мега Блок Пазл,Puzzle,strong,title:пазл,1886,2026-07-30,48,2651,3209,3201,0
extra_picture_jigsaw,extra_mechanic,54553732,Повтори Рисунок,Hyper-casual,strong,title:рисунок,1885,2026-04-21,148,2841,3263,3255,0
extra_picture_jigsaw,extra_mechanic,53966877,Рисуй и Спасай: Головоломка,Hyper-casual,strong,title:рисуй,1864,2025-07-31,412,1555,2911,2922,0
extra_picture_jigsaw,extra_mechanic,54553653,Термомозаика,Hyper-casual,strong,desc:раскрас,1811,2026-04-21,148,3993,4591,4593,0
extra_picture_jigsaw,extra_mechanic,54591704,Угадай слово по картинке,Word game,strong,title:картин,1752,2026-05-29,110,2608,4204,4230,0
extra_picture_jigsaw,extra_mechanic,53861898,Лабубу Пазл: Labubu,Puzzle,strong,title:пазл,1751,2025-07-07,436,1940,3095,3096,0
extra_picture_jigsaw,extra_mechanic,53893216,Нарисуй путь к Любви,Puzzle,strong,title:рисуй,1544,2025-07-11,432,2596,4778,4779,0
extra_picture_jigsaw,extra_mechanic,53198099,Мастер по плиточкам: 3-в-ряд,Three in a row,strong,desc:раскрас,1538,2025-04-09,525,3962,4490,4492,0
extra_picture_jigsaw,extra_mechanic,7979319,Вышивание: игра-раскраска,Tabletop game,strong,title:раскрас; desc:раскрас,1537,2023-08-03,1140,3738,3865,3838,0
extra_picture_jigsaw,extra_mechanic,54593380,Раскраска - мега сборник,Tabletop game,strong,title:раскрас; desc:раскрас,1494,2026-06-09,99,1279,3757,3759,0
extra_picture_jigsaw,extra_mechanic,54279317,Релакс-пазл,Puzzle,strong,title:пазл,1450,2025-10-31,320,4593,3660,3663,0
extra_picture_jigsaw,extra_mechanic,52803377,Битва По Слайд-Пазлам,Hyper-casual,strong,title:пазл,1428,2026-05-08,131,1694,2833,2837,0
extra_picture_jigsaw,extra_mechanic,54676906,Кот и японские кроссворды,Puzzle,strong,title:японские кроссв,1422,2026-07-23,55,2324,3303,3313,0
extra_picture_jigsaw,extra_mechanic,53022994,Цветные блок-пазлы онлайн,Puzzle,strong,title:пазл,1320,2025-02-10,583,4061,4948,4948,0
extra_picture_jigsaw,extra_mechanic,54401334,Кино Пазл,Puzzle,strong,title:пазл,1281,2025-12-19,271,3800,3037,3040,0
extra_picture_jigsaw,extra_mechanic,53524315,Пазл 2048: Мастер головоломки,Puzzle,strong,title:пазл,1259,2025-05-14,490,1540,4419,4420,0
extra_picture_jigsaw,extra_mechanic,54518819,Картинки по кусочкам,Puzzle,strong,title:картин,1254,2026-04-22,147,4598,3739,3732,0
extra_picture_jigsaw,extra_mechanic,51800243,Anime Coloring Book,Tabletop game,strong,desc:раскрас,1213,2023-12-05,1016,3385,4376,4377,0
extra_picture_jigsaw,extra_mechanic,54707052,Раскраски для детей,Hyper-casual,strong,title:раскрас; desc:раскрас,1208,2026-08-10,37,4629,3616,3628,0
extra_picture_jigsaw,extra_mechanic,51810906,Вращазлы,Puzzle,strong,desc:кусочки картин,1184,2024-01-09,981,4031,4863,4856,0
extra_picture_jigsaw,extra_mechanic,54637955,Крестики - Вышиваем по номера,Puzzle,strong,desc:по номерам,1152,2026-06-26,82,4112,3232,3233,0
extra_picture_jigsaw,extra_mechanic,54616610,Бесконечные Пазлы,Puzzle,strong,title:пазл,1031,2026-06-02,106,4218,3416,3391,0
extra_picture_jigsaw,extra_mechanic,54154005,Цветной Пазл,Hyper-casual,strong,title:пазл,1007,2025-09-18,363,2336,2885,2889,0
extra_picture_jigsaw,extra_mechanic,51894859,Скомканные картинки,Puzzle,strong,title:картин,981,2024-04-10,889,3641,2915,2917,0
extra_picture_jigsaw,extra_mechanic,52793049,Эмодзи Пазл: Угадай Смысл!,Puzzle,strong,title:пазл,975,2025-06-09,464,2368,2968,2970,0
extra_picture_jigsaw,extra_mechanic,54335423,Разблок Пазл,Puzzle,strong,title:пазл,953,2025-11-21,299,2905,3744,3746,0
extra_picture_jigsaw,extra_mechanic,53191551,Самый сложный пазл,Puzzle,strong,title:пазл,900,2025-03-14,551,2870,4590,4592,0
extra_picture_jigsaw,extra_mechanic,54626159,Соберешь ли ты картину,Puzzle,strong,title:картин,853,2026-06-17,91,3793,3019,3021,0
extra_picture_jigsaw,extra_mechanic,54547027,Цветочный пазл,Puzzle,strong,title:пазл,783,2026-04-20,149,4230,2953,2955,0
extra_picture_jigsaw,extra_mechanic,53559008,Мозаика - Куча пазлов,Puzzle,strong,title:пазл,774,2025-05-13,491,3875,4162,4163,0
extra_picture_jigsaw,extra_mechanic,53966904,ПТИЧИЙ УЛЕЙ: ПАЗЛ СОРТИРОВКИ,Hyper-casual,strong,title:пазл,762,2025-08-12,400,4094,3344,3345,0
extra_picture_jigsaw,extra_mechanic,54571210,Уютные Пазлы,Puzzle,strong,title:пазл,748,2026-05-05,134,3599,3234,3235,0
extra_picture_jigsaw,extra_mechanic,53994810,Соединяй Шарики: Пазлы Новый,Hyper-casual,strong,title:пазл,653,2025-08-04,408,3551,4735,4736,0
extra_picture_jigsaw,extra_mechanic,54730918,YORU: Пазлы Нео-Токио,Puzzle,strong,title:пазл,563,2026-09-03,13,277,4584,4586,1
extra_picture_jigsaw,extra_mechanic,52707765,Гекса: сортируем цветные пазл,Puzzle,strong,title:пазл,451,2024-11-19,666,4321,4137,4138,0
extra_picture_jigsaw,extra_mechanic,53043180,CozyArt: Пазлы для детей,Puzzle,strong,title:пазл,440,2025-02-17,576,4732,3938,3948,0
extra_picture_jigsaw,extra_mechanic,53542343,Взрывной Блок Пазл,Puzzle,strong,title:пазл,361,2025-05-12,492,2617,4284,4284,0
extra_picture_jigsaw,extra_mechanic,54678489,Раскраска,Hyper-casual,strong,title:раскрас; desc:раскрас,355,2026-09-09,7,838,3500,3519,0
extra_picture_jigsaw,extra_mechanic,53556468,Колышки - Куча пазлов,Puzzle,strong,title:пазл,285,2025-05-13,491,2941,3952,3953,0
extra_picture_jigsaw,extra_mechanic,51934921,Раскраска Палворлд,Hyper-casual,strong,title:раскрас,276,2025-11-21,299,3445,4256,4256,0
extra_picture_jigsaw,extra_mechanic,53539949,Ласточки - Куча пазлов,Puzzle,strong,title:пазл,261,2025-05-07,497,2176,2981,2983,0
extra_picture_jigsaw,extra_mechanic,53556708,Заплатки - Куча пазлов,Puzzle,strong,title:пазл,256,2025-05-13,491,4892,4769,4761,0
extra_picture_jigsaw,extra_mechanic,53539879,Трио - Куча пазлов,Puzzle,strong,title:пазл,252,2025-05-07,497,1995,4080,4081,0
extra_picture_jigsaw,extra_mechanic,52937205,Мастер Пазлов,Puzzle,strong,title:пазл,240,2026-02-10,218,4323,4126,4136,0
extra_picture_jigsaw,extra_mechanic,53449253,Квадратики - Куча пазлов,Puzzle,strong,title:пазл,236,2025-04-29,505,4891,4760,4770,0
extra_picture_jigsaw,extra_mechanic,53541725,Ступеньки - Куча пазлов,Puzzle,strong,title:пазл,230,2025-05-12,492,3879,4112,4113,0
extra_picture_jigsaw,extra_mechanic,53527001,Зигзаги - Куча пазлов,Puzzle,strong,title:пазл,225,2025-05-05,499,4865,4084,4085,0
extra_picture_jigsaw,extra_mechanic,53541727,Лоскутки - Куча пазлов,Puzzle,strong,title:пазл,213,2025-05-12,492,3402,4085,4086,0
extra_picture_jigsaw,extra_mechanic,53533250,Твист - Куча пазлов,Puzzle,strong,title:пазл,210,2025-05-06,498,3408,4070,4071,0
extra_picture_jigsaw,extra_mechanic,53546753,Дырокол - Куча пазлов,Puzzle,strong,title:пазл,188,2025-05-12,492,4063,4739,4740,0
extra_picture_jigsaw,extra_mechanic,53532912,Волны - Куча пазлов,Puzzle,strong,title:пазл,154,2025-05-06,498,4866,4079,4080,0
extra_picture_jigsaw,extra_mechanic,52748301,Блок пазл - Для взрослых,Puzzle,strong,title:пазл,153,2024-11-28,657,2525,3692,3697,0
extra_picture_jigsaw,extra_mechanic,54653496,Пазл Перемен,Puzzle,strong,title:пазл,115,2026-09-14,2,759,3513,3523,0
extra_picture_jigsaw,extra_mechanic,53423715,Блок Пазл: Неоновые Блоки,Puzzle,strong,title:пазл,60,2025-05-12,492,1994,4794,4804,0
extra_picture_jigsaw,extra_mechanic,53863334,Цветные кубы: Битва за поле,Puzzle,strong,desc:раскрас,47,2025-10-21,330,4018,4734,4726,0
extra_picture_jigsaw,extra_mechanic,52017411,Пазл - Линии и Узлы 1,Hyper-casual,strong,title:пазл,29,2024-09-05,741,4805,4855,4855,0
extra_picture_jigsaw,extra_mechanic,51598258,HSR: Подарок Пом-Пом,Hyper-casual,weak,desc_weak:пазл,1002715,2023-04-11,1254,142,3593,3569,1
extra_picture_jigsaw,extra_mechanic,7150212,Кругосветка: Найди отличия ✅,Puzzle,weak,desc_weak:картинк,886440,2019-12-06,2476,235,139,223,1
extra_picture_jigsaw,extra_mechanic,51893525,Блоки и точка,Puzzle,weak,desc_weak:пазл,238686,2024-04-09,890,716,129,462,1
extra_picture_jigsaw,extra_mechanic,2470001,Зверята,Puzzle,weak,desc_weak:картинк,206578,2011-11-22,5412,3804,1073,2489,0
extra_picture_jigsaw,extra_mechanic,54102802,Тропиквиль,Puzzle,weak,desc_weak:пазл,184116,2025-12-16,274,107,64,32,1
extra_picture_jigsaw,extra_mechanic,51773566,Маджонг Онлайн,Tabletop game,weak,desc_weak:пазл,171354,2023-12-07,1014,1104,125,87,1
extra_picture_jigsaw,extra_mechanic,7605538,🎯Рейчел Холмс: найди отличия,Puzzle,weak,desc_weak:картинк,165164,2020-09-24,2183,1175,932,,0
extra_picture_jigsaw,extra_mechanic,51729911,Судоку Гуру,Puzzle,weak,desc_weak:пазл,149326,2023-09-13,1099,524,149,,1
extra_picture_jigsaw,extra_mechanic,51855292,Спрятанные кошки,Puzzle,weak,desc_weak:картинк,133637,2024-04-17,882,820,379,,0
extra_picture_jigsaw,extra_mechanic,52923170,Королевские котики,Three in a row,weak,desc_weak:пазл,116400,2025-03-26,539,541,759,351,0
extra_picture_jigsaw,extra_mechanic,53478957,Итальянские животные,Hyper-casual,weak,desc_weak:пазл,107832,2025-04-28,506,179,767,,1
extra_picture_jigsaw,extra_mechanic,6458386,Цена Свободы 2: Поиск ответов,Adventure,weak,desc_weak:пазл,90233,2018-05-14,3047,4540,1676,1765,0
extra_picture_jigsaw,extra_mechanic,51477963,Вилла у моря: Найди отличия ✅,Puzzle,weak,desc_weak:картинк,87814,2022-12-05,1381,1781,920,478,0
extra_picture_jigsaw,extra_mechanic,51918832,"Найди всё, что я спрятал!",Puzzle,weak,desc_weak:картинк,85841,2024-05-07,862,1816,1264,,0
extra_picture_jigsaw,extra_mechanic,53173186,Потеряшки - поиск предметов,Puzzle,weak,desc_weak:картинк,76776,2025-03-10,555,605,631,296,1
extra_picture_jigsaw,extra_mechanic,53475510,Реагенты,Puzzle,weak,desc_weak:пазл,58694,2025-04-28,506,562,688,,0
extra_picture_jigsaw,extra_mechanic,54463056,Найди все Отличия Онлайн,Puzzle,weak,desc_weak:картинк,53127,2026-03-10,190,194,349,57,1
extra_picture_jigsaw,extra_mechanic,8074613,Раздвижная головоломка,Puzzle,weak,desc_weak:картинк,41116,2022-02-09,1680,2538,2299,,0
extra_picture_jigsaw,extra_mechanic,7661484,Отличия - Поиск отличий,Puzzle,weak,desc_weak:картинк,38512,2021-01-21,2064,3069,3088,3080,0
extra_picture_jigsaw,extra_mechanic,53557986,Гуру матч 3D,Three in a row,weak,desc_weak:пазл,35315,2025-05-23,481,1484,2232,,0
extra_picture_jigsaw,extra_mechanic,52702576,Найди отличия Новый год,Puzzle,weak,desc_weak:картинк,34652,2024-11-22,663,1321,1563,,0
extra_picture_jigsaw,extra_mechanic,52650441,Чик Чик,Puzzle,weak,desc_weak:пазл,34313,2024-11-11,674,1441,1361,1280,0
extra_picture_jigsaw,extra_mechanic,51729447,Веселые Фруктовые Связи,Puzzle,weak,desc_weak:картинк,34061,2025-02-17,576,499,1468,,0
extra_picture_jigsaw,extra_mechanic,51424967,Слогобум,Word game,weak,desc_weak:картинк,33517,2022-09-20,1457,4423,4484,4460,0
extra_picture_jigsaw,extra_mechanic,51701753,Круговая викторина,Puzzle,weak,desc_weak:картинк,30748,2023-08-17,1126,1464,1878,,0
extra_picture_jigsaw,extra_mechanic,52648765,Block Sudoku. Блок Судоку,Puzzle,weak,desc_weak:пазл,28910,2024-11-12,673,,1191,1002,0
extra_picture_jigsaw,extra_mechanic,51628857,Сканворды онлайн,Word game,weak,desc_weak:картинк,28179,2023-05-02,1233,301,940,359,0
extra_picture_jigsaw,extra_mechanic,52846615,Грибная Лихорадка три в ряд,Three in a row,weak,desc_weak:пазл,27124,2024-12-16,639,,2421,1134,0
extra_picture_jigsaw,extra_mechanic,51558273,Поиск Отличий,Puzzle,weak,desc_weak:картинк,25813,2023-03-13,1283,1563,4642,4644,0
extra_picture_jigsaw,extra_mechanic,51801961,Зверята онлайн,Puzzle,weak,desc_weak:картинк,21617,2023-11-27,1024,2358,1643,1788,0
extra_picture_jigsaw,extra_mechanic,51603409,Шарики стрелялка,Three in a row,weak,desc_weak:пазл,20765,2023-04-05,1260,4549,3107,3098,0
extra_picture_jigsaw,extra_mechanic,51615269,Связь С Животными,Three in a row,weak,desc_weak:картинк,20358,2023-05-10,1225,1638,2429,,0
extra_picture_jigsaw,extra_mechanic,7605609,Найди Отличия Онлайн,Puzzle,weak,desc_weak:картинк,17511,2021-01-07,2078,3309,3367,3410,0
extra_picture_jigsaw,extra_mechanic,51651857,Найди отличие,Puzzle,weak,desc_weak:картинк,16168,2023-05-21,1214,4303,4000,4001,0
extra_picture_jigsaw,extra_mechanic,8050632,Сложи Бумагу,Puzzle,weak,desc_weak:картинк,15725,2022-01-14,1706,3910,4292,4292,0
extra_picture_jigsaw,extra_mechanic,8130185,Найди Отличия,Puzzle,weak,desc_weak:картинк,15672,2022-04-11,1619,3100,4528,4530,0
extra_picture_jigsaw,extra_mechanic,8152833,4 фото 1 слово - Викторина,Word game,weak,desc_weak:картинк,14380,2022-05-10,1590,1217,3001,3003,0
extra_picture_jigsaw,extra_mechanic,51418493,Слова из слова,Puzzle,weak,desc_weak:картинк,13949,2022-10-31,1416,1728,3805,3815,0
extra_picture_jigsaw,extra_mechanic,51516546,Спаси Лизу,Puzzle,weak,desc_weak:пазл,11742,2023-01-10,1345,3784,2305,2509,0
extra_picture_jigsaw,extra_mechanic,51628669,головоломка - КОТЯТА,Puzzle,weak,desc_weak:пазл,11377,2023-04-28,1237,3851,3976,3977,0
extra_picture_jigsaw,extra_mechanic,54630365,Котодоку: Котики и Логика,Puzzle,weak,desc_weak:пазл,11069,2026-06-15,93,198,1288,202,1
extra_picture_jigsaw,extra_mechanic,51676092,Угадай персонажа из аниме,Puzzle,weak,desc_weak:картинк,10844,2023-06-16,1188,1236,2187,,0
extra_picture_jigsaw,extra_mechanic,51580356,Подземелья и Алмазы - 3 в ряд,Three in a row,weak,desc_weak:пазл,10278,2023-03-20,1276,1945,3198,3199,0
extra_picture_jigsaw,extra_mechanic,53966909,МАСТЕР-СОЮЗ,Racing,weak,desc_weak:пазл,9689,2025-08-28,384,1427,2030,605,0
extra_picture_jigsaw,extra_mechanic,51937195,Плиточки Маджонг Три в ряд,Three in a row,weak,desc_weak:картинк,8992,2024-06-18,820,3711,3127,3128,0
extra_picture_jigsaw,extra_mechanic,51435642,ЖУТКОЕ СКОЛЬЖЕНИЕ,Puzzle,weak,desc_weak:картинк,8764,2022-09-27,1450,4478,4787,4788,0
extra_picture_jigsaw,extra_mechanic,51633117,Кроссворды,Puzzle,weak,desc_weak:пазл,8674,2023-05-04,1231,1521,400,734,0
extra_picture_jigsaw,extra_mechanic,54523140,Пасьянс Паук 1 - 2 - 4 масти,Tabletop game,weak,desc_weak:пазл,8585,2026-04-15,154,307,791,,0
extra_picture_jigsaw,extra_mechanic,54684518,Викторина: Мультфильмы СССР,Puzzle,weak,desc_weak:картинк,8045,2026-07-23,55,2203,2363,,0
extra_picture_jigsaw,extra_mechanic,52165029,Block Mania Puzzle,Puzzle,weak,desc_weak:пазл,7597,2024-08-27,750,1879,543,2525,0
extra_picture_jigsaw,extra_mechanic,54500920,Побег Овец: Сортировка Фермы,Puzzle,weak,desc_weak:пазл,7496,2026-03-25,175,2742,1918,1977,0
extra_picture_jigsaw,extra_mechanic,54468287,Цветы по местам,Puzzle,weak,desc_weak:пазл,7337,2026-03-03,197,4781,813,818,0
extra_picture_jigsaw,extra_mechanic,51547751,🧞‍♀️Аватар: путь воды,Tabletop game,weak,desc_weak:картинк,7157,2023-02-10,1314,4121,1500,2354,0
extra_picture_jigsaw,extra_mechanic,52796216,Найди Отличия На Пляже,Puzzle,weak,desc_weak:картинк,6870,2025-04-16,518,2722,4690,4658,0
extra_picture_jigsaw,extra_mechanic,52207936,Поиск Предметов: Коллекция,Puzzle,weak,desc_weak:пазл,5765,2024-09-18,728,2752,3051,3054,0
extra_picture_jigsaw,extra_mechanic,54669674,Стрелки: Дизайн Дома Мечты,Puzzle,weak,desc_weak:пазл,5740,2026-08-19,28,132,691,368,1
extra_picture_jigsaw,extra_mechanic,52977265,Болтики: Сортировка,Puzzle,weak,desc_weak:пазл,5628,2026-06-30,78,1595,2106,1112,0
extra_picture_jigsaw,extra_mechanic,52792471,Найди 7 отличий,Puzzle,weak,desc_weak:картинк,5608,2024-12-03,652,995,3162,3163,0
extra_picture_jigsaw,extra_mechanic,51797829,Блоки - Алмазная Головоломка,Puzzle,weak,desc_weak:пазл,5388,2023-11-27,1024,4009,196,396,1
extra_picture_jigsaw,extra_mechanic,54643911,Шерстеплёт,Arcade,weak,desc_weak:картинк,5046,2026-07-13,65,2750,433,2528,0
extra_picture_jigsaw,extra_mechanic,51756941,Маджонг русский,Puzzle,weak,desc_weak:картинк,4790,2023-09-25,1087,895,4605,4641,0
extra_picture_jigsaw,extra_mechanic,54731799,Сканворд: Поменяй Буквы,Word game,weak,desc_weak:картинк,4759,2026-08-27,20,2937,846,,0
extra_picture_jigsaw,extra_mechanic,52683972,Block Puzzle Relax,Puzzle,weak,desc_weak:пазл,4609,2024-11-18,667,3666,3110,3111,0
extra_picture_jigsaw,extra_mechanic,54341878,По порядку: Сортировка суши,Puzzle,weak,desc_weak:пазл,4579,2025-11-24,296,4355,874,861,0
extra_picture_jigsaw,extra_mechanic,53130272,Блокограмм,Puzzle,weak,desc_weak:пазл,4562,2025-05-19,485,4385,462,586,0
extra_picture_jigsaw,extra_mechanic,54650430,YumBlock,Puzzle,weak,desc_weak:пазл,4366,2026-07-03,75,4005,244,1990,1
extra_picture_jigsaw,extra_mechanic,54704348,Судоку Котики,Puzzle,weak,desc_weak:пазл,4325,2026-08-05,42,2550,2133,1033,0
extra_picture_jigsaw,extra_mechanic,54722946,Тихий уголок: Найди отличия,Puzzle,weak,desc_weak:картинк,4308,2026-08-26,21,398,255,,1
extra_picture_jigsaw,extra_mechanic,54619103,Фото Блоки,Puzzle,weak,desc_weak:картинк,4113,2026-06-03,105,3462,323,821,0
extra_picture_jigsaw,extra_mechanic,51492505,Головоломку - Рождество,Puzzle,weak,desc_weak:картинк,4020,2022-12-07,1379,4272,3703,3705,0
extra_picture_jigsaw,extra_mechanic,53835983,Найди дракона,Hyper-casual,weak,desc_weak:картинк,3822,2025-07-01,442,961,2751,2484,0
extra_picture_jigsaw,extra_mechanic,54651903,Котовасия,Puzzle,weak,desc_weak:пазл,3704,2026-07-02,76,2167,392,2506,0
extra_picture_jigsaw,extra_mechanic,54275503,Тетрис Мания,Arcade,weak,desc_weak:пазл,3653,2025-10-29,322,1665,4649,4608,0
extra_picture_jigsaw,extra_mechanic,54240170,Болтики и Гайки: Головоломка,Puzzle,weak,desc_weak:пазл,3509,2025-10-16,335,372,3206,3207,0
extra_picture_jigsaw,extra_mechanic,51874702,Тетрис для детей,Puzzle,weak,desc_weak:картинк,3340,2024-03-11,919,2395,1558,1243,0
extra_picture_jigsaw,extra_mechanic,54705175,Головоломка накорми животных,Puzzle,weak,desc_weak:пазл,3250,2026-08-05,42,2480,680,,0
extra_picture_jigsaw,extra_mechanic,54712490,Block-puzzle: Цветные блоки,Puzzle,weak,desc_weak:пазл,3146,2026-08-18,29,3465,1640,829,0
extra_picture_jigsaw,extra_mechanic,54703496,Блопс,Puzzle,weak,desc_weak:пазл,3000,2026-08-19,28,1059,348,1713,0
extra_picture_jigsaw,extra_mechanic,54435842,СУДОКУ головоломка,Puzzle,weak,desc_weak:пазл,2995,2026-02-02,226,4080,556,2708,0
extra_picture_jigsaw,extra_mechanic,53339067,Рикошет: охота на монстров,Puzzle,weak,desc_weak:пазл,2946,2025-04-04,530,3433,2571,883,0
extra_picture_jigsaw,extra_mechanic,54665352,Orbit Hop: Космическая аркада,Arcade,weak,desc_weak:пазл,2903,2026-07-15,63,3574,4573,4575,0
extra_picture_jigsaw,extra_mechanic,54491787,Судоку Ру,Puzzle,weak,desc_weak:пазл,2896,2026-03-25,175,4221,3356,3408,0
extra_picture_jigsaw,extra_mechanic,53820888,Поиск Итальянских животных,Puzzle,weak,desc_weak:картинк,2759,2025-07-01,442,1561,4615,4642,0
extra_picture_jigsaw,extra_mechanic,54101040,Народный Винт,Hyper-casual,weak,desc_weak:пазл,2747,2025-09-24,357,3602,3246,3272,0
extra_picture_jigsaw,extra_mechanic,52866541,Gather Blocks. Собирай Блоки,Puzzle,weak,desc_weak:пазл,2620,2024-12-23,632,2079,3284,3285,0
extra_picture_jigsaw,extra_mechanic,54407509,Зума путь дракона,Three in a row,weak,desc_weak:пазл,2289,2026-04-15,154,4255,3657,3686,0
extra_picture_jigsaw,extra_mechanic,8208647,2048 Shooter Merge,Hyper-casual,weak,desc_weak:пазл,2224,2022-07-17,1522,1444,3055,3058,0
extra_picture_jigsaw,extra_mechanic,53391764,Секреты Фруктов - Слияние,Puzzle,weak,desc_weak:пазл,2039,2025-04-08,526,2682,3124,3116,0
extra_picture_jigsaw,extra_mechanic,54637823,Филворд Острова,Puzzle,weak,desc_weak:пазл,2038,2026-09-07,9,720,1262,,0
extra_picture_jigsaw,extra_mechanic,54684402,2048: Бесконечный Рост,Puzzle,weak,desc_weak:пазл,1957,2026-07-23,55,4349,4260,4260,0
extra_picture_jigsaw,extra_mechanic,51918262,Милые кошки - найди отличия,Puzzle,weak,desc_weak:картинк,1895,2024-05-06,863,2860,3440,3482,0
extra_picture_jigsaw,extra_mechanic,53447018,Полный кошек Парк,Puzzle,weak,desc_weak:картинк,1886,2025-04-22,512,2298,3980,3972,0
extra_picture_jigsaw,extra_mechanic,54195270,Пятнашки,Three in a row,weak,desc_weak:пазл,1880,2025-10-08,343,3688,4625,4627,0
extra_picture_jigsaw,extra_mechanic,54425355,Сложная головоломка: шарики,Puzzle,weak,desc_weak:пазл,1818,2026-01-26,233,,3656,3658,0
extra_picture_jigsaw,extra_mechanic,54519094,Маджонг построй ферму,Puzzle,weak,desc_weak:картинк,1732,2026-04-06,163,3642,2856,2895,0
extra_picture_jigsaw,extra_mechanic,54704785,Тучкин: 28 котоигр,Puzzle,weak,desc_weak:пазл,1704,2026-08-18,29,2206,,,0
extra_picture_jigsaw,extra_mechanic,54102266,Соединяй Книга Монстров,Puzzle,weak,desc_weak:картинк,1609,2025-09-04,377,1671,4217,4218,0
extra_picture_jigsaw,extra_mechanic,54506905,Сизифов камень,Puzzle,weak,desc_weak:пазл,1237,2026-05-05,134,2575,3960,3961,0
extra_picture_jigsaw,extra_mechanic,54290693,Кадастр,Puzzle,weak,desc_weak:пазл,1204,2025-11-10,310,3498,4695,4697,0
extra_picture_jigsaw,extra_mechanic,52366114,Word Search & Quiz,Puzzle,weak,desc_weak:картинк,921,2026-01-19,240,2855,,3624,0
extra_picture_jigsaw,extra_mechanic,54081856,5 зверят,Puzzle,weak,desc_weak:картинк,858,2025-08-27,385,3653,2908,2884,0
extra_picture_jigsaw,extra_mechanic,52843707,Кубики СССР,Puzzle,weak,desc_weak:картинк,841,2024-12-27,628,3235,3285,3286,0
extra_picture_jigsaw,extra_mechanic,54667724,Фрагментикс: японская мозаика,Puzzle,weak,desc_weak:пазл,778,2026-07-15,63,,3438,3480,0
extra_picture_jigsaw,extra_mechanic,54401473,Собери Россию!,Puzzle,weak,desc_weak:пазл,736,2025-12-23,267,3607,3256,3257,0
extra_picture_jigsaw,extra_mechanic,54575150,Лесной 3D маджонг,Three in a row,weak,desc_weak:картинк,697,2026-05-21,118,2674,3144,3145,0
extra_picture_jigsaw,extra_mechanic,54111128,Цветочный матч,Puzzle,weak,desc_weak:пазл,641,2025-11-01,319,2378,2991,2993,0
extra_picture_jigsaw,extra_mechanic,54669377,Игра Живая сказка,Puzzle,weak,desc_weak:картинк,532,2026-07-20,58,3142,2860,2864,0
extra_picture_jigsaw,extra_mechanic,54691070,ПЕСОК,Puzzle,weak,desc_weak:пазл,451,2026-08-05,42,4085,3225,3226,0
extra_picture_jigsaw,extra_mechanic,54093224,Гуру чисел,Puzzle,weak,desc_weak:пазл,413,2025-09-17,364,,4514,4516,0
extra_picture_jigsaw,extra_mechanic,52651460,Миллион,Puzzle,weak,desc_weak:пазл,373,2024-11-11,674,4405,4970,4961,0
extra_picture_jigsaw,extra_mechanic,54664581,Судоку - задача дня,Puzzle,weak,desc_weak:пазл,355,2026-08-06,41,1541,4441,4442,0
extra_picture_jigsaw,extra_mechanic,54425548,Mind Tiles,Puzzle,weak,desc_weak:пазл,329,2026-01-23,236,3079,3213,3214,0
extra_picture_jigsaw,extra_mechanic,53392826,10 x 10 Blocks. 10 x 10 Блоки,Puzzle,weak,desc_weak:пазл,291,2025-05-06,498,1537,4806,4807,0
extra_picture_jigsaw,extra_mechanic,54692847,67 БЛОКОВ,Puzzle,weak,desc_weak:пазл,252,2026-09-07,9,1299,3475,3373,0
extra_picture_jigsaw,extra_mechanic,54719964,Судоку,Puzzle,weak,desc_weak:пазл,239,2026-09-01,15,1173,3973,3974,0
extra_picture_jigsaw,extra_mechanic,54727057,Стикеры-Пасьянс,Puzzle,weak,desc_weak:пазл,226,2026-08-27,20,1074,3134,3144,0
extra_picture_jigsaw,extra_mechanic,54362561,2048 Rush,Puzzle,weak,desc_weak:пазл,221,2025-11-28,292,2236,3375,3384,0
extra_picture_jigsaw,extra_mechanic,54434678,Видео Блоки Океан,Puzzle,weak,desc_weak:пазл,48,2026-02-13,215,4887,4960,4960,0
extra_hidden_object_differences,extra_mechanic,6117747,Где Отличие? ✅,Puzzle,strong,title:где отличие?,3981719,2018-05-14,3047,79,39,131,1
extra_hidden_object_differences,extra_mechanic,6990632,Котопоиск: Найди отличия ✅,Puzzle,strong,title:найди,1342557,2019-05-21,2675,497,91,212,1
extra_hidden_object_differences,extra_mechanic,3933142,Найди собаку,Puzzle,strong,title:найди,1018514,2013-10-15,4719,4966,4076,4077,0
extra_hidden_object_differences,extra_mechanic,4105032,Найди слова,Word game,strong,title:найди,974474,2014-04-15,4537,4531,3229,3230,0
extra_hidden_object_differences,extra_mechanic,7150212,Кругосветка: Найди отличия ✅,Puzzle,strong,title:найди; desc:ищи отлич,886440,2019-12-06,2476,235,139,223,1
extra_hidden_object_differences,extra_mechanic,52847586,Найди отличия: Кино СССР,Puzzle,strong,title:найди,384656,2024-12-17,638,118,467,,1
extra_hidden_object_differences,extra_mechanic,4739676,Поиск Предметов Онлайн,Puzzle,strong,title:поиск предмет,166932,2018-04-10,3081,,1267,1067,0
extra_hidden_object_differences,extra_mechanic,7605538,🎯Рейчел Холмс: найди отличия,Puzzle,strong,title:найди; desc:найти все отлич,165164,2020-09-24,2183,1175,932,,0
extra_hidden_object_differences,extra_mechanic,52348480,Морские сокровища: Три в ряд,Three in a row,strong,desc:найдите все спрятан,151756,2024-09-30,716,243,86,176,1
extra_hidden_object_differences,extra_mechanic,51541524,Алиса в стране отличий ✅,Adventure,strong,title:отлич,144568,2023-02-22,1302,1204,811,401,0
extra_hidden_object_differences,extra_mechanic,51855292,Спрятанные кошки,Puzzle,strong,"desc:найдите 100 милых кошек, спрятан",133637,2024-04-17,882,820,379,,0
extra_hidden_object_differences,extra_mechanic,52368582,Школа Волшебства,Economic,strong,"desc:ищи секреты, открывай редкие предмет",124242,2024-10-11,705,150,185,80,1
extra_hidden_object_differences,extra_mechanic,4670107,Поиск Предметов Онлайн 2,Puzzle,strong,title:поиск предмет,104699,2018-12-04,2843,2011,1431,,0
extra_hidden_object_differences,extra_mechanic,53056123,Майн 3D,Adventure,strong,desc:ищи спрятан,102196,2025-03-06,559,399,551,,0
extra_hidden_object_differences,extra_mechanic,51618303,Сладкие отличия ✅,Adventure,strong,title:отлич,93398,2023-05-26,1209,569,1235,,0
extra_hidden_object_differences,extra_mechanic,52740328,Сортировка вещей в шкафу,Three in a row,strong,desc:найти 3 одинаковых предмет,89533,2024-11-26,659,215,672,,1
extra_hidden_object_differences,extra_mechanic,53585935,Поиск Предметов Улики и Тайны,Puzzle,strong,title:поиск предмет; desc:найти все необходимые предмет,89525,2025-05-23,481,232,236,265,1
extra_hidden_object_differences,extra_mechanic,51477963,Вилла у моря: Найди отличия ✅,Puzzle,strong,title:найди; desc:ищи отлич,87814,2022-12-05,1381,1781,920,478,0
extra_hidden_object_differences,extra_mechanic,52785520,Бу Испугался 2: Школа,Adventure,strong,desc:отыщите скрыт,86892,2024-12-13,642,626,1780,,0
extra_hidden_object_differences,extra_mechanic,51918832,"Найди всё, что я спрятал!",Puzzle,strong,title:найди; desc:найти все спрятанные предмет,85841,2024-05-07,862,1816,1264,,0
extra_hidden_object_differences,extra_mechanic,52551065,Секретный Обби Паркур,Arcade,strong,desc:найдите скрыт,82973,2024-11-07,678,423,884,,0
extra_hidden_object_differences,extra_mechanic,53578709,Филворды,Word game,strong,desc:ищите скрыт,81705,2025-05-16,488,327,656,,0
extra_hidden_object_differences,extra_mechanic,53173186,Потеряшки - поиск предметов,Puzzle,strong,title:поиск предмет,76776,2025-03-10,555,605,631,296,1
extra_hidden_object_differences,extra_mechanic,8041462,Найти отличия - игра для ума,Puzzle,strong,title:отлич; desc:найдите отлич,73618,2022-01-10,1710,4426,881,736,0
extra_hidden_object_differences,extra_mechanic,7849912,Филворды: Найди слова,Word game,strong,title:найди,68502,2021-05-26,1939,2504,793,295,1
extra_hidden_object_differences,extra_mechanic,53960442,Who is Your Daddy,Adventure,strong,desc:найти доступ к предмет,57637,2025-08-18,394,419,899,,0
extra_hidden_object_differences,extra_mechanic,51788453,Пушистые каникулы,Adventure,strong,desc:ищите отлич,56744,2023-11-21,1030,897,1870,1751,0
extra_hidden_object_differences,extra_mechanic,51876511,В поисках отличий,Puzzle,strong,title:отлич,55409,2024-04-18,881,1780,1271,372,0
extra_hidden_object_differences,extra_mechanic,54463056,Найди все Отличия Онлайн,Puzzle,strong,title:найди; desc:найди все отлич,53127,2026-03-10,190,194,349,57,1
extra_hidden_object_differences,extra_mechanic,7554932,Поиск Предметов: Детектив,Puzzle,strong,title:поиск предмет,51836,2020-10-26,2151,1950,2141,1687,0
extra_hidden_object_differences,extra_mechanic,54494424,Honkai: Star Rail - 3 годика,Adventure,strong,desc:ищи скрыт,51191,2026-04-16,153,727,2074,,0
extra_hidden_object_differences,extra_mechanic,4516443,Тайны Парижа: поиск предметов,Puzzle,strong,title:поиск предмет,48471,2017-08-16,3318,4726,2772,933,0
extra_hidden_object_differences,extra_mechanic,52117775,Пираты 7 отличий,Adventure,strong,title:отлич,46366,2024-09-27,719,,1683,555,0
extra_hidden_object_differences,extra_mechanic,53580294,Твой Обби Побег,Arcade,strong,"desc:ищите секреты, призы и скрыт",44368,2026-01-12,247,258,666,306,1
extra_hidden_object_differences,extra_mechanic,53298792,Снайпер: Найди преступника,3D shooter,strong,title:найди,42844,2025-03-20,545,778,1675,,0
extra_hidden_object_differences,extra_mechanic,52371248,Найди слово семейные истории,Word game,strong,title:найди,42212,2024-09-27,719,547,2039,383,0
extra_hidden_object_differences,extra_mechanic,51588239,Охотничья война,3D shooter,strong,"desc:найти врагов, спрятан",39906,2024-11-05,680,1183,1991,,0
extra_hidden_object_differences,extra_mechanic,7661484,Отличия - Поиск отличий,Puzzle,strong,title:отлич; desc:найди отлич,38512,2021-01-21,2064,3069,3088,3080,0
extra_hidden_object_differences,extra_mechanic,53695641,Бу Испугался 6: Цирк Италии,Adventure,strong,desc:искать предмет,37282,2025-06-05,468,1978,1459,598,0
extra_hidden_object_differences,extra_mechanic,52702576,Найди отличия Новый год,Puzzle,strong,title:найди; desc:найти 5 отлич,34652,2024-11-22,663,1321,1563,,0
extra_hidden_object_differences,extra_mechanic,8205529,Клад: Найди слова,Word game,strong,title:найди,32785,2022-06-29,1540,4337,4237,4229,0
extra_hidden_object_differences,extra_mechanic,8122822,Мэри Ран,Hyper-casual,strong,desc:найти спрятан,26061,2022-04-04,1626,1790,2010,2410,0
extra_hidden_object_differences,extra_mechanic,51558273,Поиск Отличий,Puzzle,strong,title:отлич,25813,2023-03-13,1283,1563,4642,4644,0
extra_hidden_object_differences,extra_mechanic,54435107,Путь Героя,Puzzle,strong,desc:ищи спрятан,24885,2026-07-02,76,97,479,167,1
extra_hidden_object_differences,extra_mechanic,52207878,Поиск Предметов: Милый Дом,Puzzle,strong,title:поиск предмет; desc:найти все спрятанные предмет,24566,2024-10-01,715,940,3802,3812,0
extra_hidden_object_differences,extra_mechanic,7869938,Турне Поиск Предметов,Puzzle,strong,title:поиск предмет,24555,2021-06-18,1916,1436,1768,514,0
extra_hidden_object_differences,extra_mechanic,52918306,Найди и Исчезни,Three in a row,strong,title:найди,23645,2025-01-22,602,4375,1801,819,0
extra_hidden_object_differences,extra_mechanic,8140601,Найди Отличия,Puzzle,strong,title:найди; desc:найти все отлич,22528,2022-05-05,1595,2373,2958,2960,0
extra_hidden_object_differences,extra_mechanic,51451059,Открой 100 Дверей,Puzzle,strong,desc:ищите предмет,21264,2022-12-11,1375,2482,1515,,0
extra_hidden_object_differences,extra_mechanic,53114451,Поиск слов по теме,Word game,strong,desc:найти спрятан,19001,2025-02-21,572,2894,2084,1007,0
extra_hidden_object_differences,extra_mechanic,51493047,Драконы И Воины,Hyper-casual,strong,desc:найдите скрыт,18773,2023-01-25,1330,1760,783,1018,0
extra_hidden_object_differences,extra_mechanic,51551038,Эмодзи Пазл Головоломка,Puzzle,strong,desc:найди отлич,17518,2023-02-14,1310,2436,158,209,1
extra_hidden_object_differences,extra_mechanic,7605609,Найди Отличия Онлайн,Puzzle,strong,title:найди; desc:отыщи все отлич,17511,2021-01-07,2078,3309,3367,3410,0
extra_hidden_object_differences,extra_mechanic,51531575,Потерянный в неизвестности,Adventure,strong,desc:найдите тайники c сокровищами и спрятан,17080,2023-01-23,1332,2120,2465,1205,0
extra_hidden_object_differences,extra_mechanic,8200288,Стопки слов,Word game,strong,desc:ищите спрятан,16398,2022-06-23,1546,2584,4536,4572,0
extra_hidden_object_differences,extra_mechanic,51651857,Найди отличие,Puzzle,strong,title:найди; desc:найдите отлич,16168,2023-05-21,1214,4303,4000,4001,0
extra_hidden_object_differences,extra_mechanic,8130185,Найди Отличия,Puzzle,strong,title:найди; desc:найди отлич,15672,2022-04-11,1619,3100,4528,4530,0
extra_hidden_object_differences,extra_mechanic,52807612,Найди отличия - навсегда,Puzzle,strong,title:найди; desc:найди отлич,14440,2025-08-25,387,2887,1494,,0
extra_hidden_object_differences,extra_mechanic,54410808,Секреты Острова,Puzzle,strong,desc:ищите ключевые предмет,14310,2026-01-22,237,1358,1127,1026,0
extra_hidden_object_differences,extra_mechanic,54053097,Поиск Предметов: Мой Отель,Puzzle,strong,title:поиск предмет; desc:найти спрятан,12767,2025-08-22,390,2440,2504,559,0
extra_hidden_object_differences,extra_mechanic,53938398,Поиск Предметов: Дело Эмили,Puzzle,strong,title:поиск предмет,12751,2025-07-28,415,4178,2348,,0
extra_hidden_object_differences,extra_mechanic,8230136,Девяточка - Найди Слово,Word game,strong,title:найди,12478,2022-08-07,1501,2433,2681,2735,0
extra_hidden_object_differences,extra_mechanic,51533298,Найди Стикмена,Arcade,strong,title:найди,11698,2023-01-25,1330,1260,1923,1971,0
extra_hidden_object_differences,extra_mechanic,51420554,Поиск Предметов: Дуэль,Puzzle,strong,title:поиск предмет,10667,2022-09-09,1468,2470,2501,,0
extra_hidden_object_differences,extra_mechanic,51474894,Найди Кота Призрака,Puzzle,strong,title:найди,8826,2022-11-16,1400,2526,3647,3685,0
extra_hidden_object_differences,extra_mechanic,51606926,Найди Число,Puzzle,strong,title:найди,7979,2023-04-07,1258,3505,4460,4453,0
extra_hidden_object_differences,extra_mechanic,53987709,Crime Simulator,Simulator,strong,"desc:найти ценные данные, скрыт",7456,2025-08-01,411,1078,1639,,0
extra_hidden_object_differences,extra_mechanic,52188174,Летный Отряд Агентов,Hyper-casual,strong,desc:найдите спрятан,7102,2024-12-16,639,1552,2848,2852,0
extra_hidden_object_differences,extra_mechanic,52796216,Найди Отличия На Пляже,Puzzle,strong,title:найди; desc:найти несколько тонких отлич,6870,2025-04-16,518,2722,4690,4658,0
extra_hidden_object_differences,extra_mechanic,54572646,БуквоВарь,Puzzle,strong,desc:найдите спрятан,6675,2026-05-22,117,4105,2471,2270,0
extra_hidden_object_differences,extra_mechanic,51683773,Новые Робинзоны: Отличия,Puzzle,strong,title:отлич; desc:найди все отлич,6542,2023-08-01,1142,,2486,204,1
extra_hidden_object_differences,extra_mechanic,54091173,Поиск Предметов: Найди Клад,Puzzle,strong,title:поиск предмет,6207,2025-09-05,376,2843,1078,,0
extra_hidden_object_differences,extra_mechanic,54696297,Зал секретов: Поиск предметов,Puzzle,strong,title:поиск предмет,6205,2026-09-14,2,26,481,228,1
extra_hidden_object_differences,extra_mechanic,53428274,Найди Мари: Старый Особняк,Puzzle,strong,title:найди,5968,2026-05-28,111,4758,2558,876,0
extra_hidden_object_differences,extra_mechanic,8127397,Найди Пару,Puzzle,strong,title:найди,5833,2022-04-11,1619,4122,3277,3278,0
extra_hidden_object_differences,extra_mechanic,52207936,Поиск Предметов: Коллекция,Puzzle,strong,title:поиск предмет; desc:искать нужные предмет,5765,2024-09-18,728,2752,3051,3054,0
extra_hidden_object_differences,extra_mechanic,53977781,Поиск Предметов: Любимый Дом,Puzzle,strong,title:поиск предмет; desc:ищите спрятанные предмет,5626,2025-08-01,411,2389,679,2523,0
extra_hidden_object_differences,extra_mechanic,52792471,Найди 7 отличий,Puzzle,strong,title:найди; desc:искать отлич,5608,2024-12-03,652,995,3162,3163,0
extra_hidden_object_differences,extra_mechanic,54646011,Snake Escape - Найди Выход,Puzzle,strong,title:найди,5422,2026-06-26,82,3818,593,1145,0
extra_hidden_object_differences,extra_mechanic,54464162,Вокруг света за 80 дней,Puzzle,strong,desc:ищите скрыт,5240,2026-04-07,162,3532,2544,269,1
extra_hidden_object_differences,extra_mechanic,52939692,Найди всех спрунков Робби 3D!,Arcade,strong,title:найди,5063,2025-04-09,525,1661,4720,4722,0
extra_hidden_object_differences,extra_mechanic,51935793,Найди 3: Маджонг,Hyper-casual,strong,title:найди,4946,2024-06-27,811,4725,1349,903,0
extra_hidden_object_differences,extra_mechanic,54556956,Найди все слова онлайн,Word game,strong,title:найди,4886,2026-05-04,135,3008,1199,848,0
extra_hidden_object_differences,extra_mechanic,53429374,Головоломка. Найди совпадения,Three in a row,strong,title:найди,4568,2025-05-07,497,,434,1052,0
extra_hidden_object_differences,extra_mechanic,54609699,100 Дверей Коробка С Пазлами,Puzzle,strong,desc:ищите скрытые предмет,4498,2026-06-03,105,2474,2064,,0
extra_hidden_object_differences,extra_mechanic,54620413,Мозговой штурм,Puzzle,strong,desc:ищи скрыт,4386,2026-06-19,89,2918,858,,0
extra_hidden_object_differences,extra_mechanic,54722946,Тихий уголок: Найди отличия,Puzzle,strong,title:найди; desc:найди отлич,4308,2026-08-26,21,398,255,,1
extra_hidden_object_differences,extra_mechanic,53743379,Слова,Word game,strong,desc:найти все скрыт,4249,2025-06-16,457,3441,303,845,0
extra_hidden_object_differences,extra_mechanic,51929452,Найди 3 плитки,Puzzle,strong,title:найди,4186,2024-06-24,814,2736,287,1966,1
extra_hidden_object_differences,extra_mechanic,54743461,Найди пару: Соедини плитки,Puzzle,strong,title:найди,4026,2026-09-04,12,630,324,449,0
extra_hidden_object_differences,extra_mechanic,54214533,Расхламление квартиры!,Hyper-casual,strong,desc:искать и соединять одинаковые предмет,3889,2025-10-08,343,1685,1261,753,0
extra_hidden_object_differences,extra_mechanic,8195557,Найди пару. Мифология.,Puzzle,strong,title:найди,3871,2022-07-22,1517,4472,239,673,1
extra_hidden_object_differences,extra_mechanic,53835983,Найди дракона,Hyper-casual,strong,title:найди; desc:найди всех спрятан,3822,2025-07-01,442,961,2751,2484,0
extra_hidden_object_differences,extra_mechanic,54651903,Котовасия,Puzzle,strong,desc:найди кота — высматривай хитро спрятан,3704,2026-07-02,76,2167,392,2506,0
extra_hidden_object_differences,extra_mechanic,53981913,Добеги до туалета: WC-квест,Simulator,strong,desc:найди короткий путь или используй предме,3620,2025-08-15,397,1684,4581,4583,0
extra_hidden_object_differences,extra_mechanic,51730789,ДОП: Найди деталь в Лавстори,Puzzle,strong,title:найди,3610,2023-09-21,1091,1834,4681,4674,0
extra_hidden_object_differences,extra_mechanic,54663212,Найди отличия,Tabletop game,strong,title:найди; desc:найди отлич,3550,2026-07-20,58,1396,1029,1056,0
extra_hidden_object_differences,extra_mechanic,54688135,Поиск слов СССР,Word game,strong,"desc:найти, а слова спрятан",3335,2026-07-31,47,2699,1741,716,0
extra_hidden_object_differences,extra_mechanic,54716330,Поиск предметов: Дело Аврора,Hyper-casual,strong,title:поиск предмет,3327,2026-08-19,28,1210,1857,1714,0
extra_hidden_object_differences,extra_mechanic,53714006,Соединяй цветы - найди все 🌸,Puzzle,strong,title:найди,3316,2025-06-09,464,2340,4491,4493,0
extra_hidden_object_differences,extra_mechanic,51681890,Найди слова из 4 букв,Word game,strong,title:найди,3192,2023-06-22,1182,2539,3777,3819,0
extra_hidden_object_differences,extra_mechanic,54145457,Поиск предметов: СССР,Puzzle,strong,title:поиск предмет,3104,2025-11-13,307,1951,2422,1688,0
extra_hidden_object_differences,extra_mechanic,54556370,Найди Капибару: Долина Монстр,Arcade,strong,title:найди; desc:найти и собрать всех спрятан,3067,2026-06-04,104,925,4634,4636,0
extra_hidden_object_differences,extra_mechanic,53820888,Поиск Итальянских животных,Puzzle,strong,desc:ищите отлич,2759,2025-07-01,442,1561,4615,4642,0
extra_hidden_object_differences,extra_mechanic,53305192,Охранник Клуба,Simulator,strong,desc:найти спрятанные предмет,2684,2025-05-13,491,2003,3819,3818,0
extra_hidden_object_differences,extra_mechanic,54097758,Затерянный остров 2,Puzzle,strong,desc:отыщите спрятанные предмет,2653,2025-09-08,373,1668,4620,4622,0
extra_hidden_object_differences,extra_mechanic,54711004,Маджонг Солитер: Найди пары,Puzzle,strong,title:найди,2635,2026-08-13,34,4241,1087,2486,0
extra_hidden_object_differences,extra_mechanic,54213743,Поиск предметов: Англия,Puzzle,strong,"title:поиск предмет; desc:найди все предметы, спрятан",2557,2025-12-01,289,1886,2963,2974,0
extra_hidden_object_differences,extra_mechanic,54419911,Плитки найди пару!,Puzzle,strong,title:найди,2531,2026-03-03,197,3432,4205,4206,0
extra_hidden_object_differences,extra_mechanic,51504789,Котята: Найди пару,Puzzle,strong,title:найди,2384,2022-12-16,1370,2684,3119,3120,0
extra_hidden_object_differences,extra_mechanic,53820780,Поиск Наследие крови,Puzzle,strong,desc:найти скрыт,2373,2025-07-02,441,1778,3494,3504,0
extra_hidden_object_differences,extra_mechanic,53813365,Затерянный оcтров,Puzzle,strong,desc:найти все спрятанные предмет,2248,2025-07-25,418,3159,2940,2942,0
extra_hidden_object_differences,extra_mechanic,54724457,Найди предмет - Детектив Йору,Puzzle,strong,title:найди,2187,2026-08-21,26,1703,3052,3055,0
extra_hidden_object_differences,extra_mechanic,51878104,Найди Пару,Puzzle,strong,title:найди,2166,2024-03-25,905,1689,3033,3036,0
extra_hidden_object_differences,extra_mechanic,51695242,ДОП в Лавстори: Найди Часть,Puzzle,strong,title:найди,1912,2023-11-10,1041,2639,3320,3296,0
extra_hidden_object_differences,extra_mechanic,51918262,Милые кошки - найди отличия,Puzzle,strong,title:найди; desc:найти все отлич,1895,2024-05-06,863,2860,3440,3482,0
extra_hidden_object_differences,extra_mechanic,53447018,Полный кошек Парк,Puzzle,strong,desc:найди отлич,1886,2025-04-22,512,2298,3980,3972,0
extra_hidden_object_differences,extra_mechanic,54677465,Найди Звёзды - Супер Логика,Puzzle,strong,title:найди,1832,2026-07-20,58,4752,4297,4297,0
extra_hidden_object_differences,extra_mechanic,52668054,Солитер Остров Сокровищ,Puzzle,strong,desc:найти спрятан,1487,2024-11-15,670,,3325,3326,0
extra_hidden_object_differences,extra_mechanic,54547921,ЦветоЧуйка,Puzzle,strong,"desc:найдите и нажмите на тот, что отлич",1327,2026-04-21,148,3882,4140,4141,0
extra_hidden_object_differences,extra_mechanic,52897974,Лапки прочь - я ищу,Hyper-casual,strong,"desc:найти все, что спрятан",1203,2025-08-20,392,2006,3824,3833,0
extra_hidden_object_differences,extra_mechanic,52793049,Эмодзи Пазл: Угадай Смысл!,Puzzle,strong,desc:найди скрыт,975,2025-06-09,464,2368,2968,2970,0
extra_hidden_object_differences,extra_mechanic,54690815,Прекрасная эпоха,Puzzle,strong,desc:искать спрятанные предмет,920,2026-08-05,42,4520,3279,3280,0
extra_hidden_object_differences,extra_mechanic,54240918,Найди числа!,Puzzle,strong,title:найди,652,2025-10-23,328,4764,4308,4308,0
extra_hidden_object_differences,extra_mechanic,54567845,Клад и мины: гекса-путь,Puzzle,strong,desc:найти все спрятан,637,2026-06-11,97,1542,4313,4313,0
extra_hidden_object_differences,extra_mechanic,54723170,Стрелки - Найди выход,Puzzle,strong,title:найди,593,2026-08-21,26,1433,4279,4279,0
extra_hidden_object_differences,extra_mechanic,54621633,Барахолка,Puzzle,strong,desc:искать одинаковые предмет,558,2026-07-02,76,2182,3394,3404,0
extra_hidden_object_differences,extra_mechanic,54669377,Игра Живая сказка,Puzzle,strong,desc:найди спрятанные предмет,532,2026-07-20,58,3142,2860,2864,0
extra_hidden_object_differences,extra_mechanic,52739935,Волшебная Кузница: Сортировка,Puzzle,strong,desc:найти 3 одинаковых предмет,392,2025-03-19,546,2614,4210,4211,0
extra_hidden_object_differences,extra_mechanic,52807731,Найди слова - филворды,Puzzle,strong,title:найди; desc:найти все скрыт,361,2024-12-05,650,4374,4338,4339,0
extra_hidden_object_differences,extra_mechanic,54727057,Стикеры-Пасьянс,Puzzle,strong,desc:найди отлич,226,2026-08-27,20,1074,3134,3144,0
extra_hidden_object_differences,extra_mechanic,53105070,2048 Найди Число,Puzzle,strong,title:найди,81,2025-02-20,573,3400,4812,4813,0
extra_hidden_object_differences,extra_mechanic,54744709,Найди Выдру,Puzzle,strong,title:найди,68,2026-09-14,2,556,3520,3555,0
