app_id,primary_mechanic,secondary_mechanics,primary_theme,secondary_themes,combat,roguelite,meta_layer,arrow_tapaway,projectile_continues_outside_board,external_targets,external_mobs_or_enemies,bosses,direction_is_resource,board_rotation_or_direction_change,temporary_targets_or_move_windows,run_upgrades,choose_one_of_three,projectile_modifiers,ricochet,pierce,split_or_multishot,chain_or_bounce,elemental_effects,confidence_mechanic,confidence_theme,confidence_magic_arrow_features,needs_review,evidence
699523,tabletop,,realistic_neutral,,none,no,pvp_tournament,no,no,no,no,no,no,no,no,no,no,no,no,no,no,no,no,high,medium,high,no,покер и блекджек с турнирами и приватными столами
1719130,tabletop,,realistic_neutral,,none,no,none,no,no,no,no,no,no,no,no,no,no,no,no,no,no,no,no,high,medium,high,no,"преферанс как отдельное приложение, классическая карточная игра"
1744756,non_puzzle,,monsters_combat,,core,no,pvp_tournament,no,no,no,no,no,no,no,no,no,no,no,no,no,no,no,no,high,low,high,no,"пошаговые бои против игроков, арсенал, прокачка, борьба за рейтинг"
1885302,non_puzzle,,detective_mystery,,none,no,other,no,no,no,no,no,no,no,no,no,no,no,no,no,no,no,no,high,medium,high,no,"психологическая словесная ролевая игра, чат, детектив"
1887884,tabletop,,realistic_neutral,,none,no,none,no,no,no,no,no,no,no,no,no,no,no,no,no,no,no,no,high,medium,high,no,"длинные нарды, классическая настольная игра онлайн с соперниками"
1888145,non_puzzle,,magic_fantasy,treasure_adventure,core,no,rpg_progression,no,no,no,no,no,no,no,no,no,no,no,no,no,no,no,no,high,medium,high,no,"MMORPG: квесты, существа, сражения за замки, мир магии"
1930071,non_puzzle,,romance_love,,none,no,other,no,no,no,no,no,no,no,no,no,no,no,no,no,no,no,no,high,high,high,no,"вращай бутылку, задания, знакомства и флирт"
1968803,tabletop,,realistic_neutral,,none,no,pvp_tournament,no,no,no,no,no,no,no,no,no,no,no,no,no,no,no,no,high,medium,high,no,"техасский холдем и омаха, много турниров, рейтинг"
1985317,non_puzzle,,realistic_neutral,,none,no,none,no,no,no,no,no,no,no,no,no,no,no,no,no,no,no,no,high,medium,high,no,"игровые автоматы, слоты, казино без денежного выигрыша"
2047522,non_puzzle,,cute_animals,,none,no,collection,no,no,no,no,no,no,no,no,no,no,no,no,no,no,no,no,high,medium,high,no,"3D-аквариум: собери коллекцию рыбок, заботься, монеты"
2247474,non_puzzle,,realistic_neutral,,core,no,pvp_tournament,no,no,no,no,no,no,no,no,no,no,no,no,no,no,no,no,high,low,high,no,"командная тактическая онлайн-игра, флаги, вражеская база"
2255775,non_puzzle,,realistic_neutral,,none,no,other,no,no,no,no,no,no,no,no,no,no,no,no,no,no,no,no,high,medium,high,no,"виртуальный мир: персонаж, квартира, свадьбы, работа, колесо удачи"
2296756,non_puzzle,,farm_garden,,none,no,other,no,no,no,no,no,no,no,no,no,no,no,no,no,no,no,no,high,high,high,no,"сад и огород, семья и соседи"
2306756,non_puzzle,,home_renovation,,none,no,other,no,no,no,no,no,no,no,no,no,no,no,no,no,no,no,no,high,medium,high,no,"строй дома как мэр, бизнес, процветающий город"
2388722,non_puzzle,,farm_garden,,none,no,other,no,no,no,no,no,no,no,no,no,no,no,no,no,no,no,no,high,high,high,no,"ферма: скрещивание растений и животных, 700 предметов декора"
2808257,non_puzzle,,romance_love,,none,no,other,no,no,no,no,no,no,no,no,no,no,no,no,no,no,no,no,high,medium,high,no,"играй и знакомься, общение в реальном времени"
2914811,word,,realistic_neutral,,none,no,none,no,no,no,no,no,no,no,no,no,no,no,no,no,no,no,no,high,medium,high,no,"составляйте слова из букв, игра с друзьями или соперниками"
3069891,non_puzzle,,monsters_combat,,core,no,pvp_tournament,no,no,no,no,no,no,no,no,no,no,no,no,no,no,no,no,medium,medium,high,no,"клановые битвы, боссы; короткое описание"
3083242,non_puzzle,,treasure_adventure,,unknown,no,other,no,no,no,no,no,no,no,no,no,no,no,no,no,no,no,no,high,medium,high,no,"экспедиция золотоискателя, опасности природы, строй город"
3143330,non_puzzle,,magic_fantasy,monsters_combat,core,no,rpg_progression,no,no,no,no,no,no,no,no,no,no,no,no,no,no,no,no,high,medium,high,no,"ролевая игра: битва богов, войско, кровожадные враги"
3144697,non_puzzle,,romance_love,,none,no,other,no,no,no,no,no,no,no,no,no,no,no,no,no,no,no,no,high,high,high,no,"бутылочка: крути, целуйся, знакомься, подарки"
3172248,tabletop,,realistic_neutral,,none,no,none,no,no,no,no,no,no,no,no,no,no,no,no,no,no,no,no,high,medium,high,no,"пасьянс Косынка по 3 карты, расклады и рейтинг"
3579245,non_puzzle,,monsters_combat,,core,no,rpg_progression,no,no,no,no,no,no,no,no,no,no,no,no,no,no,no,no,high,medium,high,no,"кубический шутер: оружие, зомби-режим, танки, прокачка, кланы"
3728811,tabletop,,realistic_neutral,,none,no,pvp_tournament,no,no,no,no,no,no,no,no,no,no,no,no,no,no,no,no,high,medium,high,no,"монополия онлайн, столы 2-5 человек, сделки, турниры"
3849521,unknown,,treasure_adventure,,unknown,unknown,unknown,unknown,unknown,unknown,unknown,unknown,unknown,unknown,unknown,unknown,unknown,unknown,unknown,unknown,unknown,unknown,unknown,low,medium,low,yes,описание без правил: только приключения кота и сокровища
3882511,match3,,treasure_adventure,,none,no,none,no,no,no,no,no,no,no,no,no,no,no,no,no,no,no,no,high,high,high,no,"игра 3 в ряд, уровни и задания, сокровища, пираты"
3885312,non_puzzle,,romance_love,,none,no,other,no,no,no,no,no,no,no,no,no,no,no,no,no,no,no,no,high,high,high,no,"игра в бутылочку для общения, флирта и знакомств"
3905499,non_puzzle,,monsters_combat,,core,no,pvp_tournament,no,no,no,no,no,no,no,no,no,no,no,no,no,no,no,no,high,medium,high,no,"онлайн PvP: армии, ожесточенные бои, война"
4019000,non_puzzle,,magic_fantasy,home_renovation,none,no,other,no,no,no,no,no,no,no,no,no,no,no,no,no,no,no,no,high,medium,high,no,"волшебное королевство, маги и феи, восстановить поместье и замок"
4178722,non_puzzle,,farm_garden,,none,no,other,no,no,no,no,no,no,no,no,no,no,no,no,no,no,no,no,high,high,high,no,"лесная ферма: грибы, корзинка, кланы грибников"
4245114,merge,,abstract,,none,no,pvp_tournament,no,no,no,no,no,no,no,no,no,no,no,no,no,no,no,no,high,medium,high,no,"игра 2048, тетрис и пятнашки, логика, лиги и рейтинг"
4249938,match3,,treasure_adventure,,none,no,none,no,no,no,no,no,no,no,no,no,no,no,no,no,no,no,no,medium,medium,high,no,"жанр Three in a row; путешествия, реликвии, коллекции артефактов"
4333086,non_puzzle,,romance_love,,none,no,other,no,no,no,no,no,no,no,no,no,no,no,no,no,no,no,no,high,high,high,no,интерактивный игровой чат для общения и знакомств
4516443,hidden_object,,detective_mystery,,none,no,none,no,no,no,no,no,no,no,no,no,no,no,no,no,no,no,no,high,medium,high,no,"игра в жанре поиск предметов, тайны Парижа"
4523773,match3,,food_household,,none,no,none,no,no,no,no,no,no,no,no,no,no,no,no,no,no,no,no,high,high,high,no,"сладкие приключения в жанре три в ряд, Долина Сладостей"
4571765,match3,,cute_animals,,none,no,none,no,no,no,no,no,no,no,no,no,no,no,no,no,no,no,no,high,high,high,no,"игра Три-в-ряд, спаси зверят, спасение животных"
4590904,merge,,space_scifi,,cosmetic,no,none,no,no,no,no,no,no,no,no,no,no,no,no,no,no,no,no,medium,high,high,no,соединяй одинаковые фрукты; сбивай пришельцев бомбами и ракетами
4670107,hidden_object,,unknown_mixed,,none,no,pvp_tournament,no,no,no,no,no,no,no,no,no,no,no,no,no,no,no,no,high,low,high,no,"поиск предметов, путешествия, турниры"
4670469,word,,realistic_neutral,,none,no,pvp_tournament,no,no,no,no,no,no,no,no,no,no,no,no,no,no,no,no,high,medium,high,no,"составляй слова из букв, раунды, кланы, турниры, прокачка"
4672208,non_puzzle,,romance_love,,none,no,pvp_tournament,no,no,no,no,no,no,no,no,no,no,no,no,no,no,no,no,high,high,high,no,"лайкай и флиртуй, любовная коллекция, турниры красоты"
4693053,match3,,monsters_combat,,core,no,rpg_progression,no,no,no,no,no,no,no,no,no,no,no,no,no,no,no,no,high,high,medium,no,Match-3 файтинг с элементами RPG по мотивам Смертельной битвы
4722206,tabletop,,treasure_adventure,,none,no,none,no,unknown,unknown,unknown,unknown,unknown,unknown,unknown,unknown,unknown,unknown,unknown,unknown,unknown,unknown,unknown,medium,low,low,yes,пустое описание; только название Пасьянс Джунглей
4739676,hidden_object,,unknown_mixed,,none,no,none,no,unknown,unknown,unknown,unknown,unknown,unknown,unknown,unknown,unknown,unknown,unknown,unknown,unknown,unknown,unknown,medium,low,low,yes,пустое описание; жанр и название Поиск Предметов
4742046,tabletop,picture_reveal,realistic_neutral,,none,no,pvp_tournament,no,no,no,no,no,no,no,no,no,no,no,no,no,no,no,no,high,medium,high,no,"Косынка-солитер Клондайк, живые турниры, мини-игры пазлы"
4836341,non_puzzle,,realistic_neutral,,none,no,pvp_tournament,no,no,no,no,no,no,no,no,no,no,no,no,no,no,no,no,high,medium,high,no,"200+ слотов, бонусы, турниры, таблица лидеров"
4889857,tabletop,,realistic_neutral,,none,no,none,no,no,no,no,no,no,no,no,no,no,no,no,no,no,no,no,high,medium,high,no,"русские шашки и поддавки, уничтожить или запереть шашки"
4941028,tabletop,,realistic_neutral,,none,no,pvp_tournament,no,no,no,no,no,no,no,no,no,no,no,no,no,no,no,no,high,medium,high,no,"Косынка по три карты, турниры и живые соперники"
5013079,match3,,unknown_mixed,,none,no,none,no,no,no,no,no,no,no,no,no,no,no,no,no,no,no,no,high,low,high,no,"игра три-в-ряд, пройти уровни и собрать Книгу Мудрости"
5143181,non_puzzle,,cute_animals,,none,no,none,no,no,no,no,no,no,no,no,no,no,no,no,no,no,no,no,high,high,high,no,"аркада: спаси котят из башни, очки и вещи"
5170657,match3,,space_scifi,,core,no,rpg_progression,no,no,no,no,no,no,no,no,no,no,no,no,no,no,no,no,high,high,medium,no,"Match-3 файтинг Star Wars, команда героев, уничтожь Звезду Смерти"
5170726,unknown,,treasure_adventure,,unknown,unknown,unknown,unknown,unknown,unknown,unknown,unknown,unknown,unknown,unknown,unknown,unknown,unknown,unknown,unknown,unknown,unknown,unknown,low,medium,low,yes,только Лучшая игра о пиратах; правил и механики нет
5189403,non_puzzle,,realistic_neutral,,core,no,none,no,no,no,no,no,no,no,no,no,no,no,no,no,no,no,no,high,medium,high,no,"стратегия реального времени: цивилизация, юниты, война и торговля"
5452475,quiz_trivia,,magic_fantasy,cute_animals,none,no,none,no,no,no,no,no,no,no,no,no,no,no,no,no,no,no,no,high,medium,high,no,"угадывай ответы, звезды, путешествие с котом по волшебному миру"
5456261,match3,,cute_animals,,none,no,none,no,no,no,no,no,no,no,no,no,no,no,no,no,no,no,no,high,medium,high,no,"три в ряд в названии, динамичные уровни, рыжий лисенок"
5457269,quiz_trivia,,realistic_neutral,,none,no,none,no,no,no,no,no,no,no,no,no,no,no,no,no,no,no,no,high,high,high,no,"симулятор шоу: 15 вопросов, 4 варианта, подсказки, рейтинги"
5507159,non_puzzle,match3,realistic_neutral,,none,no,none,no,no,no,no,no,no,no,no,no,no,no,no,no,no,no,no,high,medium,high,no,слоты и джекпоты; бонус-игры типа 3 в ряд
5592984,match3,,unknown_mixed,,none,no,none,no,no,no,no,no,no,no,no,no,no,no,no,no,no,no,no,high,low,high,no,"собирайте персонажей в ряды, спасите игрушек"
5625394,match3,,unknown_mixed,cute_animals,none,no,none,no,no,no,no,no,no,no,no,no,no,no,no,no,no,no,no,high,low,high,no,"жанр три в ряд, путешествия по странам, Вика и Енот"
5643673,match3,,food_household,magic_fantasy,none,no,none,no,no,no,no,no,no,no,no,no,no,no,no,no,no,no,no,high,medium,high,no,"три в ряд, уровни с Феей и Зайцем, Малиновый Джем"
5648811,non_puzzle,,romance_love,,none,no,other,no,no,no,no,no,no,no,no,no,no,no,no,no,no,no,no,high,medium,high,no,банька: встречи и откровенные знакомства
5671788,non_puzzle,,vehicles,,core,no,rpg_progression,no,no,no,no,no,no,no,no,no,no,no,no,no,no,no,no,high,medium,high,no,"танковые сражения реалтайм, взвод, прокачка, базы, операции"
5744979,match3,,farm_garden,,none,no,renovation_story,no,no,no,no,no,no,no,no,no,no,no,no,no,no,no,no,high,high,low,no,"три-в-ряд, соединяйте фрукты и овощи, украшайте дачу, 8000 уровней"
5757681,match3,,treasure_adventure,,none,no,none,no,no,no,no,no,no,no,no,no,no,no,no,no,no,no,no,medium,low,high,no,"жанр Three in a row, серия Тайны Прошлого; правил в описании нет"
5897962,unknown,,treasure_adventure,monsters_combat,unknown,unknown,unknown,unknown,unknown,unknown,unknown,unknown,unknown,unknown,unknown,unknown,unknown,unknown,unknown,unknown,unknown,unknown,unknown,low,medium,low,yes,"жанр головоломки без правил; сокровища, экипировка, темные силы"
5925974,tabletop,,realistic_neutral,,none,no,none,no,no,no,no,no,no,no,no,no,no,no,no,no,no,no,no,high,medium,high,no,"дурак подкидной и переводной, колоды, буркозел"
5989552,other_puzzle,,realistic_neutral,,none,no,none,no,no,no,no,no,no,no,no,no,no,no,no,no,no,no,no,high,medium,high,no,"классические японские кроссворды, спокойная атмосфера"
6000474,match3,,magic_fantasy,,core,no,rpg_progression,no,no,no,no,no,no,no,no,no,no,no,no,no,no,no,no,high,high,high,no,"MMORPG с боями три-в-ряд из камней и черепов, расы, PvP, кланы"
6002530,non_puzzle,,realistic_neutral,magic_fantasy,none,no,none,no,no,no,no,no,no,no,no,no,no,no,no,no,no,no,no,high,low,high,no,игровой автомат; зелья и свитки лишь оформление выплат
6004542,tabletop,,realistic_neutral,,none,no,pvp_tournament,no,no,no,no,no,no,no,no,no,no,no,no,no,no,no,no,high,medium,high,no,"турнир по игре Длинные нарды, стань чемпионом"
6005780,non_puzzle,,farm_garden,,none,no,other,no,no,no,no,no,no,no,no,no,no,no,no,no,no,no,no,high,high,high,no,"ферма: животные, урожай, сады, колхоз и империя"
6035793,tabletop,,realistic_neutral,,none,no,pvp_tournament,no,no,no,no,no,no,no,no,no,no,no,no,no,no,no,no,high,medium,high,no,"Зонк игра в кости: комбинации, риск, турниры и дуэли"
6037801,tabletop,,realistic_neutral,,none,no,pvp_tournament,no,no,no,no,no,no,no,no,no,no,no,no,no,no,no,no,high,medium,high,no,"Короткие нарды: турниры на 4-8 человек, рекорды"
6053081,non_puzzle,,cute_animals,,none,no,renovation_story,no,no,no,no,no,no,no,no,no,no,no,no,no,no,no,no,high,high,low,no,"восстанови заброшенный зоопарк, помоги пушистикам"
6084542,quiz_trivia,,unknown_mixed,,none,no,none,no,no,no,no,no,no,no,no,no,no,no,no,no,no,no,no,medium,low,high,no,"загадки из мультфильмов детства, серия Королевство загадок"
6110594,quiz_trivia,,realistic_neutral,,none,no,idle_economy,no,no,no,no,no,no,no,no,no,no,no,no,no,no,no,no,high,medium,high,no,15 вопросов как в шоу; бизнес и пассивный доход с выигрыша
6117747,hidden_object,,unknown_mixed,,none,no,pvp_tournament,no,no,no,no,no,no,no,no,no,no,no,no,no,no,no,no,high,medium,high,no,"Поиск Отличий с реальными игроками онлайн, соревнуйтесь"
6144268,tabletop,,realistic_neutral,,none,no,none,no,no,no,no,no,no,no,no,no,no,no,no,no,no,no,no,high,medium,high,no,"классическое Домино: козел, пятерочки, классика, 2-4 игрока"
6165495,non_puzzle,,magic_fantasy,monsters_combat,core,no,rpg_progression,no,no,no,no,yes,no,no,no,no,no,no,no,no,no,no,no,high,medium,high,no,"RPG: сражения и прокачка, PvP и кланы, победи боссов"
6214836,non_puzzle,,abstract,,none,no,pvp_tournament,no,no,no,no,no,no,no,no,no,no,no,no,no,no,no,no,medium,medium,high,no,"ешь пузырей, расти по лигам, получай награды"
6224767,match3,,magic_fantasy,,none,no,none,no,no,no,no,no,no,no,no,no,no,no,no,no,no,no,no,medium,high,high,no,"жанр Three in a row; волшебная книга, сказки и чудеса"
6241407,match3,,realistic_neutral,,none,no,none,no,no,no,no,no,no,no,no,no,no,no,no,no,no,no,no,high,low,high,no,"уровни три-в-ряд, снежинки, украшай елочку"
6243585,non_puzzle,,realistic_neutral,,none,no,idle_economy,no,no,no,no,no,no,no,no,no,no,no,no,no,no,no,no,high,high,high,no,"эконом сим и кликер: строй башню, бизнес, прибыль, рейтинг"
6284740,match3,,unknown_mixed,,none,no,none,no,no,no,no,no,no,no,no,no,no,no,no,no,no,no,no,medium,low,high,no,"жанр Three in a row; Летняя История, шарики без правил"
6352380,non_puzzle,,cute_animals,,none,no,renovation_story,no,no,no,no,no,no,no,no,no,no,no,no,no,no,no,no,high,high,low,no,"ежики превратят хозяйство в уютную ферму, ежиная долина"
6381463,match3,,farm_garden,,none,no,none,no,no,no,no,no,no,no,no,no,no,no,no,no,no,no,no,medium,medium,high,no,"жанр Three in a row, серия Вега Микс; строй и украшай дачу"
6415141,tabletop,,realistic_neutral,,none,no,none,no,no,no,no,no,no,no,no,no,no,no,no,no,no,no,no,high,medium,high,no,"Девятка: 3 игрока, 12 карт, первым избавься от карт"
6437957,non_puzzle,,realistic_neutral,,none,no,pvp_tournament,no,no,no,no,no,no,no,no,no,no,no,no,no,no,no,no,high,medium,high,no,"игровые автоматы, суперигры, онлайн турниры"
6458386,other_puzzle,,horror,detective_mystery,none,no,none,no,no,no,no,no,no,no,no,no,no,no,no,no,no,no,no,medium,high,high,no,"детектив-триллер: психопат Кукловод, квесты, пазлы и головоломки"
6462836,non_puzzle,,magic_fantasy,romance_love,core,no,idle_economy,no,no,no,no,no,no,no,no,no,no,no,no,no,no,no,no,high,medium,high,no,"аниме-фэнтези JRPG и IDLE: легион героинь, фракции, автобои"
6486302,non_puzzle,other_puzzle,treasure_adventure,,core,no,none,no,no,no,no,no,no,no,no,no,no,no,no,no,no,no,no,medium,medium,high,no,"стрелялка с элементами головоломки, Хранители Джунглей"
6604566,non_puzzle,match3,realistic_neutral,,none,no,none,no,no,no,no,no,no,no,no,no,no,no,no,no,no,no,no,high,medium,high,no,"слоты и джекпоты; доп игры типа 3 в ряд, рейтинги"
6621905,tile_match,,magic_fantasy,,none,no,collection,no,no,no,no,no,no,no,no,no,no,no,no,no,no,no,no,high,medium,high,no,"Маджонг солитер: 100+ уровней, волшебная страна, части тотема"
6636413,tabletop,,realistic_neutral,,none,no,none,no,no,no,no,no,no,no,no,no,no,no,no,no,no,no,no,high,medium,high,no,"Тысяча: взяточная карточная игра, набрать 1000 очков"
6641762,match3,,realistic_neutral,,none,no,none,no,no,no,no,no,no,no,no,no,no,no,no,no,no,no,no,medium,medium,high,no,"жанр Three in a row, серия Вега Микс, 12 уровней, круиз по Волге"
6684680,non_puzzle,,space_scifi,,core,no,rpg_progression,no,no,no,no,yes,no,no,no,no,no,no,no,no,no,no,no,high,medium,high,no,"башенная оборона: строй башни, волны врагов, усиливаются боссы"
6701819,word,,treasure_adventure,,none,no,none,no,no,no,no,no,no,no,no,no,no,no,no,no,no,no,no,medium,medium,high,no,"викингам нужен предводитель; эрудиция, сокровища и знания"
6711331,non_puzzle,,magic_fantasy,monsters_combat,core,no,rpg_progression,no,no,no,no,yes,no,no,no,no,no,no,no,no,no,no,no,high,medium,high,no,"стратегия Камелота: рыцари, монстры, кланы, рейды на боссов"
6716212,match3,,realistic_neutral,,none,no,none,no,no,no,no,no,no,no,no,no,no,no,no,no,no,no,no,high,low,high,no,"уровни три-в-ряд, снежинки, украшай елочку, Новый год"
6730076,unknown,,unknown_mixed,,unknown,unknown,unknown,unknown,unknown,unknown,unknown,unknown,unknown,unknown,unknown,unknown,unknown,unknown,unknown,unknown,unknown,unknown,unknown,low,low,low,yes,только Игра покорившая сердца; правил нет
6739930,block_hexa,match3,abstract,,none,no,pvp_tournament,no,no,no,no,no,no,no,no,no,no,no,no,no,no,no,no,high,high,high,no,"тетрис и мач-3, игра вдвоем на доске, турниры"
6742416,tile_match,,realistic_neutral,,none,no,none,no,no,no,no,no,no,no,no,no,no,no,no,no,no,no,no,high,medium,high,no,"находи пары одинаковых карт на время, тренировка памяти"
6745237,match3,,food_household,,none,no,none,no,no,no,no,no,no,no,no,no,no,no,no,no,no,no,no,high,high,high,no,"самая сладкая игра 3-в-ряд, симпатичные конфеты"
6773188,tabletop,,horror,,none,no,pvp_tournament,no,no,no,no,no,no,no,no,no,no,no,no,no,no,no,no,medium,medium,high,no,"многопользовательское Бинго реалтайм, турниры, зомби-оформление"
6810744,unknown,,vehicles,,unknown,unknown,unknown,unknown,unknown,unknown,unknown,unknown,unknown,unknown,unknown,unknown,unknown,unknown,unknown,unknown,unknown,unknown,unknown,low,low,low,yes,"только VK Direct Games и Pixi.js; правил нет, в названии машины"
6812327,match3,,home_renovation,,none,no,renovation_story,no,no,no,no,no,no,no,no,no,no,no,no,no,no,no,no,high,medium,medium,no,"три в ряд, ресурсы, восстановление домов и городов, события"
6815060,non_puzzle,,realistic_neutral,magic_fantasy,none,no,pvp_tournament,no,no,no,no,no,no,no,no,no,no,no,no,no,no,no,no,high,low,high,no,яркие игры и турниры казино; магия лишь оформление
6830710,match3,,food_household,,none,no,pvp_tournament,no,no,no,no,no,no,no,no,no,no,no,no,no,no,no,no,high,high,high,no,"соединяйте сладости в ряд, препятствия, турниры, золото"
6831156,match3,,cute_animals,,none,no,none,no,no,no,no,no,no,no,no,no,no,no,no,no,no,no,no,high,high,high,no,"уровни 3 в ряд, создай подводный мир, аквариумные рыбки"
6856353,non_puzzle,,vehicles,,core,no,pvp_tournament,no,no,no,no,no,no,no,no,no,no,no,no,no,no,no,no,high,high,high,no,"боевой самолет: маневры, стрельба, сбивай самолеты, рейтинг"
6904672,picture_reveal,,realistic_neutral,,none,no,none,no,no,no,no,no,no,no,no,no,no,no,no,no,no,no,no,high,medium,high,no,"вышивание крестиком, алмазная вышивка, раскраски по номерам"
6916880,unknown,,realistic_neutral,,unknown,unknown,unknown,unknown,unknown,unknown,unknown,unknown,unknown,unknown,unknown,unknown,unknown,unknown,unknown,unknown,unknown,unknown,unknown,low,medium,low,yes,"онлайн игра с соперниками, стань богатым; правил нет"
6923594,non_puzzle,,treasure_adventure,,cosmetic,no,none,no,no,no,no,no,no,no,no,no,no,no,no,no,no,no,no,medium,low,high,no,"выигрывай миллионы, атакуй чужие деревни, забирай золото"
6926012,non_puzzle,,romance_love,,none,no,other,no,no,no,no,no,no,no,no,no,no,no,no,no,no,no,no,high,high,high,no,"флирт и знакомства в чате, найди любовь"
6986939,match3,,home_renovation,cute_animals,none,no,renovation_story,no,no,no,no,no,no,no,no,no,no,no,no,no,no,no,no,high,medium,medium,no,"три-в-ряд, спаси парк, выбирай декор, животные, альянс"
6990632,hidden_object,,cute_animals,,none,no,pvp_tournament,no,no,no,no,no,no,no,no,no,no,no,no,no,no,no,no,high,high,high,no,"Поиск отличий онлайн с игроками, Котопоиск"
6994984,bubble_shooter,,magic_fantasy,,none,no,none,no,no,no,no,no,no,no,no,no,no,no,no,no,no,no,no,high,medium,high,no,"головоломка жанра Zuma, Атлантида, юная волшебница"
6999558,tabletop,,realistic_neutral,,none,no,none,no,no,no,no,no,no,no,no,no,no,no,no,no,no,no,no,high,medium,high,no,шахматы онлайн с соперниками реалтайм
7016437,match3,,treasure_adventure,,cosmetic,no,pvp_tournament,no,no,no,no,no,no,no,no,no,no,no,no,no,no,no,no,high,low,medium,no,"соединяйте сладости три в ряд, король, престол, турниры"
7026809,tabletop,,realistic_neutral,,none,no,rpg_progression,no,no,no,no,yes,no,no,no,no,no,no,no,no,no,no,no,high,medium,high,no,"Техасский Холдем, путь до Крестного отца, Битва Боссов"
7096306,non_puzzle,,horror,,unknown,unknown,unknown,unknown,unknown,unknown,unknown,unknown,unknown,unknown,unknown,unknown,unknown,unknown,unknown,unknown,unknown,unknown,unknown,medium,medium,low,yes,только Выживи в зомби апокалипсисе; правил нет
7139277,word,,realistic_neutral,,none,no,none,no,no,no,no,no,no,no,no,no,no,no,no,no,no,no,no,high,medium,high,no,составляйте слова из перемешанных букв одним взмахом пальца
7139584,match3,,magic_fantasy,food_household,none,no,none,no,no,no,no,no,no,no,no,no,no,no,no,no,no,no,no,high,medium,high,no,"уровни 3 в ряд из сладостей, сказочный мир Шармляндии"
7140671,non_puzzle,,monsters_combat,,core,no,pvp_tournament,no,no,no,no,no,no,no,no,no,no,no,no,no,no,no,no,medium,medium,high,no,"приключения героев, PvP сражения в реальном времени"
7155515,match3,,treasure_adventure,,none,no,none,no,no,no,no,no,no,no,no,no,no,no,no,no,no,no,no,medium,low,high,no,"жанр Three in a row; Необитаемый остров, отзыв без правил"
7162962,other_puzzle,,magic_fantasy,,none,no,none,no,no,no,no,no,no,no,no,no,no,no,no,no,no,no,no,medium,medium,high,no,"головоломка о подвижных драконах, кубики"
7183892,match3,,magic_fantasy,,none,no,none,no,no,no,no,no,no,no,no,no,no,no,no,no,no,no,no,medium,medium,high,no,"жанр Three in a row, серия Вега Микс; задания мэра волшебного города"
7194733,other_puzzle,,monsters_combat,,none,no,none,no,no,no,no,no,no,no,no,no,no,no,no,no,no,no,no,medium,medium,high,no,"приключенческая игра: история, диалоги, подземелья, зомби"
7200715,non_puzzle,,magic_fantasy,monsters_combat,core,no,rpg_progression,no,no,no,no,no,no,no,no,no,no,no,no,no,no,no,no,high,medium,high,no,"фэнтези-стратегия: сражайся с нечистью, прокачка героя, рейтинг"
7200720,non_puzzle,,vehicles,,core,no,rpg_progression,no,no,no,no,no,no,no,no,no,no,no,no,no,no,no,no,high,high,high,no,"танковые битвы реалтайм, выбор и улучшение танка, слава"
7232341,non_puzzle,,realistic_neutral,magic_fantasy,none,no,none,no,no,no,no,no,no,no,no,no,no,no,no,no,no,no,no,high,low,high,no,"игровые автоматы, острова, бонус-игры и фриспины"
7275058,non_puzzle,,magic_fantasy,,core,no,collection,no,no,no,no,yes,no,no,no,no,no,no,no,no,no,no,no,medium,medium,high,no,"доспехи, хаос в Средиземье, собери братву, глумись над боссами"
7292231,match3,,magic_fantasy,,none,no,none,no,no,no,no,no,no,no,no,no,no,no,no,no,no,no,no,high,medium,high,no,"головоломка три в ряд, комбинации самоцветов, магия сказок"
7328587,tabletop,,magic_fantasy,,cosmetic,no,none,no,no,no,no,no,no,no,no,no,no,no,no,no,no,no,no,high,high,medium,no,"пасьянс и магия карт; чародеи борются, но играется солитер"
7334530,other_puzzle,,cute_animals,,none,no,collection,no,no,no,no,no,no,no,no,no,no,no,no,no,no,no,no,medium,high,high,no,"головоломка: прогулки со сбором, комбинации из карточек, наряды"
7352873,quiz_trivia,,realistic_neutral,,none,no,none,no,no,no,no,no,no,no,no,no,no,no,no,no,no,no,no,high,medium,high,no,угадай слово по 4 картинкам
7363593,non_puzzle,,treasure_adventure,,none,no,none,no,no,no,no,no,no,no,no,no,no,no,no,no,no,no,no,medium,medium,high,no,жанр Gambling; Вперед на поиски сокровищ
7384081,match3,,farm_garden,,none,no,none,no,no,no,no,no,no,no,no,no,no,no,no,no,no,no,no,high,high,high,no,"матч-3: собирай ягодки и капли, восстанови лес, сажай деревья"
7399865,non_puzzle,,unknown_mixed,,none,no,other,no,no,no,no,no,no,no,no,no,no,no,no,no,no,no,no,medium,medium,high,no,"портал VMMO: задания, магазин, подписка, конкурсы, а не игра"
7403632,quiz_trivia,,realistic_neutral,,none,no,none,no,no,no,no,no,no,no,no,no,no,no,no,no,no,no,no,high,medium,high,no,"викторина 2021 года, развивай IQ"
7409298,match3,,magic_fantasy,,cosmetic,no,none,no,no,no,no,no,no,no,no,no,no,no,no,no,no,no,no,high,medium,medium,no,"три в ряд, сразись с игроками, небесные королевства, хрюномагия"
7429555,tabletop,,realistic_neutral,,none,no,none,no,no,no,no,no,no,no,no,no,no,no,no,no,no,no,no,high,medium,high,no,"дурак подкидной и переводной, комнаты 2-4, рекорды"
7430049,hidden_object,,detective_mystery,,none,no,none,no,no,no,no,no,no,no,no,no,no,no,no,no,no,no,no,high,high,high,no,"поиск и спрятанные предметы, детективные истории Элен"
7430200,sort,,abstract,,none,no,none,no,no,no,no,no,no,no,no,no,no,no,no,no,no,no,no,medium,medium,high,no,"различай и расставляй цвета, Цветофор"
7453906,tabletop,,realistic_neutral,,none,no,none,no,no,no,no,no,no,no,no,no,no,no,no,no,no,no,no,medium,medium,high,no,"бросай кости, рискуй и побеждай"
7459018,match3,tile_match,cute_animals,,none,no,none,no,no,no,no,no,no,no,no,no,no,no,no,no,no,no,no,medium,medium,high,no,"расслабляющая головоломка: три-в-ряд и маджонг, зверята"
7495803,non_puzzle,,realistic_neutral,,core,no,none,no,no,no,no,no,no,no,no,no,no,no,no,no,no,no,no,high,medium,high,no,"шутер от первого лица 5х5, режимы, арсенал, карты"
7516281,unknown,,treasure_adventure,,unknown,unknown,unknown,unknown,unknown,unknown,unknown,unknown,unknown,unknown,unknown,unknown,unknown,unknown,unknown,unknown,unknown,unknown,unknown,low,medium,low,yes,"тайна пирамид, 3D уровни и головоломки; правил нет"
7522400,tabletop,,magic_fantasy,treasure_adventure,none,no,pvp_tournament,no,no,no,no,no,no,no,no,no,no,no,no,no,no,no,no,high,medium,high,no,"пасьянс Три Пика, магические карты, сокровища, турнирная таблица"
7528840,unknown,,home_renovation,,unknown,unknown,unknown,unknown,unknown,unknown,unknown,unknown,unknown,unknown,unknown,unknown,unknown,unknown,unknown,unknown,unknown,unknown,unknown,low,low,low,yes,пустое описание; только Собери домашний кинотеатр
7538793,sort,,abstract,,none,no,none,no,no,no,no,no,no,no,no,no,no,no,no,no,no,no,no,high,high,high,no,"шарики перемешались в колбах, наведем порядок"
7551065,other_puzzle,,abstract,,none,no,none,no,no,no,no,no,no,no,no,no,no,no,no,no,no,no,no,high,high,high,no,"поле 9х9, 3 шарика, ряд или диагональ от 5 исчезают"
7554932,hidden_object,,detective_mystery,,none,no,none,no,no,no,no,no,no,no,no,no,no,no,no,no,no,no,no,high,high,high,no,"поиск предметов, расследуй дела, места преступления и улики"
7560078,unknown,,unknown_mixed,,unknown,unknown,unknown,unknown,unknown,unknown,unknown,unknown,unknown,unknown,unknown,unknown,unknown,unknown,unknown,unknown,unknown,unknown,unknown,low,low,low,yes,"пустое описание; тестовый инструмент, правил нет"
7580568,match3,,farm_garden,,none,no,none,no,no,no,no,no,no,no,no,no,no,no,no,no,no,no,no,high,high,high,no,"уровни три в ряд, собирайте урожай, монетки"
7588968,non_puzzle,,farm_garden,food_household,none,no,other,no,no,no,no,no,no,no,no,no,no,no,no,no,no,no,no,high,high,high,no,"ферма: фрукты, выпечка, фабрики, питомцы, торговля онлайн"
7605538,hidden_object,,detective_mystery,,none,no,none,no,no,no,no,no,no,no,no,no,no,no,no,no,no,no,no,high,high,high,no,"найди отличия на скорость, Рейчел Холмс, детективные инструменты"
7626917,match3,,home_renovation,,none,no,renovation_story,no,no,no,no,no,no,no,no,no,no,no,no,no,no,no,no,medium,high,low,no,"жанр Three in a row; Школа Дизайна, интерьеры и мебель"
7627215,other_puzzle,,treasure_adventure,,none,no,none,no,no,no,no,no,no,no,no,no,no,no,no,no,no,no,no,high,medium,high,no,"убирай перегородки, достань сокровища, спаси героя"
7661484,hidden_object,,unknown_mixed,,none,no,none,no,no,no,no,no,no,no,no,no,no,no,no,no,no,no,no,high,medium,high,no,"найди отличия между картинками, 10000 картинок, всей семьей"
7675528,other_puzzle,,abstract,,none,no,none,no,no,no,no,no,no,no,no,no,no,no,no,no,no,no,no,high,medium,high,no,"управляй лабиринтом, выведи синий шар; стрелки лишь управление"
7683769,match3,,home_renovation,,none,no,renovation_story,no,no,no,no,no,no,no,no,no,no,no,no,no,no,no,no,high,high,medium,no,"камни три в ряд, восстанови дом до особняка, Оскар и сюжет"
7689113,merge,,abstract,,none,no,none,no,no,no,no,no,no,no,no,no,no,no,no,no,no,no,no,high,high,high,no,собери 2048 объединяя плитки; стрелки клавиатуры лишь управление
7702952,other_puzzle,,abstract,,none,no,none,no,no,no,no,no,no,no,no,no,no,no,no,no,no,no,no,medium,high,high,no,"соедини числа от 0 до самого высокого, трудные головоломки"
7708871,other_puzzle,,unknown_mixed,,none,no,none,no,no,no,no,no,no,no,no,no,no,no,no,no,no,no,no,medium,low,high,no,"хитрые головоломки, 1% доходят до 40 уровня; правил нет"
7714862,tabletop,,realistic_neutral,,none,no,pvp_tournament,no,no,no,no,no,no,no,no,no,no,no,no,no,no,no,no,high,medium,high,no,"пасьянс: убери карты того же ранга, турнир, древние Афины"
7725277,match3,,home_renovation,detective_mystery,none,no,none,no,no,no,no,no,no,no,no,no,no,no,no,no,no,no,no,medium,medium,high,no,жанр Three in a row; восстанови отель и раскрой тайны
7725851,match3,,magic_fantasy,,core,no,rpg_progression,no,no,no,no,no,no,no,no,no,no,no,no,no,no,no,no,medium,medium,medium,yes,"жанр Three in a row, но описание про клановые войны и PvP"
7741985,non_puzzle,,realistic_neutral,,none,no,none,no,no,no,no,no,no,no,no,no,no,no,no,no,no,no,no,high,medium,high,no,"дающие автоматы, джекпоты, вращения, колеса удачи, мини-игры"
7749645,other_puzzle,,romance_love,,none,no,none,no,no,no,no,no,no,no,no,no,no,no,no,no,no,no,no,high,medium,high,no,рисуй линии чтобы соединить 2 любящих шарика
7773901,sort,,abstract,,none,no,none,no,no,no,no,no,no,no,no,no,no,no,no,no,no,no,no,high,high,high,no,сортируйте шарики в пробирках пока цвет не один в колбе
7776586,merge,,magic_fantasy,,none,no,other,no,no,no,no,no,no,no,no,no,no,no,no,no,no,no,no,high,high,high,no,"соединяйте сотни объектов на магических землях, квесты"
7791760,sort,,abstract,,none,no,none,no,no,no,no,no,no,no,no,no,no,no,no,no,no,no,no,high,high,high,no,отсортируй цветную воду в стаканах по одному цвету
7797078,sort,,abstract,,none,no,none,no,no,no,no,no,no,no,no,no,no,no,no,no,no,no,no,high,high,high,no,"в каждой колбе один тип шариков, перетаскивай между колбами"
7806599,merge,,abstract,,none,no,pvp_tournament,no,no,no,no,no,no,no,no,no,no,no,no,no,no,no,no,high,high,high,no,"2048: объединяй плитки; дуэли, батл-рояль, лиги, ELO"
7808869,merge,,abstract,,none,no,none,no,no,no,no,no,no,no,no,no,no,no,no,no,no,no,no,high,high,high,no,"2048 в 3D с физикой: целься, стреляй по блоку того же номера"
7814363,other_puzzle,,monsters_combat,,core,no,none,no,no,no,no,no,no,no,no,no,no,no,no,no,no,no,no,high,medium,medium,no,"скользи по уровню, выстрел скольжением, уничтожь врагов; стрелки управление"
7814606,merge,,abstract,,none,no,none,no,no,no,no,no,no,no,no,no,no,no,no,no,no,no,no,medium,high,high,no,свайпом соединяй цифры в суммы по 10
7820955,other_puzzle,,realistic_neutral,,none,no,none,no,no,no,no,no,no,no,no,no,no,no,no,no,no,no,no,high,medium,high,no,"соединяй приборы коннекторами, двигай и вращай, единая система"
7825998,other_puzzle,,realistic_neutral,,none,no,none,no,no,no,no,no,no,no,no,no,no,no,no,no,no,no,no,medium,medium,high,no,"побег из тюрьмы: используй подкоп, забери товарищей"
7845757,non_puzzle,,unknown_mixed,,none,no,pvp_tournament,no,no,no,no,no,no,no,no,no,no,no,no,no,no,no,no,high,low,high,no,"платформер: скоростное прохождение, ловушки, секреты, топ лидеров"
7850362,tabletop,,realistic_neutral,,none,no,none,no,no,no,no,no,no,no,no,no,no,no,no,no,no,no,no,high,medium,high,no,"классический Пасьянс с колоды по 1 или 3 карты, фоны, undo"
7853502,match3,,food_household,,none,no,none,no,no,no,no,no,no,no,no,no,no,no,no,no,no,no,no,high,high,high,no,"нажимай на фрукты в ряду с одинаковыми, летняя игра 3 в ряд"
7864291,other_puzzle,,romance_love,,cosmetic,no,none,no,no,no,no,no,no,no,no,no,no,no,no,no,no,no,no,high,medium,low,no,"тапни отмычку чтобы воссоединить влюбленные шарики, вражеские элементы"
7866185,picture_reveal,,magic_fantasy,,none,no,none,no,no,no,no,no,no,no,no,no,no,no,no,no,no,no,no,high,medium,high,no,"перетаскивай кусочки пазла, 100 уровней с картинками, сказочный"
7869885,word,,realistic_neutral,,none,no,none,no,no,no,no,no,no,no,no,no,no,no,no,no,no,no,no,high,medium,high,no,"составляй слова из выданных слов: милость 35, шарлотка 80"
7869938,hidden_object,,realistic_neutral,,none,no,none,no,no,no,no,no,no,no,no,no,no,no,no,no,no,no,no,high,medium,high,no,"отыскивай спрятанные предметы, Елизавета тревел-блогер"
7876558,match3,,realistic_neutral,,none,no,none,no,no,no,no,no,no,no,no,no,no,no,no,no,no,no,no,high,medium,high,no,"игра три в ряд ко дню донора, факты о донорстве за уровни"
7883862,merge,,abstract,,none,no,none,no,no,no,no,no,no,no,no,no,no,no,no,no,no,no,no,high,high,high,no,"соединяйте шарики с одинаковыми значениями, удвоение числа"
7890960,match3,,abstract,,none,no,none,no,no,no,no,no,no,no,no,no,no,no,no,no,no,no,no,medium,medium,high,no,"жанр Three in a row; три-в-ряд головоломка, лопать шарики"
7891261,match3,,unknown_mixed,,cosmetic,no,pvp_tournament,no,no,no,no,no,no,no,no,no,no,no,no,no,no,no,no,high,low,medium,no,"первая три в ряд с реальными соперниками, Золотая Лига, хрюномагия"
7894397,other_puzzle,,abstract,,none,no,none,no,no,no,no,no,no,no,no,no,no,no,no,no,no,no,no,high,medium,high,no,"рой в песке ход для шариков в чаши по цветам, избегай препятствий"
7900213,other_puzzle,,abstract,,none,no,none,no,no,no,no,no,no,no,no,no,no,no,no,no,no,no,no,high,high,high,no,физическая головоломка: рисуй линии и кати мячи
7900251,other_puzzle,,abstract,,none,no,none,no,no,no,no,no,no,no,no,no,no,no,no,no,no,no,no,high,high,high,no,"Линии 98: перемещай шарики, выстрой 5 одного цвета"
7902507,non_puzzle,,realistic_neutral,,none,no,other,no,no,no,no,no,no,no,no,no,no,no,no,no,no,no,no,high,high,high,no,"эконом сим: город мечты, биржа, порт, экспедиции, мэр"
7909156,non_puzzle,,realistic_neutral,,none,no,none,no,no,no,no,no,no,no,no,no,no,no,no,no,no,no,no,high,medium,high,no,самые популярные игровые автоматы в Клубе Слотов
7912147,match3,,farm_garden,,none,no,none,no,no,no,no,no,no,no,no,no,no,no,no,no,no,no,no,high,medium,high,no,"игра три в ряд, прогулка по лесу, уровни с заданиями"
7916925,merge,,abstract,,none,no,none,no,no,no,no,no,no,no,no,no,no,no,no,no,no,no,no,high,high,high,no,тап по столбцу направляет плитку; соединяй в удвоенное число
7920822,non_puzzle,,memes_pop_culture,,core,no,none,no,no,no,no,no,no,no,no,no,no,no,no,no,no,no,no,high,medium,high,no,"шутер: выживание и уровни, пистолет и автоматы, убей врагов"
7923311,quiz_trivia,,realistic_neutral,,none,no,pvp_tournament,no,no,no,no,no,no,no,no,no,no,no,no,no,no,no,no,high,medium,high,no,"турнир: битва интеллектов, 5 вопросов, кубок победителя"
7925151,non_puzzle,,realistic_neutral,,none,no,none,no,no,no,no,no,no,no,no,no,no,no,no,no,no,no,no,high,medium,high,no,"автоматы Доктор Слот, фриспины, мини-игры, ивенты"
7925843,non_puzzle,,monsters_combat,,core,no,none,no,no,no,no,no,no,no,no,no,no,no,no,no,no,no,no,medium,medium,high,no,"защити башню от врагов и орд способностями, тренирует многозадачность"
7929388,other_puzzle,,abstract,,none,no,none,no,no,no,no,no,no,no,no,no,no,no,no,no,no,no,no,high,high,high,no,"как Сокобан: перемещай квадраты к точкам, на месте исчезают"
7943016,tile_match,,unknown_mixed,,none,no,none,no,no,no,no,no,no,no,no,no,no,no,no,no,no,no,no,high,medium,high,no,"перетаскивай парные элементы в люк на время, матч предметов"
7943017,other_puzzle,,abstract,,none,no,none,no,no,no,no,no,no,no,no,no,no,no,no,no,no,no,no,high,high,high,no,"соединяй кружки одинакового цвета свайпом, трубопровод"
7952341,merge,,home_renovation,detective_mystery,none,no,renovation_story,no,no,no,no,no,no,no,no,no,no,no,no,no,no,no,no,high,medium,medium,no,"объединяй предметы в инструменты, ремонт отеля, семейные секреты"
7954000,non_puzzle,,realistic_neutral,,none,no,none,no,no,no,no,no,no,no,no,no,no,no,no,no,no,no,no,medium,medium,high,no,аркада: тапы по стрелкам-кнопкам выбирают асану йоги от стен
7960714,other_puzzle,,abstract,,none,no,none,no,unknown,unknown,unknown,unknown,unknown,unknown,unknown,unknown,unknown,unknown,unknown,unknown,unknown,unknown,unknown,medium,medium,low,yes,стреляй шариками сбивай кирпичи; отскок не подтвержден
7962560,match3,,horror,,none,no,none,no,no,no,no,no,no,no,no,no,no,no,no,no,no,no,no,medium,medium,high,no,"жанр Three in a row; Хэллоуин, изгони нечисть"
7965168,match3,,magic_fantasy,,none,no,none,no,no,no,no,no,no,no,no,no,no,no,no,no,no,no,no,high,medium,high,no,"коснись 2+ кубиков чтобы уничтожить; парк, колдун, проклятие"
7966457,quiz_trivia,,treasure_adventure,,none,no,none,no,no,no,no,no,no,no,no,no,no,no,no,no,no,no,no,medium,medium,high,no,"загадки древних цивилизаций: Египет, Греция, Персия"
7967808,merge,,farm_garden,treasure_adventure,none,no,other,no,no,no,no,no,no,no,no,no,no,no,no,no,no,no,no,high,high,high,no,"соединяй объекты на тропической ферме, экспедиции, биржа"
7969380,other_puzzle,,abstract,,none,no,none,no,no,no,no,no,no,no,no,no,no,no,no,no,no,no,no,medium,medium,high,no,антистресс Поп Ит: прожми пупырки в уголках лабиринтов
7979315,tabletop,,magic_fantasy,,none,no,none,no,no,no,no,no,no,no,no,no,no,no,no,no,no,no,no,high,high,high,no,"пасьянс парами карт; хоббиты Шира, проклятая книга"
7981805,non_puzzle,,realistic_neutral,,none,no,none,no,no,no,no,no,no,no,no,no,no,no,no,no,no,no,no,high,medium,high,no,бильярд Пул Восьмерка онлайн с реальными людьми
7991934,match3,,magic_fantasy,,none,no,none,no,no,no,no,no,no,no,no,no,no,no,no,no,no,no,no,high,medium,high,no,"три в ряд с сюжетом, сказочные персонажи, Новый год"
7993916,quiz_trivia,,romance_love,,none,no,other,no,no,no,no,no,no,no,no,no,no,no,no,no,no,no,no,high,high,high,no,"викторина для знакомств: вопросы, угадай ответы собеседника"
8005097,other_puzzle,,abstract,,none,no,none,no,no,no,no,no,no,no,no,no,no,no,no,no,no,no,no,medium,medium,high,no,"шариком раскрась лабиринт, заполни цветом каждый квадрат"
8008464,quiz_trivia,,realistic_neutral,,none,no,pvp_tournament,no,no,no,no,no,no,no,no,no,no,no,no,no,no,no,no,high,medium,high,no,"вопросы истории кино музыки на время, баллы, таблица лидеров"
8011344,other_puzzle,,romance_love,treasure_adventure,none,no,none,no,no,no,no,no,no,no,no,no,no,no,no,no,no,no,no,high,medium,high,no,"выдергивай защелки по порядку: объедини влюбленных, сокровища"
8020267,match3,,abstract,,none,no,none,no,no,no,no,no,no,no,no,no,no,no,no,no,no,no,no,medium,high,high,no,"соединяй точки, составь квадрат чтобы убрать цвет"
8023481,non_puzzle,,monsters_combat,,core,no,none,no,no,no,no,no,no,no,no,no,no,no,no,no,no,no,no,medium,medium,medium,no,"проведи армию сквозь преграды, выиграй финальную битву"
8029885,tile_match,,treasure_adventure,,none,no,none,no,no,no,no,no,no,no,no,no,no,no,no,no,no,no,no,high,low,high,no,"маджонг: свободная пара блоков через открытое пространство, пирамида"
8031863,merge,,abstract,,none,no,none,no,no,no,no,no,no,no,no,no,no,no,no,no,no,no,no,high,high,high,no,"складывай шестиугольные плитки рядом, соединение удваивает число"
8031935,match3,,food_household,magic_fantasy,none,no,none,no,no,no,no,no,no,no,no,no,no,no,no,no,no,no,no,high,medium,high,no,"соединяйте конфеты, уровни, волшебная сахарная страна"
8035370,bubble_shooter,,monsters_combat,,cosmetic,no,none,no,no,no,no,no,no,no,no,no,no,no,no,no,no,no,no,high,medium,medium,no,направляй и запускай шарик в волну пузырей; жулики Бубсы в королевстве
8039325,merge,,abstract,,none,no,none,no,no,no,no,no,no,no,no,no,no,no,no,no,no,no,no,high,high,high,no,2048 с физическими блоками: бросайте и объединяйте до линии
8046514,bubble_shooter,,abstract,,none,no,none,no,no,no,no,no,no,no,no,no,no,no,no,no,no,no,no,medium,medium,high,no,"стреляйте по шарикам, лопнуть все на поле, ТОП"
8049649,tile_match,,food_household,,none,no,none,no,no,no,no,no,no,no,no,no,no,no,no,no,no,no,no,high,medium,high,no,"как маджонг: удаляй пары конфет, свободные стороны, 2 изгиба"
8054181,match3,,cute_animals,food_household,none,no,none,no,no,no,no,no,no,no,no,no,no,no,no,no,no,no,no,high,medium,high,no,"три в ряд, 30 уровней, милые монстры-сладкоежки"
8054188,merge,,food_household,,none,no,none,no,no,no,no,no,no,no,no,no,no,no,no,no,no,no,no,medium,high,high,no,"соединяй печеньки, задания, лучший пекарь"
8055266,merge,,home_renovation,,none,no,renovation_story,no,no,no,no,no,no,no,no,no,no,no,no,no,no,no,no,medium,high,medium,no,"Слияние и Дизайн: заказы на ремонт, дизайн комнат, студия"
8055342,quiz_trivia,,realistic_neutral,,none,no,none,no,no,no,no,no,no,no,no,no,no,no,no,no,no,no,no,high,high,high,no,"угадай флаги и столицы 240 стран, 3 режима на время"
8056133,match3,,food_household,,none,no,none,no,no,no,no,no,no,no,no,no,no,no,no,no,no,no,no,high,high,high,no,соединяй желейные конфеты в длинную линию сладостей
8061543,word,,realistic_neutral,,none,no,pvp_tournament,no,no,no,no,no,no,no,no,no,no,no,no,no,no,no,no,high,medium,high,no,"Wordle: угадывай слово по подсказкам, рейтинг в таблице"
8065963,unknown,,unknown_mixed,,unknown,unknown,unknown,unknown,unknown,unknown,unknown,unknown,unknown,unknown,unknown,unknown,unknown,unknown,unknown,unknown,unknown,unknown,unknown,low,low,low,yes,шутливое описание без правил; Бабл Квас
8067596,non_puzzle,,memes_pop_culture,,none,no,none,no,no,no,no,no,no,no,no,no,no,no,no,no,no,no,no,medium,medium,high,no,"стеклянный мост из игры в кальмара, не упади в пропасть"
8068727,non_puzzle,,romance_love,,none,no,pvp_tournament,no,no,no,no,no,no,no,no,no,no,no,no,no,no,no,no,high,high,high,no,"любовь и поцелуи: выбирай игроков, рейтинги, ди-джей"
8086555,block_hexa,,abstract,,none,no,none,no,no,no,no,no,no,no,no,no,no,no,no,no,no,no,no,high,high,high,no,"размещай блоки, собирай линии, 1000 очков, рекорды"
8090659,non_puzzle,,vehicles,,none,no,none,no,no,no,no,no,no,no,no,no,no,no,no,no,no,no,no,high,medium,high,no,"Стикмен на велосипеде в гору, батарейки, дольше всех"
8091249,tile_match,,magic_fantasy,,none,no,none,no,no,no,no,no,no,no,no,no,no,no,no,no,no,no,no,high,medium,high,no,"как маджонг-пасьянс, но собирай по 3 кости с драконами"
8098757,match3,,detective_mystery,,none,no,none,no,no,no,no,no,no,no,no,no,no,no,no,no,no,no,no,high,medium,high,no,"передвигай кристаллы три в ряд, секреты замка, 5000 уровней"
8110149,non_puzzle,,magic_fantasy,,core,no,rpg_progression,no,no,no,no,no,no,no,no,no,no,no,no,no,no,no,no,high,high,high,no,"карточная RPG: собери отряд, монстры, арена, кланы"
8114033,other_puzzle,,monsters_combat,,none,no,none,no,no,no,no,no,no,no,no,no,no,no,no,no,no,no,no,medium,medium,high,no,"лопай пузыри пока не вылупились монстры, иначе конец"
8116857,non_puzzle,,magic_fantasy,,none,no,none,no,no,no,no,no,no,no,no,no,no,no,no,no,no,no,no,medium,medium,high,no,"мир огнедышащих драконов, приручи героя; правил нет"
8118150,other_puzzle,,cute_animals,,none,no,none,no,no,no,no,no,no,no,no,no,no,no,no,no,no,no,no,high,medium,high,no,"передвижение предметов на заданные позиции, уровни, рейтинг"
8119662,other_puzzle,,realistic_neutral,,none,no,none,no,no,no,no,no,no,no,no,no,no,no,no,no,no,no,no,high,medium,high,no,классические головоломки со спичками: добавляй и двигай
8120291,match3,,food_household,,none,no,none,no,no,no,no,no,no,no,no,no,no,no,no,no,no,no,no,high,high,high,no,"собирайте сладости три в ряд, таблица лидеров"
8122822,non_puzzle,,magic_fantasy,treasure_adventure,core,no,rpg_progression,no,no,no,no,no,no,no,no,no,no,no,no,no,no,no,no,high,medium,medium,no,"платформер: прыжки, монеты, сокровища, враги, 3 персонажа"
8127512,match3,,cute_animals,,none,no,none,no,no,no,no,no,no,no,no,no,no,no,no,no,no,no,no,high,high,high,no,"освобождай животных, уничтожай ящики, бустеры, зоопарк"
8130185,hidden_object,,unknown_mixed,,none,no,none,no,no,no,no,no,no,no,no,no,no,no,no,no,no,no,no,high,medium,high,no,"найди различия между картинками, 30 уровней, без соревнований"
8131075,merge,,abstract,,none,no,none,no,no,no,no,no,no,no,no,no,no,no,no,no,no,no,no,high,high,high,no,"поле 4х4, два одинаковых блока складываются в большее, цель 2048"
8132541,non_puzzle,,vehicles,,none,no,none,no,no,no,no,no,no,no,no,no,no,no,no,no,no,no,no,high,high,high,no,"мотоцикл: обгони противников, стань чемпионом"
8133714,match3,,magic_fantasy,,core,no,rpg_progression,no,no,no,no,no,no,no,no,no,no,no,no,no,no,no,no,medium,medium,medium,yes,"жанр Three in a row, но описание про сражения и монстров"
8134740,match3,,magic_fantasy,home_renovation,none,no,none,no,no,no,no,no,no,no,no,no,no,no,no,no,no,no,no,high,medium,high,no,"три в ряд с сюжетом; Софи, конкурс дизайнеров, сказка"
8135374,merge,,food_household,,none,no,other,no,no,no,no,no,no,no,no,no,no,no,no,no,no,no,no,high,high,high,no,"объединяй элементы, улучшай рестораны, вкусная империя"
8136750,match3,,abstract,,none,no,none,no,no,no,no,no,no,no,no,no,no,no,no,no,no,no,no,medium,high,high,no,"совмести блоки одного цвета, следующая строка, время ограничено"
8136752,other_puzzle,,abstract,,none,no,none,no,no,no,no,no,no,no,no,no,no,no,no,no,no,no,no,medium,medium,high,no,помести плитки перетаскивая опуская вращая; правил мало
8138875,other_puzzle,,abstract,,none,no,none,no,no,no,no,no,no,no,no,no,no,no,no,no,no,no,no,high,medium,high,no,Ханойская башня 1883: переноси пирамиду по одному блоку
8139366,match3,,abstract,,none,no,pvp_tournament,no,no,no,no,no,no,no,no,no,no,no,no,no,no,no,no,high,high,high,no,"рисковый три в ряд онлайн: дуэли и чемпионат, одиночный риск"
8140587,other_puzzle,,abstract,,none,no,none,no,no,no,no,no,no,no,no,no,no,no,no,no,no,no,no,medium,high,high,no,соединяй точки с одинаковыми числами пока возможно
8140601,hidden_object,,unknown_mixed,,none,no,none,no,no,no,no,no,no,no,no,no,no,no,no,no,no,no,no,high,medium,high,no,"два изображения, найди все отличия, время ограничено"
8143757,merge,,abstract,,none,no,none,no,no,no,no,no,no,no,no,no,no,no,no,no,no,no,no,medium,medium,high,no,"Защитник 2048: построй защиту блоков, набирай очки"
8146064,bubble_shooter,,abstract,,none,no,none,no,no,no,no,no,no,no,no,no,no,no,no,no,no,no,no,high,high,high,no,целься подбирай цвета лопай пузыри; тур по стрельбе из пузырей
8146065,non_puzzle,,monsters_combat,,core,no,none,no,no,no,no,no,no,no,no,no,no,no,no,no,no,no,no,medium,medium,high,no,"защита башни, слияние и стратегия против монстров загрязнения"
8148705,merge,,monsters_combat,,core,no,rpg_progression,no,no,no,no,no,no,no,no,no,no,no,no,no,no,no,no,high,medium,medium,no,соединяй предметы в мастерской; автобои 30 сек против монстров
8152342,other_puzzle,,monsters_combat,,cosmetic,no,none,no,no,no,no,no,no,no,no,no,no,no,no,no,no,no,no,high,medium,medium,no,нарисуй путь и оружие пройдет его; победи каждого врага
8154680,other_puzzle,,cute_animals,,none,no,none,no,no,no,no,no,no,no,no,no,no,no,no,no,no,no,no,medium,medium,high,no,пони заблудились в лесу; встретиться в центре по отражению
8156408,non_puzzle,,vehicles,,core,no,none,no,no,no,no,no,no,no,no,no,no,no,no,no,no,no,no,high,high,high,no,"танковый экшен: выбери танк, миссии, уничтожай противников"
8161279,merge,,abstract,,none,no,none,no,unknown,unknown,unknown,unknown,unknown,unknown,unknown,unknown,unknown,unknown,unknown,unknown,unknown,unknown,unknown,medium,medium,low,yes,"Шарики 2048: двигайся и стреляй, не дай шарам опуститься"
8167287,picture_reveal,,unknown_mixed,,none,no,none,no,no,no,no,no,no,no,no,no,no,no,no,no,no,no,no,medium,medium,high,no,"простой пазл для детей и расслабления, множество уровней"
8167395,block_hexa,,abstract,,none,no,none,no,no,no,no,no,no,no,no,no,no,no,no,no,no,no,no,high,high,high,no,"падающие фигуры, взрывай линии, очищай поле, тетрис"
8168407,non_puzzle,,cute_animals,,none,no,other,no,no,no,no,no,no,no,no,no,no,no,no,no,no,no,no,high,medium,high,no,"рыбка ест планктон и рыб, растет, лавка, помощники, хищники"
8168881,tile_match,,abstract,,none,no,none,no,no,no,no,no,no,no,no,no,no,no,no,no,no,no,no,high,medium,high,no,"соединяй пары одинаковых плиток, очисти поле до времени"
8174614,bubble_shooter,,magic_fantasy,food_household,none,no,none,no,no,no,no,no,no,no,no,no,no,no,no,no,no,no,no,high,medium,high,no,"кидай шарики в шарики цвета; фея София, похищенные сладости"
8178767,non_puzzle,,magic_fantasy,monsters_combat,core,no,rpg_progression,no,no,no,no,yes,no,no,no,no,no,no,no,no,no,no,no,high,medium,high,no,"пошаговая стратегия РПГ: легионы, магия, сражайся с боссами"
8178866,bubble_shooter,,abstract,,none,no,none,no,no,no,no,no,no,no,no,no,no,no,no,no,no,no,no,high,high,high,no,"стрельба из пузырей, уничтожь все пузыри, три звезды"
8180503,bubble_shooter,,space_scifi,,none,no,rpg_progression,no,no,no,no,no,no,no,no,no,no,no,no,no,no,no,no,high,high,medium,no,"зума: стреляй планетами три в линии; опыт, улучшай крейсер"
8180902,merge,,magic_fantasy,,none,no,other,no,no,no,no,no,no,no,no,no,no,no,no,no,no,no,no,high,high,high,no,"совмещай предметы, открывай территории; сказки, тайна леса"
8183676,non_puzzle,,abstract,,none,no,none,no,no,no,no,no,no,no,no,no,no,no,no,no,no,no,no,medium,medium,high,no,"реакция и лабиринт: только ускоряйся, препятствия, очки"
8185383,other_puzzle,,vehicles,,none,no,none,no,no,no,no,no,no,no,no,no,no,no,no,no,no,no,no,high,medium,high,no,"нарисуй путь среди врагов, 30 уровней, карьера летчика"
8192045,other_puzzle,,realistic_neutral,,none,no,none,no,no,no,no,no,no,no,no,no,no,no,no,no,no,no,no,high,medium,high,no,"соединяй трубы в водопровод через приборы, 2048 уровней"
8192572,other_puzzle,,abstract,,none,no,none,no,no,no,no,no,no,no,no,no,no,no,no,no,no,no,no,high,medium,high,no,физический лабиринт: проходи уровни избегая препятствий
8192587,non_puzzle,,farm_garden,,none,no,none,no,no,no,no,no,no,no,no,no,no,no,no,no,no,no,no,high,high,high,no,"фермерские будни: расширяй ферму, приключения"
8195557,tile_match,,magic_fantasy,,none,no,none,no,no,no,no,no,no,no,no,no,no,no,no,no,no,no,no,high,medium,high,no,"найди пару изображений мифических существ, меньше ходов"
8196494,merge,,abstract,,none,no,none,no,no,no,no,no,no,no,no,no,no,no,no,no,no,no,no,medium,high,high,no,2048 в виде тетриса; правил в описании нет
8198791,other_puzzle,,vehicles,,none,no,none,no,no,no,no,no,no,no,no,no,no,no,no,no,no,no,no,high,medium,high,no,"физика: открывай воронку с шариками, загрузи трак, рейтинг"
8200288,word,,realistic_neutral,,none,no,none,no,no,no,no,no,no,no,no,no,no,no,no,no,no,no,no,high,medium,high,no,"ищи спрятанные слова среди башен, кубики с буквами"
8205529,word,,realistic_neutral,,none,no,none,no,no,no,no,no,no,no,no,no,no,no,no,no,no,no,no,high,medium,high,no,"соединяй пальцем буквы, отыскай слова, топ рейтинга"
8205706,other_puzzle,,abstract,,none,no,none,no,no,no,no,no,no,no,no,no,no,no,no,no,no,no,no,high,medium,high,no,"переворачивай кружку с шариками, выход из лабиринта, физика"
8207300,merge,,magic_fantasy,,none,no,other,no,no,no,no,no,no,no,no,no,no,no,no,no,no,no,no,high,high,high,no,"соединяй драконов и единорогов, поле слияния, квесты"
8207380,sort,,food_household,,none,no,none,no,no,no,no,no,no,no,no,no,no,no,no,no,no,no,no,medium,high,high,no,"конфетки перепутались, сортируй быстрее соперника"
8208075,unknown,,memes_pop_culture,,unknown,unknown,unknown,unknown,unknown,unknown,unknown,unknown,unknown,unknown,unknown,unknown,unknown,unknown,unknown,unknown,unknown,unknown,unknown,low,medium,low,yes,Турнир Кальмара: двери открыты; правил нет
8208360,tabletop,,realistic_neutral,,none,no,none,no,no,no,no,no,no,no,no,no,no,no,no,no,no,no,no,medium,medium,high,no,старинная филиппинская игра Тапатан в стратегической обертке
8208647,merge,,abstract,,none,no,none,no,unknown,unknown,unknown,unknown,unknown,unknown,unknown,unknown,unknown,unknown,unknown,unknown,unknown,unknown,unknown,medium,medium,low,yes,2048 шутер с цифрами и физикой кубиков; детали стрельбы неясны
8209667,other_puzzle,,abstract,,none,no,none,no,no,no,no,no,no,no,no,no,no,no,no,no,no,no,no,high,high,high,no,"соединяй точки цвета линией на все клетки, тысячи уровней"
8210759,other_puzzle,,realistic_neutral,,none,no,none,no,no,no,no,no,no,no,no,no,no,no,no,no,no,no,no,high,medium,high,no,нарисуй линию чтобы наполнить стакан жидкостью
8211361,merge,,monsters_combat,,core,no,none,no,no,no,no,no,no,no,no,no,no,no,no,no,no,no,no,high,medium,medium,no,"объединяй юнитов, улучшай армию, автобои с врагами"
8211367,tile_match,,unknown_mixed,,none,no,none,no,no,no,no,no,no,no,no,no,no,no,no,no,no,no,no,high,medium,high,no,"поиск одинаковых пар, уровни на мозг и память"
8211681,match3,,magic_fantasy,,none,no,none,no,no,no,no,no,no,no,no,no,no,no,no,no,no,no,no,high,medium,high,no,"три в ряд, сокровища и кристаллы, мистический цирк"
8212672,merge,,abstract,,none,no,none,no,no,no,no,no,no,no,no,no,no,no,no,no,no,no,no,medium,medium,high,yes,"Слияние 248 в названии, но жанр Three in a row; правил нет"
8215335,picture_reveal,,farm_garden,,none,no,none,no,no,no,no,no,no,no,no,no,no,no,no,no,no,no,no,high,medium,high,no,"собрать красочные пазлы, картинка-подсказка, цветы"
8215960,match3,,romance_love,,none,no,none,no,no,no,no,no,no,no,no,no,no,no,no,no,no,no,no,medium,medium,high,no,"жанр Three in a row; Хлоя, жених, Голливуд, беременность"
8216701,other_puzzle,,abstract,,none,no,none,no,no,no,no,no,no,no,no,no,no,no,no,no,no,no,no,high,medium,high,no,"пройди лабиринт к выходу, бонусы, враги и ловушки"
8217691,tile_match,,realistic_neutral,,none,no,none,no,no,no,no,no,no,no,no,no,no,no,no,no,no,no,no,high,medium,high,no,"как маджонг-пасьянс, но по 3 кости с японскими кланами"
8218814,merge,,abstract,,none,no,none,no,no,no,no,no,no,no,no,no,no,no,no,no,no,no,no,medium,high,high,no,"соединяй блоки 2048, набери больше очков"
8219742,other_puzzle,,abstract,,none,no,none,no,no,no,no,no,no,no,no,no,no,no,no,no,no,no,no,medium,medium,high,no,"физические задачи с цветными шарами, 6 уровней онлайн"
8219783,match3,,abstract,,none,no,none,no,no,no,no,no,no,no,no,no,no,no,no,no,no,no,no,high,high,high,no,"три кольца цвета в ряд на доске 3х3, кольца исчезают"
8220335,other_puzzle,,abstract,,none,no,none,no,no,no,no,no,no,no,no,no,no,no,no,no,no,no,no,high,medium,high,no,"цепная реакция уничтожит коробки; дерево 1 клик, камень 4"
8220556,other_puzzle,,abstract,,none,no,none,no,no,no,no,no,no,no,no,no,no,no,no,no,no,no,no,high,medium,high,no,"прохождение лабиринта, собери плитки быстрым путем"
8221441,other_puzzle,,realistic_neutral,,core,no,none,no,no,no,no,no,no,no,no,no,no,no,no,no,no,no,no,medium,medium,high,no,головоломка меткой стрельбы: хитмэн устраняет врагов
8222423,other_puzzle,,romance_love,treasure_adventure,none,no,none,no,no,no,no,no,no,no,no,no,no,no,no,no,no,no,no,medium,medium,high,no,"головоломки на игле, спаси героя, принцесса и сокровища"
8222424,non_puzzle,,realistic_neutral,,none,no,none,no,no,no,no,no,no,no,no,no,no,no,no,no,no,no,no,medium,medium,high,no,"одень девушку: костюмы и стили, собственная кукла"
8222429,non_puzzle,,vehicles,,core,no,rpg_progression,no,no,no,no,no,no,no,no,no,no,no,no,no,no,no,no,high,medium,medium,no,зенитная пушка: повышай уровень уничтожая врагов
8222431,bubble_shooter,,abstract,,none,no,none,no,no,no,no,no,no,no,no,no,no,no,no,no,no,no,no,high,high,high,no,нажимай чтобы стрелять шариками и лопать шарики цвета
8222433,non_puzzle,,abstract,,none,no,none,no,no,no,no,no,no,no,no,no,no,no,no,no,no,no,no,medium,medium,high,no,наступай на шарики того же цвета что и ты; расслабляющая
8227650,match3,,treasure_adventure,,none,no,none,no,no,no,no,no,no,no,no,no,no,no,no,no,no,no,no,high,high,high,no,"меняй кристаллы три в ряд; Енот, остров пиратов, сокровища"
8228407,match3,,farm_garden,magic_fantasy,none,no,none,no,no,no,no,no,no,no,no,no,no,no,no,no,no,no,no,high,medium,high,no,"фишки 3-в-ряд, Цветочная Фея, 7000 уровней"
8229135,match3,,food_household,,none,no,none,no,no,no,no,no,no,no,no,no,no,no,no,no,no,no,no,high,medium,high,no,"классическая игра три в ряд, Долина конфет"
18343194,non_puzzle,,vehicles,,none,no,none,no,no,no,no,no,no,no,no,no,no,no,no,no,no,no,no,high,high,high,no,"вождение внедорожника: акселератор, холмы и грязь"
18487570,non_puzzle,,unknown_mixed,,none,no,none,no,no,no,no,no,no,no,no,no,no,no,no,no,no,no,no,medium,medium,high,no,"проведи пальцем чтобы нарезать все, мастер нарезки"
19163417,bubble_shooter,,abstract,,none,no,none,no,no,no,no,no,no,no,no,no,no,no,no,no,no,no,no,high,high,high,no,"зума: поверни камень, запусти, уничтожь три одного цвета"
51394394,picture_reveal,,magic_fantasy,,none,no,none,no,no,no,no,no,no,no,no,no,no,no,no,no,no,no,no,medium,medium,high,no,"составь фигуру из фрагментов, 50 уровней, драконы"
51397295,non_puzzle,,abstract,,none,no,none,no,no,no,no,no,no,no,no,no,no,no,no,no,no,no,no,medium,medium,high,yes,"название 2048, но правило пролети дальше; несоответствие"
51397340,merge,,abstract,,none,no,none,no,no,no,no,no,no,no,no,no,no,no,no,no,no,no,no,high,high,high,no,"2048 и тетрис: столбец роняет блок, одинаковые объединяются"
51399364,other_puzzle,,abstract,,none,no,none,no,no,no,no,no,no,no,no,no,no,no,no,no,no,no,no,high,high,high,no,"судоку 9х9, 4 сложности, подсказки, темы, таймер"
51411960,match3,,magic_fantasy,,core,no,rpg_progression,no,no,no,no,no,no,no,no,no,no,no,no,no,no,no,yes,high,high,high,no,рунные камни три в ряд; магия огня яда мороза молнии; бой с монстрами
51414631,quiz_trivia,,food_household,,none,no,collection,no,no,no,no,no,no,no,no,no,no,no,no,no,no,no,no,high,medium,medium,no,"викторина Что за фрукт, вопросы про фрукты, коллекция персонажей"
51415023,other_puzzle,,abstract,,none,no,none,no,no,no,no,no,no,no,no,no,no,no,no,no,no,no,no,medium,medium,high,no,"лопай шары; жанр Three in a row, но правил матча нет"
51417437,tabletop,,realistic_neutral,,none,no,none,no,no,no,no,no,no,no,no,no,no,no,no,no,no,no,no,high,medium,high,no,дурак классический с реальными соперниками
51418006,other_puzzle,,realistic_neutral,,none,no,none,no,no,no,no,no,no,no,no,no,no,no,no,no,no,no,no,medium,medium,high,no,"разрежь дерево в спираль, уничтожь препятствия"
51418008,non_puzzle,,abstract,,none,no,none,no,no,no,no,no,no,no,no,no,no,no,no,no,no,no,no,medium,medium,high,no,"скользи влево-вправо, избегай препятствий, толкай шары"
51418014,match3,,farm_garden,,none,no,none,no,no,no,no,no,no,no,no,no,no,no,no,no,no,no,no,high,medium,high,no,"цветы 3+ в рядах горизонтали и вертикали, сад"
51418015,non_puzzle,,food_household,,none,no,none,no,no,no,no,no,no,no,no,no,no,no,no,no,no,no,no,high,low,high,no,"управляй змеей чтобы съесть яблоко, уровни"
51418021,match3,,abstract,,none,no,none,no,no,no,no,no,no,no,no,no,no,no,no,no,no,no,no,high,medium,high,no,"собери и уничтожь 3 одинаковых блока, очисти уровень"
51418036,non_puzzle,,abstract,,none,no,none,no,no,no,no,no,no,no,no,no,no,no,no,no,no,no,no,medium,medium,high,no,"избегай препятствий, собери ластики, стань больше"
51418333,non_puzzle,,realistic_neutral,,none,no,none,no,no,no,no,no,no,no,no,no,no,no,no,no,no,no,no,medium,low,high,no,жанр Gambling; только Фортуна любит смелых
51418493,word,,realistic_neutral,,none,no,none,no,no,no,no,no,no,no,no,no,no,no,no,no,no,no,no,high,medium,high,no,"слова из слова: быстрый и медленный режимы, свое слово"
51420108,merge,,abstract,,none,no,none,no,no,no,no,no,no,no,no,no,no,no,no,no,no,no,no,medium,high,high,no,"2048 и тетрис, Шарики; правил в описании нет"
51420554,hidden_object,,unknown_mixed,,none,no,pvp_tournament,no,no,no,no,no,no,no,no,no,no,no,no,no,no,no,no,medium,medium,high,no,"Поиск Предметов в названии; брось вызов друзьям, дуэль"
51421668,merge,,abstract,,none,no,none,no,no,no,no,no,no,no,no,no,no,no,no,no,no,no,no,high,high,high,no,2048 с физикой: опусти число и объедини с тем же номером
51427204,other_puzzle,,realistic_neutral,,core,no,none,no,no,no,no,no,no,no,no,no,no,no,no,no,no,no,no,medium,medium,high,no,"головоломка со стрельбой: разбей бутылки, уничтожь врагов"
51433539,match3,,horror,,none,no,none,no,no,no,no,no,no,no,no,no,no,no,no,no,no,no,no,high,medium,high,no,"три в ряд для Хэллоуина, графика и музыка, вызов друзьям"
51435642,picture_reveal,other_puzzle,horror,,none,no,none,no,no,no,no,no,no,no,no,no,no,no,no,no,no,no,no,medium,medium,high,no,"сдвинь плитки чтобы собрать картинку, доски до 10х10"
51437963,non_puzzle,,horror,,none,no,none,no,no,no,no,no,no,no,no,no,no,no,no,no,no,no,no,medium,medium,high,no,коснись чтобы прыгнуть на зомби; избегай шипов
51440258,match3,,cute_animals,food_household,none,no,none,no,no,no,no,no,no,no,no,no,no,no,no,no,no,no,no,high,medium,high,no,"собери сладости 3-5 в ряд, Милая Панда, 40 уровней"
51442884,non_puzzle,,realistic_neutral,,none,no,none,no,no,no,no,no,no,no,no,no,no,no,no,no,no,no,no,high,medium,high,no,"слоты Три Семерки: классика залов, бонусы, 50000 монет"
51443821,unknown,,unknown_mixed,,unknown,unknown,unknown,unknown,unknown,unknown,unknown,unknown,unknown,unknown,unknown,unknown,unknown,unknown,unknown,unknown,unknown,unknown,unknown,low,low,low,yes,пустое описание
51449726,tile_match,,treasure_adventure,,none,no,none,no,no,no,no,no,no,no,no,no,no,no,no,no,no,no,no,medium,medium,high,no,"остров и сокровища, тренируй память, уровни и предметы"
51450244,non_puzzle,,realistic_neutral,,none,no,none,no,no,no,no,no,no,no,no,no,no,no,no,no,no,no,no,medium,medium,high,no,"симулятор игрушек: разбери, покрась, собери"
51450245,non_puzzle,,realistic_neutral,,core,no,none,no,no,no,no,no,no,no,no,no,no,no,no,no,no,no,no,medium,medium,high,no,нажми на цель чтобы выстрелить
51450265,tile_match,,food_household,,none,no,none,no,no,no,no,no,no,no,no,no,no,no,no,no,no,no,no,high,high,high,no,сопоставь пары фруктов 3 или меньше линиями на время
51450266,unknown,,treasure_adventure,,unknown,unknown,unknown,unknown,unknown,unknown,unknown,unknown,unknown,unknown,unknown,unknown,unknown,unknown,unknown,unknown,unknown,unknown,unknown,low,medium,low,yes,Bubble Bobble; инновации и цели без правил; джунгли
51450267,bubble_shooter,,cute_animals,,none,no,none,no,no,no,no,no,no,no,no,no,no,no,no,no,no,no,no,high,medium,high,no,"зума: очисти шарики до конца пути, комбо, Цыпленок"
51450268,match3,,food_household,,none,no,none,no,no,no,no,no,no,no,no,no,no,no,no,no,no,no,no,high,high,high,no,"убери 3 конфеты перемещая, задания уровней, 3D"
51450276,non_puzzle,,food_household,,none,no,none,no,no,no,no,no,no,no,no,no,no,no,no,no,no,no,no,medium,medium,high,no,"фигура на время: гамбургеры полнят, огурцы стройнят"
51450966,merge,,abstract,magic_fantasy,none,no,none,no,no,no,no,no,no,no,no,no,no,no,no,no,no,no,no,high,medium,high,no,соедини одинаковые в улучшенный; магия лишь в названии
51451060,non_puzzle,,vehicles,,core,no,rpg_progression,no,no,no,no,yes,no,no,no,no,no,no,no,no,no,no,no,high,high,high,no,"танковый бой: улучшай танк, уничтожай врагов и боссов"
51453768,merge,,abstract,,none,no,none,no,no,no,no,no,no,no,no,no,no,no,no,no,no,no,no,high,high,high,no,"Матч 4: сопоставь 4 номера плиток, складываются"
51453905,match3,,treasure_adventure,,none,no,none,no,no,no,no,no,no,no,no,no,no,no,no,no,no,no,no,high,high,high,no,"кристаллы три в ряд, сокровища, жемчужная пещера, 5000 уровней"
51453978,merge,,abstract,,none,no,none,no,no,no,no,no,no,no,no,no,no,no,no,no,no,no,no,high,high,high,no,"2048 кликер и тетрис, объединяй ячейки, следи за ходами"
51455776,match3,,magic_fantasy,,none,no,other,no,no,no,no,no,no,no,no,no,no,no,no,no,no,no,no,high,high,high,no,"собери три; алхимик варит зелья, рецепты, задания людей"
51459766,quiz_trivia,,realistic_neutral,,none,no,collection,no,no,no,no,no,no,no,no,no,no,no,no,no,no,no,no,high,medium,medium,no,"викторина Кто Это: знаменитые люди, коллекция персонажей"
51466499,other_puzzle,,abstract,,none,no,none,no,no,no,no,no,no,no,no,no,no,no,no,no,no,no,no,high,high,high,no,"Ханойская башня: разложи обручи по цветам, 100 уровней"
51468424,merge,,abstract,,none,no,pvp_tournament,no,no,no,no,no,no,no,no,no,no,no,no,no,no,no,no,high,high,high,no,"головоломка 2048, соревнуйся, рекорды, таблица лидеров"
51470385,match3,,abstract,,none,no,none,no,no,no,no,no,no,no,no,no,no,no,no,no,no,no,no,high,high,high,no,"удали 2+ рядом стоящих шаров цвета, очисти все поле"
51470914,arrow_tapaway,,abstract,,none,no,none,yes,yes,unknown,unknown,unknown,yes,yes,unknown,unknown,unknown,unknown,unknown,unknown,unknown,unknown,unknown,high,medium,medium,no,нажимай кубики вылетают по стрелкам; меняй направление вылета
51471577,quiz_trivia,,food_household,,none,no,collection,no,no,no,no,no,no,no,no,no,no,no,no,no,no,no,no,high,medium,medium,no,"викторина Вкусная еда: кухни мира, коллекция персонажей"
51471581,quiz_trivia,,vehicles,,none,no,collection,no,no,no,no,no,no,no,no,no,no,no,no,no,no,no,no,high,medium,medium,no,"викторина Автомобили России и СССР, коллекция персонажей"
51471584,quiz_trivia,,vehicles,,none,no,none,no,no,no,no,no,no,no,no,no,no,no,no,no,no,no,no,high,medium,high,no,"викторина Тест ПДД, подготовка к экзамену ГИБДД"
51473464,match3,,magic_fantasy,,none,no,none,no,no,no,no,no,no,no,no,no,no,no,no,no,no,no,no,high,medium,high,no,мод Skydom: три в ряд с уникальными режимами
51475309,sort,,abstract,,none,no,none,no,no,no,no,no,no,no,no,no,no,no,no,no,no,no,no,high,high,high,no,"шарики перемешались, выстави по цветам, уровни и сложность"
51477963,hidden_object,,home_renovation,romance_love,none,no,renovation_story,no,no,no,no,no,no,no,no,no,no,no,no,no,no,no,no,high,medium,medium,no,"поиск отличий; звезды на восстановление виллы, Алиса и отпуск"
51480216,non_puzzle,,memes_pop_culture,,none,no,idle_economy,no,no,no,no,no,no,no,no,no,no,no,no,no,no,no,no,medium,medium,medium,no,"клики и монеты с друзьями, персонажи, нуби-атмосфера"
51485348,merge,,abstract,,none,no,none,no,no,no,no,no,no,no,no,no,no,no,no,no,no,no,no,high,high,high,no,"кликни рядом стоящие квадратики, объедини в удвоенный"
51486561,non_puzzle,,romance_love,,none,no,none,no,no,no,no,no,no,no,no,no,no,no,no,no,no,no,no,medium,high,high,no,"Венди организатор свадеб, соединяет любящие сердца; правил нет"
51487474,match3,,magic_fantasy,,cosmetic,no,other,no,no,no,no,no,no,no,no,no,no,no,no,no,no,no,no,medium,medium,medium,no,"жанр Three in a row; герои, цитадель, три в ряд битвы"
51488918,tile_match,,food_household,,none,no,other,no,no,no,no,no,no,no,no,no,no,no,no,no,no,no,no,medium,high,high,no,"кухонный маджонг; рецепты, заказы, монеты, рейтинг кафе"
51489675,non_puzzle,,realistic_neutral,,cosmetic,no,none,no,no,no,no,no,no,no,no,no,no,no,no,no,no,no,no,medium,medium,high,no,"грабь соседей, вырасти елку, прокачай снеговика"
51492084,non_puzzle,,space_scifi,,core,no,pvp_tournament,no,no,no,no,no,no,no,no,no,no,no,no,no,no,no,no,high,high,high,no,"космическая стратегия: юниты, миссии, PVP, база на астероидах"
51492505,picture_reveal,other_puzzle,realistic_neutral,,none,no,none,no,no,no,no,no,no,no,no,no,no,no,no,no,no,no,no,medium,medium,high,no,раздвижная головоломка: двигай блоки собери рождественскую картинку
51492686,other_puzzle,,abstract,,none,no,none,no,no,no,no,no,no,no,no,no,no,no,no,no,no,no,no,high,high,high,no,Линии Шарики 98: цепочки из 5+ по горизонтали и диагонали
51493041,match3,,cute_animals,,none,no,none,no,no,no,no,no,no,no,no,no,no,no,no,no,no,no,no,medium,high,high,no,"жанр Three in a row; милые животные, реквизит, соревнования"
51493047,non_puzzle,,magic_fantasy,,none,no,collection,no,no,no,no,no,no,no,no,no,no,no,no,no,no,no,no,medium,high,medium,no,"остров с драконами: ресурсы, разведение, коллекция, квесты"
51493080,non_puzzle,,unknown_mixed,,none,no,none,no,no,no,no,no,no,no,no,no,no,no,no,no,no,no,no,medium,medium,high,no,"собирай плитки, проложи дорогу, не упади в воду, скины"
51493082,non_puzzle,,realistic_neutral,,none,no,none,no,no,no,no,no,no,no,no,no,no,no,no,no,no,no,no,high,medium,high,no,"раннер на каблуках: препятствия, перила, подиум"
51493083,other_puzzle,,realistic_neutral,,none,no,none,no,no,no,no,no,no,no,no,no,no,no,no,no,no,no,no,medium,medium,high,no,"память и скорость рук, выбери рисунок, столкни противника"
51493084,other_puzzle,,abstract,,none,no,none,no,no,no,no,no,no,no,no,no,no,no,no,no,no,no,no,medium,medium,high,no,"длина веревки чтобы поймать мяч, золотые монеты"
51495317,tile_match,,abstract,,none,no,none,no,no,no,no,no,no,no,no,no,no,no,no,no,no,no,no,high,medium,high,no,маджонг и матч-3: собирайте по 3 одинаковых плитки
51495445,picture_reveal,,abstract,,none,no,none,no,no,no,no,no,no,no,no,no,no,no,no,no,no,no,no,medium,medium,high,no,ежедневная раскраска: простое путешествие художника
51495570,merge,,abstract,,none,no,none,no,no,no,no,no,no,no,no,no,no,no,no,no,no,no,no,high,high,high,no,"перемещай числа, одинаковые встречаются, синтезируй предел"
51495581,bubble_shooter,,abstract,,none,no,none,no,no,no,no,no,no,no,no,no,no,no,no,no,no,no,no,high,high,high,no,"стрелялки: сопоставь 3, стреляй и лопай пузыри"
51495585,other_puzzle,,abstract,,none,no,none,no,no,no,no,no,yes,no,no,no,no,no,no,yes,no,no,no,high,high,medium,no,"угол запуска, шарики прыгают между кирпичами с числами ударов"
51495586,non_puzzle,,realistic_neutral,,core,no,none,no,no,no,no,no,no,no,no,no,no,no,no,no,no,no,no,high,medium,high,no,"вертолетная 3D стрелялка: миссии, пулемет, преступники"
51496813,match3,,abstract,,none,no,none,no,no,no,no,no,no,no,no,no,no,no,no,no,no,no,no,high,high,high,no,три в ряд: собери и взорви драгоценные камни
51499101,merge,,food_household,,none,no,none,no,no,no,no,no,no,no,no,no,no,no,no,no,no,no,no,high,medium,high,no,"вариант 2048: собирай тортики вместо цифр, бустеры"
51499386,other_puzzle,,abstract,,none,no,none,no,no,no,no,no,no,no,no,no,no,no,no,no,no,no,no,medium,medium,high,no,"числовая логика: собери фишки с очками 0-21, без случайностей"
51505551,non_puzzle,,memes_pop_culture,horror,core,no,none,no,no,no,no,no,no,no,no,no,no,no,no,no,no,no,no,medium,medium,high,no,Нубик с пистолетом охотится на зомби и скелетов
51509066,merge,,abstract,,none,no,none,no,no,no,no,no,no,no,no,no,no,no,no,no,no,no,no,medium,high,high,no,"2048 и Пасьянс: комбинации как в 2048, уровни"
51517117,sort,,abstract,,none,no,none,no,no,no,no,no,no,no,no,no,no,no,no,no,no,no,no,high,high,high,no,Water Sort: цветная вода в стаканах по одному цвету
51522674,block_hexa,,abstract,,none,no,none,no,no,no,no,no,no,no,no,no,no,no,no,no,no,no,no,high,high,high,no,"блоки на доске 9х9, линии и квадраты, судоку-элементы"
51522679,block_hexa,,abstract,,none,no,none,no,no,no,no,no,no,no,no,no,no,no,no,no,no,no,no,high,high,high,no,заполни поле падающими кристаллами фигур жестами
51523379,other_puzzle,,abstract,,none,no,none,no,no,no,no,no,yes,no,no,no,no,no,yes,no,yes,no,no,high,high,medium,no,разбивай блоки выстрелом и рикошетом; много шариков и суперудар
51524227,other_puzzle,,abstract,,none,no,none,no,no,no,no,no,no,no,no,no,no,no,no,no,no,no,no,high,high,high,no,шаром закрась плитки лабиринта; стрелки-клавиши лишь управление
51524312,non_puzzle,,romance_love,,none,no,other,no,no,no,no,no,no,no,no,no,no,no,no,no,no,no,no,high,medium,high,no,Правда или Действие с друзьями и знакомствами
51524476,merge,,abstract,,none,no,none,no,no,no,no,no,no,no,no,no,no,no,no,no,no,no,no,high,high,high,no,"2048 и тетрис: числа падают, объединяй, держи стакан чистым"
51527512,match3,,horror,romance_love,none,no,none,no,no,no,no,no,no,no,no,no,no,no,no,no,no,no,no,high,medium,high,no,три в ряд; вампирское романтическое приключение
51528039,unknown,,space_scifi,,unknown,unknown,unknown,unknown,unknown,unknown,unknown,unknown,unknown,unknown,unknown,unknown,unknown,unknown,unknown,unknown,unknown,unknown,unknown,low,medium,low,yes,только классическая игра на рейтинг; правил нет
51528946,picture_reveal,,magic_fantasy,,none,no,none,no,no,no,no,no,no,no,no,no,no,no,no,no,no,no,no,medium,high,high,no,собери пазлы и оживи сказочных героев
51530048,other_puzzle,,realistic_neutral,,none,no,none,no,no,no,no,no,no,no,no,no,no,no,no,no,no,no,no,high,medium,high,no,"жми плитки с трубами, проведи жидкость, водопровод на острове"
51530810,other_puzzle,,detective_mystery,romance_love,none,no,none,no,no,no,no,no,no,no,no,no,no,no,no,no,no,no,no,high,medium,high,no,"100 дверей и побег: тайна поместья, скрытые предметы"
51531575,non_puzzle,,treasure_adventure,monsters_combat,unknown,unknown,none,no,unknown,unknown,unknown,unknown,unknown,unknown,unknown,unknown,unknown,unknown,unknown,unknown,unknown,unknown,unknown,medium,medium,low,yes,уровни с монстрами и сокровищами; добудь 3 артефакта
51533334,sort,,abstract,,none,no,none,no,no,no,no,no,no,no,no,no,no,no,no,no,no,no,no,high,high,high,no,"рассортируй шарики по трубочкам: подсказки, отмена, шаги"
51536054,non_puzzle,,unknown_mixed,,none,no,none,no,unknown,unknown,unknown,unknown,unknown,unknown,unknown,unknown,unknown,unknown,unknown,unknown,unknown,unknown,unknown,medium,medium,low,yes,запускай пилу режь шарики и пончики в комнате; логика и ловкость
51539269,quiz_trivia,,cute_animals,,none,no,collection,no,no,no,no,no,no,no,no,no,no,no,no,no,no,no,no,high,medium,medium,no,"викторина Кошки: тысячи вопросов, коллекция персонажей"
51540681,non_puzzle,,realistic_neutral,,none,no,none,no,no,no,no,no,no,no,no,no,no,no,no,no,no,no,no,high,medium,high,no,слоты 777 Империя Удачи: бонусы и новые автоматы
51541268,match3,,cute_animals,,none,no,none,no,no,no,no,no,no,no,no,no,no,no,no,no,no,no,no,medium,medium,high,no,"жанр Three in a row; Птичий остров, уровни и персонажи"
51541460,other_puzzle,,abstract,,none,no,none,no,no,no,no,no,no,no,no,no,no,no,no,no,no,no,no,high,high,high,no,"судоку 9х9, 6 сложностей, подсказки, рекорды"
51541524,hidden_object,,magic_fantasy,,none,no,none,no,no,no,no,no,no,no,no,no,no,no,no,no,no,no,no,high,medium,high,no,найди разницу на картинках; Алиса и волшебная страна
51542935,non_puzzle,,food_household,,none,no,none,no,no,no,no,no,no,no,no,no,no,no,no,no,no,no,no,high,high,high,no,"нарезка фруктов одним движением, соки брызгают, 2 режима"
51543281,match3,,food_household,,none,no,none,no,no,no,no,no,no,no,no,no,no,no,no,no,no,no,no,medium,medium,high,no,"жанр Three in a row; доставщик устраняет ингредиенты, режим PK"
51543283,match3,,abstract,,none,no,none,no,no,no,no,no,no,no,no,no,no,no,no,no,no,no,no,high,high,high,no,"устраняй звезды одного цвета, больше звезд выше счет"
51543286,match3,,cute_animals,,none,no,none,no,no,no,no,no,no,no,no,no,no,no,no,no,no,no,no,high,medium,high,no,"три в ряд и выбывание: завершай устранение блоков, животные"
51543289,match3,,abstract,,none,no,none,no,no,no,no,no,no,no,no,no,no,no,no,no,no,no,no,high,high,high,no,"кликай чтобы устранить шарики цвета, больше за раз выше счет"
51543315,merge,,abstract,,none,no,none,no,no,no,no,no,no,no,no,no,no,no,no,no,no,no,no,high,high,high,no,"размещай числа чтобы одинаковые соединились в большее, 2048"
51543319,other_puzzle,,abstract,,none,no,none,no,no,no,no,no,yes,no,no,no,no,no,yes,no,no,no,no,high,high,medium,no,двигай объекты чтобы изменить направление мяча в бочки; пушки
51547704,other_puzzle,,horror,,cosmetic,no,none,no,no,no,no,no,no,no,no,no,no,no,no,no,no,no,no,high,medium,medium,no,проведи линию чтобы убить зомби; оружие и скины
51547981,picture_reveal,,cute_animals,,none,no,none,no,no,no,no,no,no,no,no,no,no,no,no,no,no,no,no,high,medium,high,no,"алмазное рисование по номерам: единороги, торты, галереи"
51548724,merge,,abstract,,none,no,none,no,no,no,no,no,no,no,no,no,no,no,no,no,no,no,no,high,high,high,no,объедини числа рядом чтобы довести до 10; нет комбинаций конец
51549677,merge,,abstract,,none,no,none,no,no,no,no,no,no,no,no,no,no,no,no,no,no,no,no,medium,high,high,no,2048 Сортировка шариков; веселая тренировка ума без правил
51551427,other_puzzle,,abstract,,none,no,none,no,unknown,unknown,unknown,unknown,unknown,unknown,unknown,unknown,unknown,unknown,unknown,unknown,unknown,unknown,unknown,medium,medium,low,yes,одним шаром уничтожь все бокалы; детали полета неясны
51554155,non_puzzle,,memes_pop_culture,,none,no,none,no,no,no,no,no,no,no,no,no,no,no,no,no,no,no,no,medium,high,high,no,"Нубик с бомбами взрывает дома, сундуки и кристаллы"
51554330,match3,,food_household,,none,no,none,no,no,no,no,no,no,no,no,no,no,no,no,no,no,no,no,high,high,high,no,"меняй местами фрукты 3+, реквизит, фрукты и овощи"
51554338,bubble_shooter,,abstract,,none,no,none,no,no,no,no,no,no,no,no,no,no,no,no,no,no,no,no,medium,high,high,no,запускай шары чтобы устранить шары цвета; не приближайся
51554341,match3,,food_household,,none,no,none,no,no,no,no,no,no,no,no,no,no,no,no,no,no,no,no,high,low,high,no,нажми 2+ рядом стоящих одинаковых яйца чтобы устранить
51554350,other_puzzle,,abstract,,none,no,none,no,no,no,no,no,no,no,no,no,no,no,no,no,no,no,no,high,medium,high,no,"кати шар сквозь слои препятствий и лабиринтов, монеты"
51554432,match3,,home_renovation,romance_love,none,no,renovation_story,no,no,no,no,no,no,no,no,no,no,no,no,no,no,no,no,high,medium,medium,no,"плитки три в ряд; романтика, сад, переделка особняка"
51556993,match3,,home_renovation,,none,no,renovation_story,no,no,no,no,no,no,no,no,no,no,no,no,no,no,no,no,medium,high,low,no,"жанр Three in a row; дизайнер: дома, улицы, салоны красоты"
51558273,hidden_object,,unknown_mixed,,none,no,none,no,no,no,no,no,no,no,no,no,no,no,no,no,no,no,no,high,medium,high,no,отличия между картинками для детей и взрослых
51559466,other_puzzle,,abstract,,none,no,none,no,no,no,no,no,no,no,no,no,no,no,no,no,no,no,no,high,medium,high,no,проведи пальцем найди цель и выберись из лабиринтов
51559478,merge,,food_household,,none,no,none,no,no,no,no,no,no,no,no,no,no,no,no,no,no,no,no,medium,medium,high,yes,"название Пузырь Шутер, но правило суйка-слияние фруктов"
51559482,bubble_shooter,,abstract,,none,no,none,no,no,no,no,no,no,no,no,no,no,no,no,no,no,no,no,high,high,high,no,"лопайте и стреляйте: цель и нажми, ограниченные выстрелы"
51559485,non_puzzle,,food_household,,none,no,none,no,no,no,no,no,no,no,no,no,no,no,no,no,no,no,no,high,high,high,no,нарезка фруктов одним ножом за один шанс
51559734,sort,merge,abstract,,none,no,none,no,no,no,no,no,no,no,no,no,no,no,no,no,no,no,no,medium,high,high,no,шарики в колбах: сортируй и соединяй пока не суммируются
51562952,non_puzzle,,realistic_neutral,,none,no,none,no,no,no,no,no,no,no,no,no,no,no,no,no,no,no,no,high,high,high,no,"реальная рыбалка: водоемы, места, трофей"
51563094,other_puzzle,,realistic_neutral,,none,no,none,no,no,no,no,no,no,no,no,no,no,no,no,no,no,no,no,high,medium,high,no,рисуй линии-стены чтобы закатить мяч в кольцо
51567810,non_puzzle,,space_scifi,,core,yes,rpg_progression,no,no,no,no,no,no,no,no,no,no,no,no,no,no,no,no,medium,high,medium,no,"многопользовательский рогалик: робот-копатель, турели, портал"
51568330,match3,,food_household,,none,no,none,no,no,no,no,no,no,no,no,no,no,no,no,no,no,no,no,medium,medium,high,no,взрывай пузыри сопоставляя 3 цвета; панда собирает еду
51568337,non_puzzle,,realistic_neutral,,none,no,none,no,no,no,no,no,no,no,no,no,no,no,no,no,no,no,no,medium,medium,high,no,племя охотников на гигантских животных; правил нет
51568340,match3,,food_household,,none,no,none,no,no,no,no,no,no,no,no,no,no,no,no,no,no,no,no,high,high,high,no,мини-игра три в ряд; шашлык и свежие ингредиенты
51568352,other_puzzle,,cute_animals,,none,no,none,no,no,no,no,no,no,no,no,no,no,no,no,no,no,no,no,medium,medium,high,no,помести стадо овец в волшебную бутылку на вместимость
51568364,other_puzzle,,space_scifi,,cosmetic,no,none,no,no,no,no,no,no,no,no,no,no,no,no,no,no,no,no,high,medium,medium,no,"порталы двух дыр двигают предметы; уничтожай врагов, звезды"
51568369,non_puzzle,,abstract,,none,no,none,no,no,no,no,no,no,no,no,no,no,no,no,no,no,no,no,medium,medium,high,no,"игра на выбывание: жми желтую кнопку, целевой счет, реакция"
51568377,non_puzzle,,realistic_neutral,,none,no,none,no,no,no,no,no,no,no,no,no,no,no,no,no,no,no,no,high,medium,high,no,"бильярд: угол и сила кия, загони шар, лимит паттов"
51569769,other_puzzle,,abstract,,none,no,none,no,no,no,no,no,no,no,no,no,no,no,no,no,no,no,no,high,high,high,no,двигай квадраты по стрелкам в отверстия; кресты исчезают
51573679,picture_reveal,,unknown_mixed,,none,no,none,no,no,no,no,no,no,no,no,no,no,no,no,no,no,no,no,high,medium,high,no,"пазлы 6-1200 элементов, галереи, фото и ИИ, достижения"
51573696,non_puzzle,,realistic_neutral,,none,no,none,no,no,no,no,no,no,no,no,no,no,no,no,no,no,no,no,high,medium,high,no,"европейская рулетка: ставки, удача, интерфейс"
51575745,tabletop,,realistic_neutral,,none,no,none,no,no,no,no,no,no,no,no,no,no,no,no,no,no,no,no,high,medium,high,no,"Закрытый Бисли: пасьянс с одной колодой, выбор основания"
51580356,match3,,treasure_adventure,,none,no,none,no,no,no,no,no,no,no,no,no,no,no,no,no,no,no,no,high,medium,high,no,"кристаллы 3 в ряд, комбо 4+, гравитация, сокровища"
51580468,merge,,abstract,,none,no,none,no,no,no,no,no,no,no,no,no,no,no,no,no,no,no,no,high,high,high,no,"объединяй одинаковые кубики в новые, очки, лидеры"
51583968,tabletop,,realistic_neutral,,none,no,none,no,no,no,no,no,no,no,no,no,no,no,no,no,no,no,no,high,medium,high,no,"дурак подкидной и переводной, колоды 24-52, друзья"
51588234,other_puzzle,,monsters_combat,,core,no,none,no,no,no,no,no,no,no,no,no,no,no,no,no,no,no,no,medium,medium,high,no,"нарисуй оружие воображением, атакуй врагов эффектами"
51588239,non_puzzle,,realistic_neutral,,core,no,none,no,no,no,no,no,no,no,no,no,no,no,no,no,no,no,no,high,medium,high,no,"прицелься найди врагов на сцене и победи, 3D шутер"
51588799,other_puzzle,,abstract,,none,no,none,no,no,no,no,no,no,no,no,no,no,no,no,no,no,no,no,high,high,high,no,"сапер: найди все бомбы и разминируй поле, сложности"
51596201,other_puzzle,,abstract,,none,no,none,no,no,no,no,no,yes,no,no,no,no,no,yes,no,no,no,no,high,high,medium,no,красной пуговицей сбей желтые за 3 попытки; отскок от стен
51596928,tabletop,,realistic_neutral,,none,no,none,no,no,no,no,no,no,no,no,no,no,no,no,no,no,no,no,high,medium,high,no,"Козел: взятки, крестовая дама крюком, таблица лидеров"
51598258,picture_reveal,,space_scifi,,none,no,none,no,no,no,no,no,no,no,no,no,no,no,no,no,no,no,no,medium,medium,high,no,"событие Honkai: собирай пазл, призы от Пом-Пом"
51598880,other_puzzle,,cute_animals,,none,no,none,no,no,no,no,no,no,no,no,no,no,no,no,no,no,no,no,high,high,high,no,нарисуй стену из линии чтобы защитить кота от пчел
51600591,other_puzzle,,abstract,,none,no,none,no,no,no,no,no,no,no,no,no,no,no,no,no,no,no,no,high,medium,high,no,нарисуй путь к трубе чтобы наполнить колбу жидкостью
51601979,other_puzzle,,cute_animals,food_household,none,no,none,no,no,no,no,no,no,no,no,no,no,no,no,no,no,no,no,high,medium,high,no,нарисуй пуль чтобы Догги съел хотдог; пилы и препятствия
51603409,bubble_shooter,,abstract,,none,no,none,no,no,no,no,no,no,no,no,no,no,no,no,no,no,no,no,high,high,high,no,"стреляй шариками, собирай три в ряд, головоломки-пазлы"
51605986,match3,,cute_animals,,none,no,none,no,no,no,no,no,no,no,no,no,no,no,no,no,no,no,no,high,high,high,no,"соединяй 3+ котов цвета в ряд, очисти поле, ходы"
51606926,other_puzzle,,abstract,,none,no,none,no,no,no,no,no,no,no,no,no,no,no,no,no,no,no,no,medium,medium,high,no,"найди числа: память и внимательность, 3 режима"
51610911,other_puzzle,,realistic_neutral,,none,no,none,no,no,no,no,no,no,no,no,no,no,no,no,no,no,no,no,high,medium,high,no,"вращай трубы для лавы; время и лимит ходов, вулкан"
51610937,tabletop,,vehicles,,none,no,none,no,no,no,no,no,no,no,no,no,no,no,no,no,no,no,no,high,medium,high,no,"Морской Бой: классика, авиация, подводная охота, ИИ и онлайн"
51613524,non_puzzle,,detective_mystery,farm_garden,none,no,none,no,no,no,no,no,no,no,no,no,no,no,no,no,no,no,no,medium,medium,high,no,интерактивная книга: мистический детектив про грибников
51614608,tile_match,,abstract,,none,no,none,no,no,no,no,no,no,no,no,no,no,no,no,no,no,no,no,high,medium,high,no,"соединяйте 3D-плитки, фрукты и шары, дзен-практика"
51615245,other_puzzle,,abstract,,none,no,none,no,no,no,no,no,no,no,no,no,no,no,no,no,no,no,no,medium,medium,high,no,"лопай пузыри как в детстве, сцены и реквизит, антистресс"
51615248,non_puzzle,,realistic_neutral,,none,no,none,no,no,no,no,no,no,no,no,no,no,no,no,no,no,no,no,medium,medium,high,no,"подбирай ногти и лак, избегай препятствий, маникюр"
51615249,merge,,food_household,,none,no,none,no,no,no,no,no,no,no,no,no,no,no,no,no,no,no,no,medium,high,high,no,"преобразовывай овощи и зерновые, склад полон, рекорд"
51615259,other_puzzle,,abstract,,none,no,none,no,no,no,no,no,no,no,no,no,no,no,no,no,no,no,no,medium,medium,high,no,используй местность чтобы сбить целевых персонажей
51615269,tile_match,,cute_animals,,none,no,none,no,no,no,no,no,no,no,no,no,no,no,no,no,no,no,no,high,medium,high,no,"Lianliankan: скорость рук, прорыв, лестница, комбо"
51617378,tabletop,,realistic_neutral,,none,no,none,no,no,no,no,no,no,no,no,no,no,no,no,no,no,no,no,high,medium,high,no,"крестики-нолики 3х3 4х4 5х5, против ПК и друг друга"
51618368,tabletop,,realistic_neutral,,none,no,none,no,no,no,no,no,no,no,no,no,no,no,no,no,no,no,no,high,medium,high,no,"шашки онлайн и с ПК, поддавки, 5 сложностей, статистика"
51618682,match3,,home_renovation,,none,no,renovation_story,no,no,no,no,no,no,no,no,no,no,no,no,no,no,no,no,high,high,medium,no,"три в ряд; ремонт и дизайн дома, истории декоратора"
51619559,picture_reveal,,unknown_mixed,,none,no,none,no,no,no,no,no,no,no,no,no,no,no,no,no,no,no,no,high,medium,high,no,"раскраска по номерам бисером, аппликации, для новичков"
51621091,tile_match,,abstract,,none,no,none,no,no,no,no,no,no,no,no,no,no,no,no,no,no,no,no,high,medium,high,no,"нажми и сопоставь плитки до таймера, дзен мастер"
51624500,tabletop,,realistic_neutral,,none,no,none,no,no,no,no,no,no,no,no,no,no,no,no,no,no,no,no,high,medium,high,no,"Косынка 52 карты: базы-дома, туз-король, свободные короли"
51624546,other_puzzle,,romance_love,,none,no,none,no,no,no,no,no,no,no,no,no,no,no,no,no,no,no,no,high,high,high,no,"DOP: дорисуй деталь чтобы спасти влюбленных, юмор"
51625374,block_hexa,,abstract,,none,no,none,no,no,no,no,no,no,no,no,no,no,no,no,no,no,no,no,high,high,high,no,"судоку и тетрис: квадраты в сетку 9х9, линии и хранение"
51625375,tile_match,,treasure_adventure,,none,no,none,no,no,no,no,no,no,no,no,no,no,no,no,no,no,no,no,high,medium,high,no,connect пары 3 линиями на время; исследователь и приключения
51625379,tile_match,,abstract,,none,no,none,no,no,no,no,no,no,no,no,no,no,no,no,no,no,no,no,medium,high,high,no,"пары чисел и суммы 10 на сетке, очисти панель"
51626201,tabletop,,realistic_neutral,,none,no,none,no,no,no,no,no,no,no,no,no,no,no,no,no,no,no,no,high,medium,high,no,"дурак переводной и подкидной, 2-6 игроков, статистика"
51626772,word,,realistic_neutral,,none,no,none,no,no,no,no,no,no,no,no,no,no,no,no,no,no,no,no,high,medium,high,no,"найди слова из списка по 1000 уровням, 3 сложности"
51629175,merge,,monsters_combat,,core,no,rpg_progression,no,no,no,no,no,no,no,no,no,no,no,no,no,no,no,no,medium,medium,medium,no,"слияние и крафт оружия, прокачка, уничтожь роботов"
51630451,match3,,treasure_adventure,,none,no,none,no,no,no,no,no,no,no,no,no,no,no,no,no,no,no,no,medium,medium,high,no,"сдвигай и сопоставляй камни; поиски сокровищ, новый ряд за ход"
51633404,unknown,,magic_fantasy,,unknown,unknown,pvp_tournament,unknown,unknown,unknown,unknown,unknown,unknown,unknown,unknown,unknown,unknown,unknown,unknown,unknown,unknown,unknown,unknown,low,high,low,yes,турнир магов раз в 10 лет; механики боев нет
51638851,other_puzzle,,romance_love,,none,no,none,no,no,no,no,no,no,no,no,no,no,no,no,no,no,no,no,medium,high,high,no,"логика и IQ для влюбленных, невозможные свидания"
51640371,picture_reveal,,unknown_mixed,,none,no,none,no,no,no,no,no,no,no,no,no,no,no,no,no,no,no,no,high,medium,high,no,интерактивная раскраска: дизайны и цвета на выбор
51643303,other_puzzle,,vehicles,,none,no,none,no,no,no,no,no,no,no,no,no,no,no,no,no,no,no,no,high,medium,high,no,"убери авто со стоянки, не столкнись со старушкой"
51643318,non_puzzle,,magic_fantasy,,none,no,none,no,no,no,no,no,no,no,no,no,no,no,no,no,no,no,no,medium,low,high,no,волшебный паркур: задачи и режимы; правил нет
51650000,tabletop,,realistic_neutral,,none,no,none,no,no,no,no,no,no,no,no,no,no,no,no,no,no,no,no,high,medium,high,no,"нарды: кости, ходы, дом, снять шашки; полные правила"
51650749,sort,,vehicles,,none,no,none,no,no,no,no,no,no,no,no,no,no,no,no,no,no,no,no,high,high,high,no,сортируй поезда по вокзалам по цветам; логика и внимание
51651415,merge,,realistic_neutral,,none,no,none,no,no,no,no,no,no,no,no,no,no,no,no,no,no,no,no,medium,medium,high,no,классическая 2048 в антураже панелек и дворов
51651635,other_puzzle,,magic_fantasy,,none,no,none,no,no,no,no,no,no,no,no,no,no,no,no,no,no,no,no,high,medium,high,no,"направляй потоки воды, русалочка, подводный мир"
51658458,other_puzzle,,realistic_neutral,,none,no,none,no,no,no,no,no,no,no,no,no,no,no,no,no,no,no,no,medium,medium,high,no,задачи со спичками на интеллект; правил нет
51662604,sort,,cute_animals,,none,no,none,no,no,no,no,no,no,no,no,no,no,no,no,no,no,no,no,high,high,high,no,сортируй птиц цвета на ветки; одного цвета улетают
51668794,non_puzzle,,treasure_adventure,,core,no,none,no,no,no,no,no,no,no,no,no,no,no,no,no,no,no,no,medium,medium,high,no,"Робин Гуд: оружие, монетки, разделаться с богачами"
51676057,merge,,magic_fantasy,,none,no,idle_economy,no,no,no,no,no,no,no,no,no,no,no,no,no,no,no,no,high,medium,medium,no,"idle: соедини гоблинов в мощного; руны, события"
51676385,match3,,treasure_adventure,,none,no,renovation_story,no,no,no,no,no,no,no,no,no,no,no,no,no,no,no,no,high,high,medium,no,"фишки три в ряд; сокровища, экспедиция, restore локаций"
51678453,non_puzzle,,realistic_neutral,,core,no,rpg_progression,no,no,no,no,yes,no,no,no,no,no,no,no,no,no,no,no,high,medium,high,no,"битемап: бойцы, комбо, прокачка; победи всех боссов"
51686180,non_puzzle,,horror,,core,no,none,no,no,no,no,no,no,no,no,no,no,no,no,no,no,no,no,medium,medium,high,no,двигайся от зомби; стоишь автоатакуешь; награды
51687147,merge,,farm_garden,,none,no,none,no,no,no,no,no,no,no,no,no,no,no,no,no,no,no,no,high,medium,high,no,2048 ферма: объединяй блоки на поле 16 клеток
51691850,match3,,home_renovation,detective_mystery,none,no,renovation_story,no,no,no,no,no,no,no,no,no,no,no,no,no,no,no,no,medium,medium,medium,no,"жанр Three in a row; отель Алисы, дизайн, секреты стен"
51694442,other_puzzle,,romance_love,,none,no,none,no,no,no,no,no,no,no,no,no,no,no,no,no,no,no,no,high,high,high,no,"DOP2: сотри лишнюю деталь, секреты парочки"
51695242,hidden_object,,romance_love,,none,no,none,no,no,no,no,no,no,no,no,no,no,no,no,no,no,no,no,medium,high,high,no,найди часть и скрытое в истории любви влюбленных
51698519,non_puzzle,,realistic_neutral,,core,no,none,no,no,no,no,no,yes,no,no,no,no,no,no,no,no,no,no,medium,medium,high,no,"рисуй удар и герой бьет; стадии, скины, победи боссов"
51699240,non_puzzle,,space_scifi,,core,no,none,no,no,no,no,no,yes,no,no,no,no,no,no,no,no,no,no,medium,medium,high,no,"импостер: ловушки, загадки, уничтожь врагов, битвы с боссами"
51699611,non_puzzle,,vehicles,,none,no,none,no,no,no,no,no,no,no,no,no,no,no,no,no,no,no,no,high,high,high,no,"симулятор физики багги: карты, подвеска, пирамиды"
51701753,quiz_trivia,,cute_animals,,none,no,collection,no,no,no,no,no,no,no,no,no,no,no,no,no,no,no,no,high,medium,medium,no,подбери названия к картинкам; коллекция морских существ
51701763,word,tile_match,realistic_neutral,,none,no,none,no,no,no,no,no,no,no,no,no,no,no,no,no,no,no,no,medium,medium,high,no,словный маджонг: слова на плитках вместо картинок
51701765,quiz_trivia,,unknown_mixed,,none,no,collection,no,no,no,no,no,no,no,no,no,no,no,no,no,no,no,no,high,medium,medium,no,"4 фото 1 слово; цветок растет, собери букет"
51702757,merge,,abstract,,none,no,none,no,no,no,no,no,no,no,no,no,no,no,no,no,no,no,no,high,medium,high,no,тетрис и 2048: объединяй блоки одинакового цвета
51703502,merge,,abstract,,none,no,none,no,no,no,no,no,no,no,no,no,no,no,no,no,no,no,no,high,high,high,no,"объедини шарики с числами в крупные, максимум очков"
51706814,non_puzzle,,realistic_neutral,,none,no,none,no,no,no,no,no,no,no,no,no,no,no,no,no,no,no,no,high,medium,high,no,"беговая игра самурая: препятствия, монеты, мечи и доспехи"
51710197,non_puzzle,,realistic_neutral,monsters_combat,none,no,none,no,no,no,no,no,no,no,no,no,no,no,no,no,no,no,no,high,medium,high,no,"рыбалка: реки и океаны, 250 видов, глубинные монстры"
51718605,other_puzzle,,memes_pop_culture,horror,core,no,none,no,no,no,no,no,yes,no,no,no,no,no,yes,no,no,no,no,high,medium,medium,no,рикошет от стен и углов чтобы поразить зомби; Нубик
51719736,bubble_shooter,,treasure_adventure,,none,no,none,no,no,no,no,no,no,no,no,no,no,no,no,no,no,no,no,medium,medium,high,no,Шарики Зума Стрелялки; магия Древнего Египта
51719976,non_puzzle,,vehicles,,none,no,none,no,no,no,no,no,no,no,no,no,no,no,no,no,no,no,no,high,high,high,no,"дрифт и краш-тест: деформация, повреждения, рекорды"
51723734,merge,,romance_love,,none,no,none,no,no,no,no,no,no,no,no,no,no,no,no,no,no,no,no,high,medium,high,no,"2048: объединяй аниме девушек, сердца, лидеры"
51727306,sort,,abstract,,none,no,none,no,no,no,no,no,no,no,no,no,no,no,no,no,no,no,no,high,medium,high,no,"собери цепи по цветам, уровни и сложность"
51728449,other_puzzle,,realistic_neutral,,none,no,none,no,no,no,no,no,no,no,no,no,no,no,no,no,no,no,no,medium,medium,high,no,стикмен в тюрьме: укради предмет не будь замечен
51729254,non_puzzle,,horror,magic_fantasy,core,yes,rpg_progression,no,no,no,no,no,no,no,no,no,no,no,no,no,no,no,no,high,medium,high,no,"экшн-рогалик: круги ада, мердж снаряжения, навыки"
51729436,non_puzzle,,realistic_neutral,,none,no,none,no,no,no,no,no,no,no,no,no,no,no,no,no,no,no,no,high,medium,high,no,"одевалки: наряди дочь, стили, красота и исцеление"
51729437,non_puzzle,,magic_fantasy,,none,no,none,no,no,no,no,no,no,no,no,no,no,no,no,no,no,no,no,medium,medium,high,yes,"жанр Three in a row, но правило раннер рыцаря за принцессой"
51729440,match3,,magic_fantasy,,none,no,none,no,no,no,no,no,no,no,no,no,no,no,no,no,no,no,no,medium,low,high,no,"жанр Three in a row; классика на выбывание, Фэнтези"
51729446,screw,,realistic_neutral,,none,no,none,no,no,no,no,no,no,no,no,no,no,no,no,no,no,no,no,high,medium,high,no,"нажми на ключ чтобы отвинтить винты, узоры сложнее"
51729449,match3,,food_household,,none,no,none,no,no,no,no,no,no,no,no,no,no,no,no,no,no,no,no,high,high,high,no,нажимай чтобы уничтожить фрукты; фруктовое веселье
51729469,non_puzzle,,vehicles,,none,no,none,no,no,no,no,no,no,no,no,no,no,no,no,no,no,no,no,high,high,high,no,"скользи чтобы вести авто; дрифт, трассы, противники"
51729475,other_puzzle,,food_household,,none,no,none,no,no,no,no,no,no,no,no,no,no,no,no,no,no,no,no,medium,medium,high,no,выведи курьера цвета чая на дорогу и в зону ожидания
51730789,hidden_object,,romance_love,,none,no,none,no,no,no,no,no,no,no,no,no,no,no,no,no,no,no,no,high,high,high,no,ДОП: находи скрытые предметы и головоломки сладкой парочки
51730791,other_puzzle,,romance_love,,none,no,none,no,no,no,no,no,no,no,no,no,no,no,no,no,no,no,no,high,high,high,no,ДОП: добавь деталь чтобы спасти парочку
51731262,block_hexa,,abstract,,none,no,none,no,no,no,no,no,no,no,no,no,no,no,no,no,no,no,no,medium,medium,high,no,пазл из блоков 88; бесконечная тренировка мозгов
51731336,other_puzzle,,abstract,,none,no,none,no,no,no,no,no,no,no,no,no,no,no,no,no,no,no,no,high,medium,high,no,"лабиринт: выход, монстр, монеты; стрелки лишь управление"
51733110,block_hexa,,abstract,,none,no,none,no,no,no,no,no,no,no,no,no,no,no,no,no,no,no,no,high,medium,high,no,заполни поле блоками в линии; сокровища лишь в названии
51734887,sort,,food_household,,none,no,none,no,no,no,no,no,no,no,no,no,no,no,no,no,no,no,no,high,high,high,no,"сортируй пончики по вкусам в линию, освободи поле"
51737370,other_puzzle,,horror,,cosmetic,no,none,no,no,no,no,no,no,no,no,no,no,no,no,no,no,no,no,medium,medium,medium,no,удрай от маньяка выбирая действие; расправься с бандитами
51739885,merge,,memes_pop_culture,,none,no,none,no,no,no,no,no,no,no,no,no,no,no,no,no,no,no,no,high,high,high,no,"объединяй камераменов в сильного; скибиди, уровни"
51740272,match3,,abstract,,none,no,none,no,no,no,no,no,no,no,no,no,no,no,no,no,no,no,no,medium,high,high,no,"проводи линии между шариками цвета, комбо, дзен"
51747522,non_puzzle,,abstract,,none,no,idle_economy,no,no,no,no,yes,no,no,no,no,no,no,no,no,no,no,no,high,medium,high,no,"кликер: разрушай блоки, улучшай умения; кубы боссы"
51749516,merge,,abstract,,none,no,none,no,no,no,no,no,no,no,no,no,no,no,no,no,no,no,no,high,high,high,no,падающие блоки с числами; соединяй одинаковые в удвоенные
51749949,non_puzzle,,memes_pop_culture,,core,no,none,no,no,no,no,no,no,no,no,no,no,no,no,no,no,no,no,medium,high,high,no,"Нубик: меч, враги, ловушки, порядок ходов, усилители"
51750686,non_puzzle,,realistic_neutral,,none,no,none,no,no,no,no,no,no,no,no,no,no,no,no,no,no,no,no,high,medium,high,no,"переезжай, покупай землю, строй отели и рестораны"
51750688,merge,,abstract,,none,no,none,no,no,no,no,no,no,no,no,no,no,no,no,no,no,no,no,medium,medium,high,no,2048: ударь мяч того же номера и расти; препятствия
51750697,non_puzzle,,realistic_neutral,,none,no,none,no,no,no,no,no,no,no,no,no,no,no,no,no,no,no,no,high,high,high,no,"футбол: обгоняй, дриблинг, пас и удары"
51750865,non_puzzle,,vehicles,,core,no,none,no,no,no,no,yes,no,no,no,no,no,no,no,no,no,no,no,high,high,high,no,"прокачай танк, уничтожай соперников, победи босса"
51751688,match3,,home_renovation,,none,no,renovation_story,no,no,no,no,no,no,no,no,no,no,no,no,no,no,no,no,high,high,medium,no,"три в ряд; ремонт домов по миру, мебель, герои"
51756273,match3,,abstract,,none,no,none,no,no,no,no,no,no,no,no,no,no,no,no,no,no,no,no,medium,high,high,no,"не простое три в ряд: думай наперед, схема, рекорды"
51756941,tile_match,,realistic_neutral,,none,no,none,no,no,no,no,no,no,no,no,no,no,no,no,no,no,no,no,high,medium,high,no,"русский маджонг: удаляй пары плиток, верхние открывают низ"
51758194,non_puzzle,,space_scifi,,core,no,rpg_progression,no,no,no,no,yes,no,no,no,no,no,no,no,no,no,no,no,high,medium,high,no,"мехи: отряды, рейды, PvP-арена, PvE, побеждай боссов"
51758929,tile_match,,unknown_mixed,,none,no,none,no,no,no,no,no,no,no,no,no,no,no,no,no,no,no,no,medium,medium,high,no,Трипл Матч 3Д: подбор одинаковых 3D элементов
51759258,non_puzzle,,realistic_neutral,,none,no,pvp_tournament,no,no,no,no,no,no,no,no,no,no,no,no,no,no,no,no,high,medium,high,no,"рыбалка: уровни, снаряжение, локации, турниры"
51762489,other_puzzle,,abstract,,none,no,pvp_tournament,no,no,no,no,no,no,no,no,no,no,no,no,no,no,no,no,medium,medium,high,no,"конструктор: стены и телепорты, каскады разрядов, турниры"
51762647,word,,realistic_neutral,,none,no,none,no,no,no,no,no,no,no,no,no,no,no,no,no,no,no,no,high,medium,high,no,"кроссворд: соединяй буквы, раскрой скрытые слова"
51769348,merge,,abstract,,none,no,none,no,no,no,no,no,no,no,no,no,no,no,no,no,no,no,no,medium,medium,high,no,собери число из блоков; заблокированные блоки и препятствия
51770359,tabletop,,realistic_neutral,,none,no,none,no,no,no,no,no,no,no,no,no,no,no,no,no,no,no,no,high,medium,high,no,"нарды: доска, 15 фишек, кубики, дом, стратегия и удача"
51772653,unknown,,treasure_adventure,,unknown,unknown,unknown,unknown,unknown,unknown,unknown,unknown,unknown,unknown,unknown,unknown,unknown,unknown,unknown,unknown,unknown,unknown,unknown,low,medium,low,yes,Зумба: отдых и магические джунгли; правил нет
51772904,non_puzzle,,realistic_neutral,,none,no,none,no,no,no,no,no,no,no,no,no,no,no,no,no,no,no,no,high,medium,high,no,"построй империю Рима: путь развития, здания, королевство"
51772983,merge,,abstract,,none,no,none,no,no,no,no,no,no,no,no,no,no,no,no,no,no,no,no,high,high,high,no,три одинаковых кубика на поле 5х5 объединяются в следующий
51773566,tile_match,,realistic_neutral,,none,no,pvp_tournament,no,no,no,no,no,no,no,no,no,no,no,no,no,no,no,no,high,medium,high,no,"маджонг пары на скорость, живые турниры, дом мечты"
51776364,merge,,abstract,magic_fantasy,none,no,none,no,no,no,no,no,no,no,no,no,no,no,no,no,no,no,no,high,medium,high,no,2048: соединяй два шарика цвета в шарик другого цвета
51777594,merge,,abstract,,none,no,none,no,no,no,no,no,no,no,no,no,no,no,no,no,no,no,no,high,high,high,no,как 2048 но с шарами и бонусами; собери самый большой шар
51778117,non_puzzle,,romance_love,,none,no,other,no,no,no,no,no,no,no,no,no,no,no,no,no,no,no,no,high,high,high,no,"интерактивная история: чат, тайны парней, любовь"
51778258,unknown,,realistic_neutral,,unknown,unknown,unknown,unknown,unknown,unknown,unknown,unknown,unknown,unknown,unknown,unknown,unknown,unknown,unknown,unknown,unknown,unknown,unknown,low,medium,low,yes,помоги Деду Морозу собрать подарки; механики нет
51782729,non_puzzle,,vehicles,,none,no,none,no,no,no,no,no,no,no,no,no,no,no,no,no,no,no,no,high,high,high,no,"дрифт: заносы и очки, трек, скорость"
51792248,merge,tabletop,food_household,,none,no,none,no,no,no,no,no,no,no,no,no,no,no,no,no,no,no,no,medium,medium,high,no,"пасьянс и 2048: складывай карты продуктов в 2048, джокеры"
51795788,other_puzzle,,realistic_neutral,,cosmetic,no,none,no,no,no,no,no,no,no,no,no,no,no,no,no,no,no,no,high,medium,medium,no,"магнитная физика: круши бандитов, разрушения, 90 уровней"
51797829,block_hexa,,abstract,,none,no,none,no,no,no,no,no,no,no,no,no,no,no,no,no,no,no,no,medium,high,high,no,"распредели блоки-формы по ограниченному полю, лидеры"
51798384,non_puzzle,,farm_garden,magic_fantasy,none,no,other,no,no,no,no,no,no,no,no,no,no,no,no,no,no,no,no,high,medium,high,no,"ферма викингов: вырасти дракона, построй город, рыбалка"
51800243,picture_reveal,,memes_pop_culture,,none,no,none,no,no,no,no,no,no,no,no,no,no,no,no,no,no,no,no,high,medium,high,no,"раскраска аниме: персонажи и сцены, все возрасты"
51803632,hidden_object,,cute_animals,,none,no,none,no,no,no,no,no,no,no,no,no,no,no,no,no,no,no,no,medium,high,high,no,найди милых поросят среди набора предметов
51803831,non_puzzle,,treasure_adventure,,none,no,none,no,unknown,unknown,unknown,unknown,unknown,unknown,unknown,unknown,unknown,unknown,unknown,unknown,unknown,unknown,unknown,medium,low,low,yes,"пушка стреляет по шарикам, держись, очки; деталей нет"
51804572,quiz_trivia,,realistic_neutral,,none,no,none,no,no,no,no,no,no,no,no,no,no,no,no,no,no,no,no,high,high,high,no,"1000+ вопросов, 50/50, таблица рекордов, друзья"
51806512,non_puzzle,,realistic_neutral,,none,no,pvp_tournament,no,no,no,no,no,no,no,no,no,no,no,no,no,no,no,no,high,medium,high,no,"симулятор футбола: чемпионаты и турниры, чемпион мира"
51807037,non_puzzle,,abstract,,none,no,none,no,no,no,no,no,no,no,no,no,no,no,no,no,no,no,no,medium,medium,high,no,ловкость и скорость: уровни с головоломками и монстрами
51807678,match3,,treasure_adventure,,none,no,none,no,no,no,no,no,no,no,no,no,no,no,no,no,no,no,no,high,medium,high,no,"камни 3+, бустеры, мистические этапы, сокровища"
51807679,match3,,treasure_adventure,,none,no,none,no,no,no,no,no,no,no,no,no,no,no,no,no,no,no,no,high,medium,high,no,"три в ряд и взрыв поля; затерянный город, приключения"
51807883,merge,,abstract,,none,no,none,no,no,no,no,no,no,no,no,no,no,no,no,no,no,no,no,high,high,high,no,"суйка 3D: столкновение шаров сливает в больший, физика"
51811752,non_puzzle,,realistic_neutral,,none,no,idle_economy,no,no,no,no,no,no,no,no,no,no,no,no,no,no,no,no,high,high,high,no,"такси и аэропорт: инвестируй, миллиардер, пассивный доход"
51811760,non_puzzle,,romance_love,,none,no,none,no,no,no,no,no,no,no,no,no,no,no,no,no,no,no,no,medium,medium,high,no,шар катится по локациям; спаси любимую от монстра
51811762,merge,,abstract,,none,no,none,no,no,no,no,no,no,no,no,no,no,no,no,no,no,no,no,high,high,high,no,физика шаров: столкновение одинаковых сливает в больший
51812942,match3,,magic_fantasy,,none,no,none,no,no,no,no,no,no,no,no,no,no,no,no,no,no,no,no,high,medium,high,no,магия три в ряд; загадочные миры и локации
51813860,bubble_shooter,,space_scifi,,none,no,none,no,no,no,no,no,no,no,no,no,no,no,no,no,no,no,no,high,high,high,no,"зумба: плитки движутся по курсу, вселенная, друзья"
51814444,merge,,unknown_mixed,,none,no,none,no,no,no,no,no,no,no,no,no,no,no,no,no,no,no,no,high,medium,high,no,соединяй объекты в животное или еду большего размера
51815168,merge,,monsters_combat,,core,no,none,no,no,no,no,no,no,no,no,no,no,no,no,no,no,no,no,high,medium,medium,no,"объединяй монстров в армию, арена, уничтожай врагов"
51815327,word,,abstract,,none,no,none,no,no,no,no,no,no,no,no,no,no,no,no,no,no,no,no,high,medium,high,no,"буквы в пузырях: составляй слова темы, дальше сложнее"
51816680,non_puzzle,,abstract,,none,no,none,no,no,no,no,no,no,no,no,no,no,no,no,no,no,no,no,medium,medium,high,no,"управляй мячом запрыгивай на блоки, двигайся вперед"
51816696,non_puzzle,,memes_pop_culture,,none,no,none,no,no,no,no,no,no,no,no,no,no,no,no,no,no,no,no,medium,medium,high,no,"Человек-Паук: избегай препятствий и монстров, вперед"
51817989,match3,,abstract,,none,no,none,no,no,no,no,no,no,no,no,no,no,no,no,no,no,no,no,medium,high,high,no,устрани три предмета; вращай объект в звезды
51819872,match3,,magic_fantasy,,none,no,other,no,no,no,no,no,no,no,no,no,no,no,no,no,no,no,no,high,medium,low,no,"Диамант три-в-ряд; остров, големы-помощники с прокачкой"
51826702,non_puzzle,,vehicles,,none,no,none,no,no,no,no,no,no,no,no,no,no,no,no,no,no,no,no,high,high,high,no,"краш-тест: молоты и трамплины, прочность, рекорды"
51827396,word,,realistic_neutral,,none,no,none,no,no,no,no,no,no,no,no,no,no,no,no,no,no,no,no,high,medium,high,no,"Wordle и Быки и Коровы: слова, кроссворды, шарады"
51827412,merge,,abstract,,none,no,none,no,no,no,no,no,no,no,no,no,no,no,no,no,no,no,no,high,high,high,no,"соединяй блоки с числами до блока бесконечности, лидеры"
51827891,merge,,magic_fantasy,,none,no,renovation_story,no,no,no,no,no,no,no,no,no,no,no,no,no,no,no,no,high,high,medium,no,"мерж: объединяй предметы, декор, тайны города, Люси"
51828189,merge,,abstract,,none,no,none,no,no,no,no,no,no,no,no,no,no,no,no,no,no,no,no,high,high,medium,no,прицельно стреляйте шариками чтобы соединить; бомба
51832085,bubble_shooter,,abstract,,none,no,none,no,no,no,no,no,no,no,no,no,no,no,no,no,no,no,no,medium,high,high,no,"лопайте шарики добавив новый того же цвета, очисти поле"
51835525,tile_match,,abstract,,none,no,collection,no,no,no,no,no,no,no,no,no,no,no,no,no,no,no,no,high,high,medium,no,удаляй тройки кубиков в нижнее поле; коллекция кубиков
51836847,merge,,food_household,,none,no,none,no,no,no,no,no,no,no,no,no,no,no,no,no,no,no,no,medium,medium,high,no,приятный процесс слияния; тренировка мозга
51836857,sort,,food_household,,none,no,none,no,no,no,no,no,no,no,no,no,no,no,no,no,no,no,no,high,medium,high,no,курьер несет стопку 3 чашек цвета чая с молоком
51836858,other_puzzle,,cute_animals,,none,no,none,no,no,no,no,no,no,no,no,no,no,no,no,no,no,no,no,high,medium,high,no,"нажми чтобы отрезать веревку, рыба упадет в воду"
51838091,merge,,food_household,,none,no,none,no,no,no,no,no,no,no,no,no,no,no,no,no,no,no,no,high,high,high,no,"суйка: столкновение фруктов создает новые, дойди до арбуза"
51838833,picture_reveal,,abstract,magic_fantasy,none,no,none,no,no,no,no,no,no,no,no,no,no,no,no,no,no,no,no,high,medium,high,no,раскраска по числам; магия лишь в названии
51840164,merge,,abstract,,none,no,none,no,no,no,no,no,no,no,no,no,no,no,no,no,no,no,no,high,high,high,no,"целься бросай и объединяй блоки 2048, больше очков"
51842056,merge,,abstract,,none,no,none,no,no,no,no,no,no,no,no,no,no,no,no,no,no,no,no,high,high,high,no,тетрис и 2048: соединяй кристаллы в больший
51842114,merge,,abstract,,none,no,none,no,no,no,no,no,no,no,no,no,no,no,no,no,no,no,no,high,high,high,no,"2048: столбцы выпускают блоки, одинаковые объединяются"
51843834,other_puzzle,,abstract,,none,no,none,no,no,no,no,no,no,no,no,no,no,no,no,no,no,no,no,high,medium,high,no,"куб через лабиринт не врезаясь в стены, очки за уровни"
51843951,match3,,abstract,,none,no,none,no,no,no,no,no,no,no,no,no,no,no,no,no,no,no,no,high,high,high,no,"фишки цвета 3+ в линию, очки за фишку"
51845941,picture_reveal,,romance_love,,none,no,none,no,no,no,no,no,no,no,no,no,no,no,no,no,no,no,no,high,high,high,no,"раскраска по номерам: романтика, тайны любви"
51847375,other_puzzle,,romance_love,,none,no,none,no,no,no,no,no,no,no,no,no,no,no,no,no,no,no,no,high,medium,high,no,"дорисуй или сотри: решения про парочку, юмор"
51847988,unknown,,treasure_adventure,,unknown,unknown,unknown,unknown,unknown,unknown,unknown,unknown,unknown,unknown,unknown,unknown,unknown,unknown,unknown,unknown,unknown,unknown,unknown,low,medium,low,yes,магия и загадки без правил; Котопазл и сокровища
51855087,merge,,abstract,,none,no,none,no,no,no,no,no,no,no,no,no,no,no,no,no,no,no,no,high,high,high,no,точки 2048 на гексах: двигай и удваивай до миллиона
51858139,other_puzzle,,romance_love,,none,no,none,no,unknown,yes,yes,unknown,unknown,unknown,unknown,unknown,unknown,unknown,unknown,unknown,unknown,unknown,unknown,medium,high,medium,no,Купидон: метай стрелы в существ чтобы соединить влюбленных
51859611,merge,,abstract,,none,no,none,no,no,no,no,no,no,no,no,no,no,no,no,no,no,no,no,high,high,high,no,"соединяй одинаковые шарики, получи самый большой"
51859640,match3,,abstract,,none,no,none,no,no,no,no,no,no,no,no,no,no,no,no,no,no,no,no,medium,high,high,no,соедини в линию 3+ шариков чтобы лопнуть
51859868,hidden_object,,space_scifi,,none,no,none,no,no,no,no,no,no,no,no,no,no,no,no,no,no,no,no,medium,medium,high,no,"событие Honkai: собери пасхальные яйца, награды Часика"
51860258,match3,,cute_animals,,none,no,none,no,no,no,no,no,no,no,no,no,no,no,no,no,no,no,no,high,high,high,no,собирай животных в линии; усилители бомбы и ракеты
51860678,match3,,magic_fantasy,,none,no,none,no,no,no,no,no,no,no,no,no,no,no,no,no,no,no,no,high,medium,high,no,"три в ряд; Вика и мэр волшебного города, Новый год"
51863322,other_puzzle,,romance_love,,none,no,none,no,no,no,no,no,no,no,no,no,no,no,no,no,no,no,no,high,medium,high,no,"любовные доп-пазлы для взрослых, таймкиллер"
51863326,other_puzzle,,monsters_combat,,core,no,none,no,no,no,no,no,yes,no,no,no,no,no,yes,no,no,no,no,high,medium,medium,no,"стреляй рикошетом во врагов; рэгдолл, миссии"
51863420,bubble_shooter,,abstract,,none,no,none,no,no,no,no,no,no,no,no,no,no,no,no,no,no,no,no,high,high,high,no,"классический бабл шутер: комбинация 3+, страйки, ряды"
51866121,word,,realistic_neutral,,none,no,none,no,no,no,no,no,no,no,no,no,no,no,no,no,no,no,no,high,medium,high,no,"балда: слова из слова на поле, против бота и игроков"
51866793,quiz_trivia,,realistic_neutral,,none,no,none,no,no,no,no,no,no,no,no,no,no,no,no,no,no,no,no,high,medium,high,no,проверь разбираешься ли в фильмах
51868080,non_puzzle,,realistic_neutral,,none,no,none,no,no,no,no,no,no,no,no,no,no,no,no,no,no,no,no,high,medium,high,no,"гонка в аквапарке: реквизит, финиш первым"
51869653,merge,,detective_mystery,,none,no,none,no,no,no,no,no,no,no,no,no,no,no,no,no,no,no,no,high,high,high,no,"мерж: соединяй улики, детектив, тайны города"
51871349,other_puzzle,,abstract,,none,no,none,no,no,no,no,no,no,no,no,no,no,no,no,no,no,no,no,high,high,high,no,"распутай линии убрав пересечения, уровни-вызовы"
51871400,match3,,abstract,,none,no,none,no,no,no,no,no,no,no,no,no,no,no,no,no,no,no,no,medium,high,high,no,кубики с 4 сторон; 3 рядом сталкиваются и удаляются
51871737,arrow_tapaway,,abstract,,none,no,none,yes,unknown,unknown,unknown,unknown,yes,yes,unknown,unknown,unknown,unknown,unknown,unknown,unknown,unknown,unknown,high,medium,medium,no,отодвинь кубики очисти экран; движутся лишь в своем направлении
51874967,match3,,abstract,,none,no,none,no,no,no,no,no,no,no,no,no,no,no,no,no,no,no,no,high,high,high,no,"объединение кристаллов; 5+ дают время, рейтинг"
51875817,other_puzzle,,abstract,,none,no,none,no,no,no,no,no,no,no,no,no,no,no,no,no,no,no,no,high,medium,high,no,"блоки по лабиринту сквозь стены своего цвета, шаги"
51876511,hidden_object,,treasure_adventure,,none,no,none,no,no,no,no,no,no,no,no,no,no,no,no,no,no,no,no,medium,high,high,yes,"название поиск отличий, но описание про Атлантиду и Эльдорадо"
51876744,unknown,,cute_animals,,unknown,unknown,unknown,unknown,unknown,unknown,unknown,unknown,unknown,unknown,unknown,unknown,unknown,unknown,unknown,unknown,unknown,unknown,unknown,low,medium,low,yes,кот в коробке за рыбкой по мирам; механики нет
51878676,merge,tabletop,realistic_neutral,,none,no,none,no,no,no,no,no,no,no,no,no,no,no,no,no,no,no,no,medium,medium,high,no,"пасьянс в исполнении 2048: комбинации карт, множитель"
51880018,tile_match,,farm_garden,,none,no,none,no,no,no,no,no,no,no,no,no,no,no,no,no,no,no,no,high,medium,high,no,"маджонг и матч-3: по три плитки, ресурсы на сад и дом"
51882580,match3,,abstract,,none,no,none,no,no,no,no,no,no,no,no,no,no,no,no,no,no,no,no,medium,high,high,no,передвигай шар в цвет поднимающихся; шкала и бонус
51887530,word,,realistic_neutral,,none,no,pvp_tournament,no,no,no,no,no,no,no,no,no,no,no,no,no,no,no,no,high,medium,high,no,битва слов онлайн: длиннее слова соперника за 30 секунд
51889455,other_puzzle,,abstract,,none,no,none,no,no,no,no,no,no,no,no,no,no,no,no,no,no,no,no,high,medium,high,no,"закрась клетки лабиринта, монеты на героев, 3 звезды"
51889943,other_puzzle,,abstract,,none,no,pvp_tournament,no,no,no,no,no,no,no,no,no,no,no,no,no,no,no,no,high,high,high,no,"точки цветов линиями, 100+ уровней, турниры"
51890747,sort,screw,realistic_neutral,,none,no,none,no,no,no,no,no,no,no,no,no,no,no,no,no,no,no,no,medium,medium,high,no,Болты и гайки в названии; головоломки без правил
51891603,sort,,abstract,,none,no,none,no,no,no,no,no,no,no,no,no,no,no,no,no,no,no,no,high,high,high,no,"вода между пробирками по цветам, тренировка ума"
51891725,non_puzzle,,abstract,,none,no,none,no,no,no,no,no,no,no,no,no,no,no,no,no,no,no,no,medium,medium,high,no,"арена чисел онлайн: очки, скины, прокачка, лидеры"
51891841,match3,,food_household,,none,no,none,no,no,no,no,no,no,no,no,no,no,no,no,no,no,no,no,high,medium,high,no,"три в ряд, 1000+ уровней, сладости у озера"
51894780,tile_match,,cute_animals,,none,no,none,no,no,no,no,no,no,no,no,no,no,no,no,no,no,no,no,medium,medium,high,yes,"название Пасьянс, но правило маджонг-фишки; парки и животные"
51894859,non_puzzle,,unknown_mixed,,none,no,collection,no,no,no,no,no,no,no,no,no,no,no,no,no,no,no,no,medium,medium,high,no,"расправляй скомканные картинки, альбом, монеты, достижения"
51895548,tile_match,,magic_fantasy,,none,no,none,no,no,no,no,no,no,no,no,no,no,no,no,no,no,no,no,high,high,high,no,"классический маджонг-пасьянс; маг, острова, заклинания"
51895922,other_puzzle,,abstract,,none,no,none,no,no,no,no,no,no,no,no,no,no,no,no,no,no,no,no,medium,medium,high,no,стреляй шарами в цели; зеленый очищает экран; 2 игрока
51896562,merge,,abstract,,none,no,none,no,no,no,no,no,no,no,no,no,no,no,no,no,no,no,no,medium,high,high,no,популярная головоломка 2048; правил в описании нет
51900383,merge,,cute_animals,,none,no,none,no,no,no,no,no,no,no,no,no,no,no,no,no,no,no,no,high,high,high,no,суйка: котики в пузырях соприкасаются и объединяются
51900534,quiz_trivia,,realistic_neutral,,none,no,none,no,no,no,no,no,no,no,no,no,no,no,no,no,no,no,no,high,medium,high,no,"викторина Фильмы СССР: сотни вопросов, герои фильмов"
51901586,match3,,abstract,,none,no,none,no,no,no,no,no,no,no,no,no,no,no,no,no,no,no,no,high,high,high,no,"кристаллы в ряд, лимит ходов, режим на время, валюта"
51903616,merge,,abstract,,none,no,none,no,no,no,no,no,no,no,no,no,no,no,no,no,no,no,no,medium,high,high,no,двигай кубики соединяя по цвету пока один каждого; 70 уровней
51906347,sort,,abstract,,none,no,none,no,no,no,no,no,no,no,no,no,no,no,no,no,no,no,no,high,high,high,no,колбы с шариками: в каждой колбе один цвет; правила перекидывания
51911415,tabletop,,detective_mystery,,none,no,none,no,no,no,no,no,no,no,no,no,no,no,no,no,no,no,no,high,high,high,no,"солитер и расследования Ланы Уитт, Спрингдэйл, улики"
51912693,bubble_shooter,,abstract,,none,no,none,no,no,no,no,no,no,no,no,no,no,no,no,no,no,no,no,medium,high,high,no,стреляй шаром соединяй шары; замедли поток шаров
51913388,word,,realistic_neutral,,none,no,none,no,no,no,no,no,no,no,no,no,no,no,no,no,no,no,no,medium,medium,high,no,"подбор пар, поиск слов и расчистка поля; разомни мозги"
51913596,non_puzzle,,vehicles,,none,no,none,no,no,no,no,no,no,no,no,no,no,no,no,no,no,no,no,high,high,high,no,припаркуй авто на место без столкновений; стрелки управление
51914517,sort,match3,realistic_neutral,,none,no,other,no,no,no,no,no,no,no,no,no,no,no,no,no,no,no,no,high,medium,medium,no,сортировка товара: игрушки три в ряд по полочкам; магазин
51915543,non_puzzle,,abstract,,none,no,none,no,no,no,no,no,no,no,no,no,no,no,no,no,no,no,no,medium,medium,high,no,"пошаговая изометрическая стратегия 1-6, сеть и боты"
51915770,bubble_shooter,,cute_animals,,none,no,none,no,no,no,no,no,no,no,no,no,no,yes,no,no,no,no,yes,high,high,medium,no,стреляй в шарики цвета освободи зверят; бомбы огонь молния
51916382,sort,,abstract,,none,no,none,no,no,no,no,no,no,no,no,no,no,no,no,no,no,no,no,medium,medium,high,no,Сортируй шарики в названии; 100 уровней логики без правил
51916837,merge,,food_household,,none,no,none,no,no,no,no,no,no,no,no,no,no,no,no,no,no,no,no,high,high,high,no,суйка в блендере: одинаковые фрукты в новый до арбуза
51918002,non_puzzle,,food_household,,none,no,none,no,no,no,no,no,no,no,no,no,no,no,no,no,no,no,no,high,high,high,no,"суши-ресторан: готовь, клиенты, деньги"
51918009,non_puzzle,,realistic_neutral,,core,no,none,no,no,no,no,no,no,no,no,no,no,no,no,no,no,no,no,medium,medium,high,no,строй машины из гаек и сражайся; дуэль строителей
51918010,other_puzzle,,cute_animals,,none,no,none,no,no,no,no,no,no,no,no,no,no,no,no,no,no,no,no,medium,medium,high,no,помоги рыбке выбраться из кризиса в море
51918012,non_puzzle,,vehicles,,none,no,none,no,no,no,no,no,no,no,no,no,no,no,no,no,no,no,no,high,high,high,no,"дрифт-гонка 3D: повороты, синие стрелки-подсказки"
51918262,hidden_object,,cute_animals,,none,no,none,no,no,no,no,no,no,no,no,no,no,no,no,no,no,no,no,high,high,high,no,"все отличия на картинках с кошками, подсказки"
51918751,sort,,abstract,,none,no,none,no,no,no,no,no,no,no,no,no,no,no,no,no,no,no,no,high,high,high,no,шарики по колбам одного цвета; порядок важен
51919401,other_puzzle,,treasure_adventure,,none,no,pvp_tournament,no,no,no,no,no,no,no,no,no,no,no,no,no,no,no,no,medium,high,high,no,"разблокируй блок фараона; 240 уровней, Египет, скарабей"
51919800,bubble_shooter,,space_scifi,,cosmetic,no,none,no,no,no,no,yes,no,no,no,no,no,no,no,no,no,no,no,high,medium,medium,no,целься и стреляй по пузырям в космосе; бомбы и боссы
51921437,sort,,realistic_neutral,,none,no,none,no,no,no,no,no,no,no,no,no,no,no,no,no,no,no,no,high,medium,high,no,предметы по полочкам; 3 одинаковых рядом соединяются
51922174,block_hexa,,abstract,,none,no,pvp_tournament,no,no,no,no,no,no,no,no,no,no,no,no,no,no,no,no,high,high,high,no,"блоки на доску: строки и квадраты; судоку, турниры"
51924007,other_puzzle,,abstract,,none,no,none,no,no,no,no,no,no,no,no,no,no,no,no,no,no,no,no,medium,high,high,no,шарики по цветам в линию лопаются; ходы на 2-3 шага
51925376,non_puzzle,,realistic_neutral,,core,no,none,no,no,no,no,yes,no,no,no,no,no,no,no,no,no,no,no,medium,medium,high,no,"вынеси должников с двух ног; шипы, препятствия, боссы"
51926565,tabletop,,realistic_neutral,,none,no,none,no,no,no,no,no,no,no,no,no,no,no,no,no,no,no,no,high,medium,high,no,"Пьяница онлайн: избавься от карт, шестерка бьет туза"
51926818,other_puzzle,,realistic_neutral,,none,no,none,no,no,no,no,no,no,no,no,no,no,no,no,no,no,no,no,high,medium,high,no,вращай трубы в цепочку для воды; уровни и лидеры
51926885,non_puzzle,,vehicles,,core,no,pvp_tournament,no,no,no,no,no,no,no,no,no,no,no,no,no,no,no,no,medium,medium,high,no,"конструктор танков из блоков; PvP, прокачка, лиги"
51928211,sort,,realistic_neutral,,none,no,none,no,no,no,no,no,no,no,no,no,no,no,no,no,no,no,no,high,medium,high,no,"сортировка эмодзи на полках, сочетания, мастер"
51929452,tile_match,,abstract,,none,no,none,no,no,no,no,no,no,no,no,no,no,no,no,no,no,no,no,high,high,high,no,"собери 3 одинаковых плитки на поле, очки и комбинации"
51932869,block_hexa,,abstract,,none,no,none,no,no,no,no,no,no,no,no,no,no,no,no,no,no,no,no,high,high,high,no,расставь блоки сам; линии уничтожаются; тетрис без падения
51934921,picture_reveal,,cute_animals,,none,no,none,no,no,no,no,no,no,no,no,no,no,no,no,no,no,no,no,high,medium,high,no,"раскраска Palworld: персонажи и сцены, инструменты"
51934996,merge,,space_scifi,,none,no,none,no,no,no,no,no,no,no,no,no,no,no,no,no,no,no,unknown,high,medium,high,no,"физический мердж: 14 планет, увидишь ли все"
51935006,other_puzzle,,horror,detective_mystery,core,no,none,no,no,no,no,no,no,no,no,no,no,no,no,no,no,no,no,medium,medium,medium,no,"квест: загадки, отстрел тварей, пропавшая сестра, бункер"
51935806,bubble_shooter,,abstract,,none,no,none,no,no,no,no,no,no,no,no,no,no,no,no,no,no,no,no,high,high,high,no,стреляй в кучу шаров; 3+ лопаются; супер шар за 5 попаданий
51937195,tile_match,,unknown_mixed,,none,no,none,no,no,no,no,no,no,no,no,no,no,no,no,no,no,no,no,high,medium,high,no,соединяй три плитки; миры от леса до пиратов и космоса
51937967,other_puzzle,,realistic_neutral,,none,no,none,no,no,no,no,no,no,no,no,no,no,no,no,no,no,no,no,high,medium,high,no,"распутай провода к розеткам, чувство удовлетворения"
51938833,other_puzzle,,monsters_combat,,none,no,none,no,no,no,no,no,no,no,no,no,no,no,no,no,no,no,no,medium,medium,high,no,"выберись из странного места: монстры, ловушки, загадки"
51965979,screw,,realistic_neutral,,none,no,none,no,no,no,no,no,no,no,no,no,no,no,no,no,no,no,no,medium,medium,high,no,бруски гайки болты: вращай сдвигай соединяй детали
51976171,other_puzzle,,cute_animals,food_household,none,no,none,no,no,no,no,no,no,no,no,no,no,no,no,no,no,no,no,high,medium,high,no,режь веревки чтобы конфеты попали Ам Няму в рот
51977223,picture_reveal,,unknown_mixed,,none,no,none,no,no,no,no,no,no,no,no,no,no,no,no,no,no,no,no,high,medium,high,no,"пазлы 12-400 кусков, тематические подборки"
51982548,merge,,abstract,,none,no,none,no,no,no,no,no,no,no,no,no,no,no,no,no,no,no,no,high,high,high,no,"плитки в одном направлении совмещаются и растут, 2048"
51983611,tabletop,,magic_fantasy,,none,no,none,no,no,no,no,no,no,no,no,no,no,no,no,no,no,no,no,high,high,high,no,"пасьянс и магия карт; гномы эльфы русалки, спутники"
51987640,non_puzzle,,magic_fantasy,,core,no,rpg_progression,no,no,no,no,no,no,no,no,no,no,no,no,no,no,no,no,high,high,high,no,"RPG: команда героев, подземелья, арена, снаряжение"
51988321,non_puzzle,,memes_pop_culture,,none,no,none,no,no,no,no,no,no,no,no,no,no,no,no,no,no,no,no,medium,medium,high,no,"мини-игра Genshin: заврианчики, препятствия, уровни, награды"
51988963,match3,,magic_fantasy,,none,no,none,no,no,no,no,no,no,no,no,no,no,no,no,no,no,no,no,medium,medium,high,no,Hex Match: шесть ресурсов чтобы построить королевство
51991025,screw,,realistic_neutral,,none,no,none,no,no,no,no,no,no,no,no,no,no,no,no,no,no,no,no,high,medium,high,no,"убирай болты освобождай поле; инженерная физика, 100 уровней"
51991602,sort,,realistic_neutral,,none,no,none,no,no,no,no,no,no,no,no,no,no,no,no,no,no,no,no,high,medium,high,no,"вещи по полкам; одинаковые товары 3 в ряд, уборка"
51995177,non_puzzle,,vehicles,,core,no,rpg_progression,no,no,no,no,no,no,no,no,no,no,no,no,no,no,no,no,high,high,low,no,аркада выживания на танках; монеты на новые танки
52002291,other_puzzle,,detective_mystery,,none,no,pvp_tournament,no,no,no,no,no,no,no,no,no,no,no,no,no,no,no,no,medium,high,high,no,"детектив: дела и логические головоломки, турниры"
52010899,tile_match,,abstract,,none,no,none,no,no,no,no,no,no,no,no,no,no,no,no,no,no,no,no,high,medium,high,no,маджонг: удаляй группы из 3 одинаковых тайлов
52012414,screw,,realistic_neutral,,none,no,none,no,no,no,no,no,no,no,no,no,no,no,no,no,no,no,no,high,medium,high,no,откручивай болтики чтобы деревяшки упали; 200 уровней
52016391,merge,,food_household,detective_mystery,none,no,renovation_story,no,no,no,no,no,no,no,no,no,no,no,no,no,no,no,no,high,medium,medium,no,"соединяй предметы на заказы; Эмили, кафе, тайны города"
52017181,word,,abstract,,none,no,none,no,no,no,no,no,no,no,no,no,no,no,no,no,no,no,no,medium,medium,high,no,"кроссворды и математика, бесконечные уровни"
52025299,tile_match,,magic_fantasy,,none,no,none,no,no,no,no,no,no,no,no,no,no,no,no,no,no,no,no,high,medium,high,no,"маджонг пасьянс с плитками и драконами, путь дракона"
52046491,non_puzzle,,memes_pop_culture,monsters_combat,core,no,rpg_progression,no,no,no,no,no,no,no,no,no,no,no,no,no,no,no,no,medium,medium,high,no,"Нубик: волны монстров на деревню, изумруды, оружие"
52050213,bubble_shooter,,abstract,,none,no,none,no,no,no,no,no,no,no,no,no,no,no,no,no,no,no,no,high,medium,high,no,"зума: катапульта, цепочки шаров, не дай дойти до точки"
52052723,sort,,magic_fantasy,,none,no,none,no,no,no,no,no,no,no,no,no,no,no,no,no,no,no,no,high,high,high,no,сортировка магических жидкостей по сосудам в один цвет
52068361,match3,,unknown_mixed,,none,no,none,no,no,no,no,no,no,no,no,no,no,no,no,no,no,no,no,medium,medium,high,no,"жанр Three in a row; Ляли Поп, уровни и бонусы без правил"
52069052,merge,,memes_pop_culture,,none,no,none,no,no,no,no,no,no,no,no,no,no,no,no,no,no,no,no,high,medium,high,no,"2048: объединяй Бравлеров до больших, лидеры"
52073543,merge,,realistic_neutral,,none,no,none,no,no,no,no,no,no,no,no,no,no,no,no,no,no,no,no,high,medium,high,no,соединяй предметы моды в стильные; империя и линия
52074986,non_puzzle,,realistic_neutral,,none,no,none,no,no,no,no,no,no,no,no,no,no,no,no,no,no,no,no,medium,medium,high,no,"скалолаз: голова пружинит, ноги липнут к камням"
52094212,block_hexa,,abstract,,none,no,none,no,no,no,no,no,no,no,no,no,no,no,no,no,no,no,no,high,high,high,no,"тетрис с песком: линии заполнены, поле не переполни"
52094454,match3,,realistic_neutral,,none,no,none,no,no,no,no,no,no,no,no,no,no,no,no,no,no,no,no,high,medium,high,no,матрешки 3 в нижний ярус сливаются; очисти поле
52102698,merge,,monsters_combat,,core,no,pvp_tournament,no,no,no,no,no,no,no,no,no,no,no,no,no,no,no,no,high,medium,medium,no,"merge card game: смержи героев, колода, PvP арена"
52108563,other_puzzle,,realistic_neutral,,none,no,none,no,no,no,no,no,no,no,no,no,no,no,no,no,no,no,no,medium,medium,medium,no,свайп запусти мяч сбей все банки; монеты на мячи
52109677,merge,,realistic_neutral,,none,no,none,no,no,no,no,no,no,no,no,no,no,no,no,no,no,no,no,high,medium,high,no,суйка значков СССР; не выходи за верх поля
52117775,hidden_object,,treasure_adventure,,none,no,pvp_tournament,no,no,no,no,no,no,no,no,no,no,no,no,no,no,no,no,high,high,high,no,7 отличий онлайн быстрее соперников; пираты и острова
52118525,non_puzzle,,realistic_neutral,,core,no,none,no,no,no,no,no,no,no,no,no,no,no,no,no,no,no,no,medium,medium,high,no,"земли и башни, герои, дай отпор; таблица лидеров"
52128492,match3,,realistic_neutral,,none,no,none,no,no,no,no,no,no,no,no,no,no,no,no,no,no,no,no,high,medium,high,no,роняй крипту соединяя 3+ одинаковых монет
52135775,sort,,realistic_neutral,,none,no,none,no,no,no,no,no,no,no,no,no,no,no,no,no,no,no,no,high,medium,high,no,отсортируй винты в уровнях с ловушками
52139382,sort,,abstract,,none,no,none,no,no,no,no,no,no,no,no,no,no,no,no,no,no,no,no,high,high,high,no,рассортируй шестиугольники на поле; бустеры
52164184,non_puzzle,,horror,,core,no,none,no,no,no,no,no,no,no,no,no,no,no,no,no,no,no,no,high,high,high,no,снайпер: спаси выживших от зомби в апокалипсисе
52172230,tabletop,,realistic_neutral,,none,no,none,no,no,no,no,no,no,no,no,no,no,no,no,no,no,no,no,high,medium,high,no,"шашки: 10 сложностей, блиц и рапид, зевки и фора"
52187684,bubble_shooter,,cute_animals,,none,no,none,no,no,no,no,no,no,no,no,no,no,no,no,no,no,no,no,high,high,high,no,стреляй пузырями спаси детенышей динозавров
52187807,non_puzzle,,realistic_neutral,,none,no,none,no,no,no,no,no,no,no,no,no,no,no,no,no,no,no,no,medium,medium,high,no,кидай шарики открывай путь; обгони и забей в ворота
52187897,non_puzzle,,unknown_mixed,,none,no,none,no,no,no,no,no,no,no,no,no,no,no,no,no,no,no,no,high,medium,high,no,"музыкальное путешествие: песни, прыжки во времени"
52188174,non_puzzle,,realistic_neutral,,core,no,none,no,no,no,no,no,no,no,no,no,no,no,no,no,no,no,no,high,medium,high,no,"целься и атакуй; препятствия, граффити, агенты"
52201870,match3,,realistic_neutral,,none,no,none,no,no,no,no,no,no,no,no,no,no,no,no,no,no,no,no,medium,high,high,no,"жанр Three in a row; соединяй училок, четверть на пять"
52203018,merge,,food_household,,none,no,none,no,no,no,no,no,no,no,no,no,no,no,no,no,no,no,no,high,high,high,no,2048 с физикой: скидывай фрукты и соединяй
52203029,arrow_tapaway,,abstract,,none,no,none,yes,yes,unknown,unknown,unknown,yes,unknown,unknown,unknown,unknown,unknown,unknown,unknown,unknown,unknown,unknown,high,medium,medium,no,блоки движутся лишь по стрелке; очисти поле; UnPuzzle
52203281,unknown,,unknown_mixed,,unknown,unknown,unknown,unknown,unknown,unknown,unknown,unknown,unknown,unknown,unknown,unknown,unknown,unknown,unknown,unknown,unknown,unknown,unknown,low,medium,low,yes,история островка и гуся; механики нет
52204125,unknown,,farm_garden,,unknown,unknown,unknown,unknown,unknown,unknown,unknown,unknown,unknown,unknown,unknown,unknown,unknown,unknown,unknown,unknown,unknown,unknown,unknown,low,medium,low,yes,грибная деревня; набор жанров без правил
52207855,sort,,realistic_neutral,,none,no,none,no,no,no,no,no,no,no,no,no,no,no,no,no,no,no,no,high,medium,high,no,мордашки в ячейках: три одинаковых на полке
52207878,hidden_object,,home_renovation,,none,no,none,no,no,no,no,no,no,no,no,no,no,no,no,no,no,no,no,high,high,high,no,поиск объектов в интерьерах; настрой свою комнату
52207936,hidden_object,,unknown_mixed,,none,no,collection,no,no,no,no,no,no,no,no,no,no,no,no,no,no,no,no,high,medium,medium,no,поиск предметов и мини-игры; 14 коллекционных пазлов
52210775,merge,,food_household,,none,no,none,no,no,no,no,no,no,no,no,no,no,no,no,no,no,no,no,high,medium,high,no,суйка: объединяй фрукты в корзину; постройки в долине
52224498,other_puzzle,,abstract,,none,no,none,no,no,no,no,no,yes,unknown,unknown,unknown,unknown,yes,unknown,no,yes,unknown,unknown,low,medium,low,yes,"метай шары в блоки; лазеры, сила и шары в залпе"
52232837,match3,,farm_garden,,none,no,renovation_story,no,no,no,no,no,no,no,no,no,no,no,no,no,no,no,no,high,high,medium,no,"ягоды и фрукты в ряд; дача, ремонт и строительство"
52232890,screw,,realistic_neutral,,none,no,none,no,no,no,no,no,no,no,no,no,no,no,no,no,no,no,no,high,medium,high,no,выкрути болт и разрушь конструкцию; помехи
52238050,non_puzzle,,vehicles,,none,no,none,no,no,no,no,no,no,no,no,no,no,no,no,no,no,no,no,high,high,high,no,"погони ДПС: 15 авто, тюнинг, разрушения, мультиплеер"
52238387,sort,,abstract,,none,no,none,no,no,no,no,no,no,no,no,no,no,no,no,no,no,no,no,high,high,high,no,реагенты по цветам в пробирках; уровни и фоны
52256259,non_puzzle,,realistic_neutral,,core,no,pvp_tournament,no,no,no,no,no,no,no,no,no,no,no,no,no,no,no,no,high,medium,high,no,"командный шутер: миссии, оружие, перестрелки"
52268687,other_puzzle,,abstract,,none,no,none,no,no,no,no,no,no,no,no,no,no,no,no,no,no,no,no,high,medium,high,no,"японский кроссворд: числа строк и столбцов, 1000 уровней"
52291860,match3,,treasure_adventure,,none,no,none,no,no,no,no,no,no,no,no,no,no,no,no,no,no,no,no,high,high,high,no,"три в ряд; кристаллы, алмазы, сокровища, события"
52296751,tabletop,,farm_garden,,none,no,none,no,no,no,no,no,no,no,no,no,no,no,no,no,no,no,no,high,medium,high,no,"солитер Джинн: раскладки, награды, ферма"
52302174,non_puzzle,,cute_animals,,none,no,none,no,no,no,no,no,no,no,no,no,no,no,no,no,no,no,no,medium,medium,high,no,"фортепиано в ритме с кошачьим другом, мелодии"
52302181,merge,,food_household,,none,no,none,no,no,no,no,no,no,no,no,no,no,no,no,no,no,no,no,high,high,high,no,новый мерж: объедини 6 тортов и уничтожь
52302182,screw,,vehicles,,none,no,none,no,no,no,no,no,no,no,no,no,no,no,no,no,no,no,no,high,medium,high,no,закручивание гаек; найди авто среди запертых винтами
52302183,other_puzzle,,food_household,,none,no,none,no,no,no,no,no,no,no,no,no,no,no,no,no,no,no,no,medium,low,high,no,чайные яйца: головоломки и выход за дверь
52308664,unknown,,unknown_mixed,,unknown,unknown,unknown,unknown,unknown,unknown,unknown,unknown,unknown,unknown,unknown,unknown,unknown,unknown,unknown,unknown,unknown,unknown,unknown,low,low,low,yes,Шарики Про: рейтинг и режимы; правил нет
52326680,sort,merge,abstract,,none,no,none,no,no,no,no,no,no,no,no,no,no,no,no,no,no,no,no,high,high,high,no,тарелки по цвету и номерам; собери 10 кнопкой
52328332,arrow_tapaway,,abstract,,none,no,none,yes,yes,unknown,unknown,unknown,yes,yes,unknown,unknown,unknown,unknown,unknown,unknown,unknown,unknown,unknown,high,medium,medium,no,нажми блок улетит по стрелке; смена направления и вращение
52336124,tile_match,,food_household,,none,no,none,no,no,no,no,no,no,no,no,no,no,no,no,no,no,no,no,high,high,high,no,по 3 фигурки в нижнем ряду; фрутисы и локации
52337069,block_hexa,,abstract,,none,no,none,no,no,no,no,no,no,no,no,no,no,no,no,no,no,no,no,medium,high,high,no,двигай блоки по горизонтали заполни и очисти ряд
52346709,merge,,abstract,,none,no,none,no,no,no,no,no,no,no,no,no,no,no,no,no,no,no,no,high,high,high,no,"суйка: столкновение кубов сливает в больший, физика"
52348480,match3,,treasure_adventure,,none,no,none,no,no,no,no,no,no,no,no,no,no,no,no,no,no,no,no,high,high,high,no,"три в ряд; руины, корабли, артефакты, сокровища"
52354294,non_puzzle,,realistic_neutral,,core,no,pvp_tournament,no,no,no,no,no,no,no,no,no,no,no,no,no,no,no,no,high,medium,high,no,"шутер WWII онлайн: арсенал, танки, соревнования"
52368582,merge,,magic_fantasy,,none,no,none,no,no,no,no,no,no,no,no,no,no,no,no,no,no,no,no,high,high,high,no,"merge 3: объединяй предметы, школа, артефакты, события"
52378718,other_puzzle,,monsters_combat,,core,no,none,no,no,no,no,yes,yes,unknown,unknown,unknown,unknown,unknown,unknown,unknown,unknown,unknown,unknown,high,medium,low,yes,"запусти голову во врагов; траектория, ловушки, боссы"
52382922,sort,,abstract,,none,no,none,no,no,no,no,no,no,no,no,no,no,no,no,no,no,no,no,high,high,high,no,плитки по цветам в башни из 10; пустые клетки
52401778,tile_match,,magic_fantasy,,none,no,collection,no,no,no,no,no,no,no,no,no,no,no,no,no,no,no,no,high,medium,medium,no,"маджонг лесная сказка; рейтинги, коллекция бабочек"
52402295,match3,,unknown_mixed,,none,no,none,no,no,no,no,no,no,no,no,no,no,no,no,no,no,no,no,medium,medium,high,no,соединяй и сортируй предметы в 3D; дзен
52405430,match3,,treasure_adventure,,none,no,renovation_story,no,no,no,no,no,no,no,no,no,no,no,no,no,no,no,no,high,high,low,no,"три-в-ряд; корабль, город, восстанови маяк"
52424638,picture_reveal,,unknown_mixed,,none,no,none,no,no,no,no,no,no,no,no,no,no,no,no,no,no,no,no,high,medium,high,no,собери иллюстрации из кусочков; сады и интерьеры
52433917,match3,,home_renovation,,none,no,renovation_story,no,no,no,no,no,no,no,no,no,no,no,no,no,no,no,no,high,high,medium,no,"три в ряд; декор комнат, мебель, обустройство"
52435171,non_puzzle,,magic_fantasy,food_household,none,no,none,no,no,no,no,no,no,no,no,no,no,no,no,no,no,no,no,medium,medium,high,no,"тайм-менеджмент; принцесса, волшебник, королевская кухня"
52438621,merge,,detective_mystery,home_renovation,none,no,renovation_story,no,no,no,no,no,no,no,no,no,no,no,no,no,no,no,no,high,medium,low,no,"два предмета в новое; тайны семьи Грейсон, особняк"
52440823,merge,,treasure_adventure,magic_fantasy,none,no,other,no,no,no,no,no,no,no,no,no,no,no,no,no,no,no,no,high,medium,high,no,"мерж фишек; набеги на деревни, золото, драконы"
52444576,sort,,realistic_neutral,,none,no,none,no,no,no,no,no,no,no,no,no,no,no,no,no,no,no,no,high,medium,high,no,сортируй фрукты и игрушки; 3 одинаковых исчезают; 1000 уровней
52444661,match3,,farm_garden,,none,no,none,no,no,no,no,no,no,no,no,no,no,no,no,no,no,no,no,high,medium,high,no,"три в ряд, тысячи уровней, Таинственный Лес"
52445291,merge,,food_household,home_renovation,none,no,renovation_story,no,no,no,no,no,no,no,no,no,no,no,no,no,no,no,no,high,medium,low,no,соединяй выпечку и приборы; монеты на домик; Эмили
52446922,merge,,realistic_neutral,,none,no,none,no,no,no,no,no,no,no,no,no,no,no,no,no,no,no,no,high,medium,high,no,суйка пузырей: два объединяются; собери гардероб дочери
52457961,merge,,realistic_neutral,,none,no,none,no,no,no,no,no,no,no,no,no,no,no,no,no,no,no,no,high,medium,high,no,объединяй буквы в новые; алфавит и чтение детям
52462690,tile_match,,realistic_neutral,,none,no,none,no,no,no,no,no,no,no,no,no,no,no,no,no,no,no,no,high,medium,high,no,найди три карты с числом; поле заполняется
52466775,merge,,realistic_neutral,,none,no,none,no,no,no,no,no,no,no,no,no,no,no,no,no,no,no,no,high,medium,high,no,суйка елочных шаров; новые шарики и логика
52472375,match3,,abstract,,none,no,pvp_tournament,no,no,no,no,no,no,no,no,no,no,no,no,no,no,no,no,high,high,high,no,"линии три в ряд против игроков; дуэль стаканов, таблица"
52479294,tile_match,,realistic_neutral,,none,no,none,no,no,no,no,no,no,no,no,no,no,no,no,no,no,no,no,high,medium,high,no,"классический маджонг: фишки в последовательности, восток"
52479425,sort,,realistic_neutral,,none,no,none,no,no,no,no,no,no,no,no,no,no,no,no,no,no,no,no,high,medium,high,no,сортируй крышки газировки в стопочки на столе
52480645,merge,,abstract,,none,no,none,no,no,no,no,no,no,no,no,no,no,no,no,no,no,no,no,medium,high,high,no,набирай очки соединяя одинаковые плитки
52484786,tabletop,,magic_fantasy,,none,no,none,no,no,no,no,no,no,no,no,no,no,no,no,no,no,no,no,high,high,high,no,"солитер Таро: расклады, Отшельник и колдун, Арканы"
52486612,match3,,home_renovation,,none,no,renovation_story,no,no,no,no,no,no,no,no,no,no,no,no,no,no,no,no,high,high,medium,no,"ряды из 3+; звезды на интерьер, мама и дом"
52502367,match3,,farm_garden,,none,no,other,no,no,no,no,no,no,no,no,no,no,no,no,no,no,no,no,high,medium,low,no,"три в ряд и плитки; построй город и ферму, турниры"
52513041,other_puzzle,,abstract,,none,no,none,no,no,no,no,no,no,no,no,no,no,no,no,no,no,no,no,medium,high,high,no,"тетрис-блоки в отведенные места, собери фигуру"
52521607,other_puzzle,,abstract,,none,no,none,no,no,no,no,no,no,no,no,no,no,no,no,no,no,no,no,high,medium,medium,no,"попади мячиком в стаканчик; 150 уровней, подсказки"
52526972,merge,,horror,,none,no,renovation_story,no,no,no,no,no,no,no,no,no,no,no,no,no,no,no,no,high,medium,medium,no,мерж деталей в инструменты; восстанови адский парк
52539014,other_puzzle,,food_household,,none,no,none,no,no,no,no,no,no,no,no,no,no,no,no,no,no,no,no,medium,medium,high,no,"лопай конфеты нажимая; выживание и бесконечный, друзья"
52548584,non_puzzle,,vehicles,,none,no,pvp_tournament,no,no,no,no,no,no,no,no,no,no,no,no,no,no,no,no,high,high,high,no,"краш-дерби: повреждения, мультиплеер, арены"
52551065,non_puzzle,,unknown_mixed,,none,no,none,no,no,no,no,no,no,no,no,no,no,no,no,no,no,no,no,high,medium,high,no,"паркур обби: лава, трофеи, скины, небоскребы"
52599192,non_puzzle,,abstract,,none,no,none,no,no,no,no,no,no,no,no,no,no,no,no,no,no,no,no,high,high,high,no,уворачивайся двумя шарами от препятствий; рекорды
52615273,tabletop,,realistic_neutral,,none,no,none,no,no,no,no,no,no,no,no,no,no,no,no,no,no,no,no,high,medium,high,no,"пирамида: пары карт суммой 13, 3 перелистывания"
52633090,bubble_shooter,,treasure_adventure,,none,no,none,no,no,no,no,no,no,no,no,no,no,no,no,no,no,no,no,high,low,high,no,зума: пушка стреляет шарами; спаси мир от пророчества
52639869,quiz_trivia,,realistic_neutral,,none,no,none,no,no,no,no,no,no,no,no,no,no,no,no,no,no,no,no,high,medium,high,no,"большая викторина: вопросы, темы, режимы, лидеры"
52651460,merge,,abstract,,none,no,none,no,no,no,no,no,no,no,no,no,no,no,no,no,no,no,no,medium,high,high,no,"2048, гексо и три в ряд; дойди до миллиона"
52668054,tabletop,,treasure_adventure,,none,no,none,no,no,no,no,no,no,no,no,no,no,no,no,no,no,no,no,high,high,high,no,"солитер и пираты: тайник отца, колоды, бустеры"
52675454,non_puzzle,,realistic_neutral,,core,no,none,no,no,no,no,no,no,no,no,no,no,no,no,no,no,no,no,high,medium,high,no,"стратегия: танки и вертолеты, база, миссии, ресурсы"
52690399,non_puzzle,,magic_fantasy,,core,no,rpg_progression,no,no,no,no,yes,no,no,no,no,no,no,no,no,no,no,no,high,high,high,no,"RPG: боссы и армии, квесты, питомцы, Путь Короля"
52693009,other_puzzle,,realistic_neutral,,none,no,none,no,no,no,no,no,no,no,no,no,no,no,no,no,no,no,no,medium,medium,high,no,"вор: дома и сейфы, логические головоломки, уровни"
52696993,bubble_shooter,,abstract,,none,no,none,no,no,no,no,no,no,no,no,no,no,no,no,no,no,no,no,high,high,high,no,по мотивам Bubble Shooter: лопанье шариков цвета
52697346,match3,,romance_love,,none,no,none,no,no,no,no,no,no,no,no,no,no,no,no,no,no,no,no,high,high,high,no,"три в ряд для взрослых; невеста, колдунья, королевство"
52701377,match3,,food_household,,none,no,none,no,no,no,no,no,no,no,no,no,no,no,no,no,no,no,no,high,high,high,no,соединяй 3+ конфет свайпами; суперконфеты чистят ряды
52702073,merge,,abstract,,none,no,none,no,no,no,no,no,no,no,no,no,no,no,no,no,no,no,no,high,high,high,no,2048 и Гексо: запуск блока в место; молот
52703091,quiz_trivia,,realistic_neutral,,none,no,none,no,no,no,no,no,no,no,no,no,no,no,no,no,no,no,no,high,medium,high,no,"викторина Предметы СССР: вопросы, очки, рейтинг"
52703374,merge,,abstract,,none,no,none,no,no,no,no,no,no,no,no,no,no,no,no,no,no,no,no,medium,high,high,no,2048 и Гексо: блоки с ячейками на площадке; молот
52703392,other_puzzle,,abstract,,none,no,none,no,no,no,no,no,no,no,no,no,no,no,no,no,no,no,no,medium,medium,high,no,целься думай и лопай шарики; семейная игра
52705366,sort,match3,food_household,,none,no,none,no,no,no,no,no,no,no,no,no,no,no,no,no,no,no,no,high,medium,high,no,сортировка товаров Triple Match; фри и напитки
52707765,sort,,abstract,,none,no,none,no,no,no,no,no,no,no,no,no,no,no,no,no,no,no,no,high,high,high,no,"стопки гексов по цветам; перетекание, бустеры"
52714374,merge,,realistic_neutral,,none,no,none,no,no,no,no,no,no,no,no,no,no,no,no,no,no,no,no,high,medium,high,no,суйка пузырей: два в больший; собери гардероб
52720236,non_puzzle,,realistic_neutral,,core,no,none,no,no,no,no,no,no,no,no,no,no,no,no,no,no,no,no,high,medium,high,no,"экшен: оружие, транспорт, герои и союзники"
52733866,non_puzzle,,realistic_neutral,,none,no,none,no,no,no,no,no,no,no,no,no,no,no,no,no,no,no,no,high,high,high,no,"пенальти и вратарь: сила угол направление, мультиплеер"
52739935,sort,,magic_fantasy,,none,no,none,no,no,no,no,no,no,no,no,no,no,no,no,no,no,no,no,high,medium,high,no,"3 предмета на полку; кузнец Берси, снаряжение героев"
52740328,sort,,realistic_neutral,,none,no,none,no,no,no,no,no,no,no,no,no,no,no,no,no,no,no,no,high,medium,high,no,3 предмета на полку; покупки из супермаркета
52740872,tabletop,,realistic_neutral,,none,no,pvp_tournament,no,no,no,no,no,no,no,no,no,no,no,no,no,no,no,no,high,medium,high,no,"холдем и омаха; турниры, столы, лояльность"
52753042,sort,,abstract,,none,no,none,no,no,no,no,no,no,no,no,no,no,no,no,no,no,no,no,high,high,high,no,переливай жидкости по цветам; уровни и стратегия
52755162,sort,,abstract,,none,no,none,no,no,no,no,no,no,no,no,no,no,no,no,no,no,no,no,high,high,high,no,сортируй фишки по цветам; уровни и бесконечный
52757813,match3,,cute_animals,,none,no,none,no,no,no,no,no,no,no,no,no,no,no,no,no,no,no,no,high,medium,high,no,"три лапки в ряд; сквиши попиты спиннеры, антистресс"
52763208,match3,,horror,,none,no,none,no,no,no,no,no,no,no,no,no,no,no,no,no,no,no,no,high,medium,high,no,"жми группы 3+ пороков искрой; 100 уровней, подсказки"
52764694,merge,,magic_fantasy,,none,no,none,no,no,no,no,no,no,no,no,no,no,no,no,no,no,no,no,high,medium,high,no,"динамическое слияние ресурсов; время, замки, квесты"
52782793,screw,,realistic_neutral,,none,no,none,no,no,no,no,no,no,no,no,no,no,no,no,no,no,no,no,high,medium,high,no,откручивай болтики на свободные отверстия; плашки
52784173,non_puzzle,,food_household,,none,no,idle_economy,no,no,no,no,no,no,no,no,no,no,no,no,no,no,no,no,high,medium,medium,no,"завод лимонада: станки, парк, автоматизация, магнат"
52794981,non_puzzle,,magic_fantasy,,core,no,rpg_progression,no,no,no,no,yes,no,no,no,no,no,no,no,no,no,no,no,high,high,high,no,"RPG: яйцо дракона, арена, мировые боссы, кланы"
52796216,hidden_object,,realistic_neutral,,none,no,none,no,no,no,no,no,no,no,no,no,no,no,no,no,no,no,no,high,medium,high,no,тонкие отличия между картинками; пляж
52796427,tile_match,,cute_animals,,none,no,none,no,no,no,no,no,no,no,no,no,no,no,no,no,no,no,no,high,high,high,no,"три плитки на панель; Котоград, 7 плиток проигрыш"
52796479,merge,,realistic_neutral,,none,no,none,no,no,no,no,no,no,no,no,no,no,no,no,no,no,no,no,high,medium,high,no,"2048 наоборот: сброс игрушек, комбо, Санта"
52796578,other_puzzle,,realistic_neutral,,none,no,none,no,no,no,no,no,no,no,no,no,no,no,no,no,no,no,no,high,medium,high,no,"лабиринты и снегоуборка; порталы, редактор уровней"
52799091,merge,,abstract,,none,no,none,no,no,no,no,no,no,no,no,no,no,no,no,no,no,no,no,medium,high,high,no,разбери стену или построй; это 2048 в 3Д
52803377,other_puzzle,,abstract,,none,no,none,no,no,no,no,no,no,no,no,no,no,no,no,no,no,no,no,medium,medium,high,no,реши слайд-головоломку за время; правил нет
52803406,non_puzzle,,food_household,,none,no,none,no,no,no,no,no,no,no,no,no,no,no,no,no,no,no,no,high,high,high,no,"хот-пот: кликай заказы на конвейере, ужин на время"
52807246,non_puzzle,,vehicles,,none,no,none,no,no,no,no,no,no,no,no,no,no,no,no,no,no,no,no,high,high,high,no,симулятор разрушения авто; тест-драйвы и полигоны
52807612,hidden_object,,unknown_mixed,,none,no,none,no,no,no,no,no,no,no,no,no,no,no,no,no,no,no,no,high,medium,high,no,4000 уровней отличий; фото разной тематики
52813474,match3,,magic_fantasy,,none,no,none,no,no,no,no,no,no,no,no,no,no,no,no,no,no,no,no,high,medium,high,no,три в ряд; ведьма сортирует предметы по порталам
52817449,non_puzzle,,abstract,,none,no,none,no,no,no,no,no,no,no,no,no,no,no,no,no,no,no,no,medium,medium,high,no,лови момент прыжка мяча; башня и препятствия
52817450,non_puzzle,,monsters_combat,,none,no,none,no,no,no,no,no,no,no,no,no,no,no,no,no,no,no,no,medium,medium,high,no,прыжки с пастью монстра; сундуки и новые монстры
52817454,merge,,food_household,,none,no,none,no,no,no,no,no,no,no,no,no,no,no,no,no,no,no,no,medium,high,high,no,свайп объедини ингредиенты в заказ; шашлычки
52817459,non_puzzle,,realistic_neutral,,none,no,none,no,no,no,no,no,no,no,no,no,no,no,no,no,no,no,no,high,medium,high,no,"дробилка: управляй бочкой, круши, скины"
52817619,tile_match,,abstract,,none,no,none,no,no,no,no,no,no,no,no,no,no,no,no,no,no,no,no,medium,high,high,no,рамкой числа с суммой 10; монеты и бонусы
52818841,quiz_trivia,,detective_mystery,,none,no,none,no,no,no,no,no,no,no,no,no,no,no,no,no,no,no,no,medium,medium,high,no,загадки таинственной организации; правил нет
52820689,match3,,cute_animals,,none,no,none,no,no,no,no,no,no,no,no,no,no,no,no,no,no,no,no,medium,high,high,no,"жанр Three in a row; лес, зверята и задачи"
52825865,word,,realistic_neutral,,none,no,pvp_tournament,no,no,no,no,no,no,no,no,no,no,no,no,no,no,no,no,high,medium,high,no,"слова из букв онлайн; башня, волны, игроки"
52829469,merge,,realistic_neutral,,none,no,none,no,no,no,no,no,no,no,no,no,no,no,no,no,no,no,no,medium,medium,high,no,соединяй компоненты в изобретения человечества
52846615,match3,,farm_garden,,none,no,none,no,no,no,no,no,no,no,no,no,no,no,no,no,no,no,no,high,medium,high,no,"грибочки 3 в ряд; лес, миссии, бустеры"
52846943,sort,,realistic_neutral,,none,no,none,no,no,no,no,no,no,no,no,no,no,no,no,no,no,no,no,high,medium,high,no,банки цветов по коробкам; стратегия и реквизит
52846965,other_puzzle,,realistic_neutral,,none,no,none,no,no,no,no,no,no,no,no,no,no,no,no,no,no,no,no,medium,medium,high,no,вилки в розетки; двигай зарядки и предметы
52847586,hidden_object,,realistic_neutral,,none,no,none,no,no,no,no,no,no,no,no,no,no,no,no,no,no,no,no,high,medium,high,no,отличия на кадрах фильмов; тапай области
52847608,sort,screw,realistic_neutral,,none,no,none,no,no,no,no,no,no,no,no,no,no,no,no,no,no,no,no,high,medium,high,no,болты и гайки по цветам; сортировка и внимание
52847869,tabletop,,realistic_neutral,,none,no,pvp_tournament,no,no,no,no,no,no,no,no,no,no,no,no,no,no,no,no,high,medium,high,no,"шашки онлайн: друзья, ИИ, турниры, обучение"
52849144,merge,,abstract,,none,no,none,no,no,no,no,no,no,no,no,no,no,no,no,no,no,no,no,high,high,high,no,"объединяй числа в большие; поле ограничено, лидеры"
52850855,sort,,realistic_neutral,,none,no,none,no,no,no,no,no,no,no,no,no,no,no,no,no,no,no,no,high,medium,high,no,"предметы по полкам; порядок и гармония, медитатив"
52851197,tile_match,,treasure_adventure,,none,no,none,no,no,no,no,no,no,no,no,no,no,no,no,no,no,no,no,high,high,high,no,"маджонг пары; археолог, пирамиды, пленницы"
52851428,sort,,cute_animals,,none,no,none,no,no,no,no,no,no,no,no,no,no,no,no,no,no,no,no,high,high,high,no,"котики по веткам по цветам; цирк, отмена и ветки"
52851783,other_puzzle,,unknown_mixed,,none,no,none,no,no,no,no,no,no,no,no,no,no,no,no,no,no,no,no,high,medium,high,no,"физика: проведи Джо, собери болты, верни голову"
52851920,other_puzzle,,monsters_combat,,none,no,none,no,no,no,no,no,no,no,no,no,no,no,no,no,no,no,no,high,medium,high,no,"бомбы и пушки, цепочка событий; раздолбай робота"
52866541,match3,,abstract,,none,no,none,no,no,no,no,no,no,no,no,no,no,no,no,no,no,no,no,medium,high,high,no,нажимай и убирай блоки чтобы соединить; рекорды
52867171,unknown,,realistic_neutral,,unknown,unknown,unknown,unknown,unknown,unknown,unknown,unknown,unknown,unknown,unknown,unknown,unknown,unknown,unknown,unknown,unknown,unknown,unknown,low,medium,low,yes,шарики по мешкам на Новый год; правил нет
52876409,sort,,food_household,,none,no,none,no,no,no,no,no,no,no,no,no,no,no,no,no,no,no,no,high,medium,high,no,жидкости цвета в стаканах; таверна и клиенты
52876412,other_puzzle,,abstract,,none,no,none,no,no,no,no,no,no,no,no,no,no,no,no,no,no,no,no,medium,medium,high,no,"гексы с номерами на позиции; узор цветом, блокировки"
52876413,tile_match,,unknown_mixed,,none,no,none,no,no,no,no,no,no,no,no,no,no,no,no,no,no,no,no,medium,medium,high,no,нажми стикер найди парный и соедини
52876417,match3,,food_household,,none,no,none,no,no,no,no,no,no,no,no,no,no,no,no,no,no,no,no,medium,medium,high,no,находи одинаковые закуски и убирай; режимы
52876418,match3,,abstract,,none,no,none,no,no,no,no,no,no,no,no,no,no,no,no,no,no,no,no,medium,medium,high,no,"головоломки на выбывание; отскоки, время, скины"
52876419,other_puzzle,,farm_garden,,none,no,none,no,no,no,no,no,no,no,no,no,no,no,no,no,no,no,no,medium,medium,high,no,нажми цветы распусти; взрыв влияет на окружающие
52878417,bubble_shooter,,abstract,,none,no,none,no,no,no,no,no,no,no,no,no,no,no,no,no,no,no,no,high,medium,high,no,"зума: лягушка, цепочки шаров, комбо 3+, бонусы"
52886943,other_puzzle,,realistic_neutral,,none,no,none,no,no,no,no,no,no,no,no,no,no,no,no,no,no,no,no,medium,medium,high,no,лопай пузыри; уровни и механики; Новый год
52888788,non_puzzle,,realistic_neutral,,none,no,none,no,no,no,no,no,no,no,no,no,no,no,no,no,no,no,no,medium,medium,high,no,забей гол или доедь до финиша; два челленджа
52893941,non_puzzle,,vehicles,,none,no,none,no,no,no,no,no,no,no,no,no,no,no,no,no,no,no,no,high,medium,high,no,"мопед: газ, препятствия, время"
52894088,match3,,cute_animals,,none,no,none,no,no,no,no,no,no,no,no,no,no,no,no,no,no,no,no,medium,high,high,no,подбор элементов по цветам; очаровательные котики
52894105,match3,,abstract,,none,no,none,no,no,no,no,no,no,no,no,no,no,no,no,no,no,no,no,medium,medium,high,no,свайп-вечеринка на выбывание; от новичка к эксперту
52894107,non_puzzle,,realistic_neutral,,none,no,none,no,no,no,no,no,no,no,no,no,no,no,no,no,no,no,no,medium,medium,high,no,"первобытный: перепрыгивай уровни, предметы, реакция"
52895482,merge,,realistic_neutral,,none,no,none,no,no,no,no,no,no,no,no,no,no,no,no,no,no,no,no,high,medium,high,no,соединяй буквы 2-4 в новую; сортировка и сбор слов
52896396,merge,,abstract,,none,no,none,no,no,no,no,no,no,no,no,no,no,no,no,no,no,no,no,high,high,high,no,"гекса 2048: блоки на поле, объединяй, молот, таблица"
52896454,sort,,abstract,,none,no,none,no,no,no,no,no,no,no,no,no,no,no,no,no,no,no,no,high,high,high,no,гексагоны в башни одного цвета; цвета не смешивать
52897974,hidden_object,,cute_animals,treasure_adventure,none,no,none,no,no,no,no,no,no,no,no,no,no,no,no,no,no,no,no,high,high,high,no,скрытые предметы и сокровища; коты и руины Персии
52898214,non_puzzle,,food_household,,none,no,none,no,no,no,no,no,no,no,no,no,no,no,no,no,no,no,no,medium,high,high,no,"магазин соков: заказы очереди, свежий сок"
52898503,match3,,abstract,,none,no,none,no,no,no,no,no,no,no,no,no,no,no,no,no,no,no,no,high,high,high,no,ряды 3+ исчезают; бесконечная башня три в ряд
52898722,block_hexa,,abstract,,none,no,none,no,no,no,no,no,no,no,no,no,no,no,no,no,no,no,no,medium,high,high,no,очисти поле фигурами; какие блоки упадут неизвестно
52899915,sort,screw,realistic_neutral,,none,no,none,no,no,no,no,no,no,no,no,no,no,no,no,no,no,no,no,high,medium,high,no,гайки по цветам; сортировка внимание к деталям
52900504,non_puzzle,,magic_fantasy,,core,no,idle_economy,no,no,no,no,no,no,no,no,no,no,no,no,no,no,no,no,high,high,medium,no,"idle RPG: отряд, воины и маги, битвы, экипировка"
52901003,merge,,realistic_neutral,,none,no,none,no,no,no,no,no,no,no,no,no,no,no,no,no,no,no,no,medium,medium,high,no,"слияние фишек как в казино; квесты, релакс"
52901297,sort,,abstract,,none,no,none,no,no,no,no,no,no,no,no,no,no,no,no,no,no,no,no,high,high,high,no,гексаблоки по цветам; стратегия и тактика
52904486,sort,other_puzzle,vehicles,,none,no,none,no,no,no,no,no,no,no,no,no,no,no,no,no,no,no,no,high,medium,high,no,очередь авто и пассажиров по цветам; пробка
52912955,tile_match,,memes_pop_culture,,none,no,none,no,no,no,no,no,no,no,no,no,no,no,no,no,no,no,no,high,medium,high,no,"три плитки на панель; мелодии плиток, Sprunki"
52913915,sort,,cute_animals,,none,no,none,no,no,no,no,no,no,no,no,no,no,no,no,no,no,no,no,high,high,high,no,котики в автобусы по цветам; первый в очереди
52916427,tabletop,,realistic_neutral,,none,no,none,no,no,no,no,no,no,no,no,no,no,no,no,no,no,no,no,medium,medium,high,no,отсортируй карты на столе в порядке; отдых
52917333,sort,,vehicles,,none,no,none,no,no,no,no,no,no,no,no,no,no,no,no,no,no,no,no,high,high,high,no,машины по цвету по 4 на линию; скрытые и бустеры
52918288,match3,,treasure_adventure,,none,no,none,no,no,no,no,no,no,no,no,no,no,no,no,no,no,no,no,high,high,high,no,кристаллы три в ряд; сокровища и территории
52918306,tile_match,,realistic_neutral,,none,no,none,no,no,no,no,no,no,no,no,no,no,no,no,no,no,no,no,high,medium,high,no,"группы из трех игрушек; поиск предметов, очисти поле"
52923170,match3,,cute_animals,,none,no,none,no,no,no,no,no,no,no,no,no,no,no,no,no,no,no,no,high,high,high,no,"три в ряд; 10000 уровней, 80 котов, пазл-картинки"
52924131,merge,,abstract,,none,no,none,no,no,no,no,no,no,no,no,no,no,no,no,no,no,no,no,medium,high,high,no,классические шарики со слиянием в уровень
52925299,match3,,home_renovation,,none,no,renovation_story,no,no,no,no,no,no,no,no,no,no,no,no,no,no,no,no,high,high,medium,no,"три в ряд; ремонт и дизайн дома, секреты"
52930493,picture_reveal,,realistic_neutral,,none,no,none,no,no,no,no,no,no,no,no,no,no,no,no,no,no,no,no,high,medium,high,no,поворачивай фрагменты; пейзажи фотографов
52932142,tabletop,,realistic_neutral,,none,no,none,no,no,no,no,no,no,no,no,no,no,no,no,no,no,no,no,high,medium,high,no,"дурак подкидной и переводной; живые игроки, статистика"
52936577,non_puzzle,,monsters_combat,,core,no,none,no,no,no,no,no,no,no,no,no,no,no,no,no,no,no,no,medium,medium,high,no,турели против монстриков на 6 дорожках; стратегия
52937212,tile_match,,abstract,,none,no,none,no,no,no,no,no,no,no,no,no,no,no,no,no,no,no,no,medium,high,high,no,рамкой числа с суммой 10; монеты и бонусы
52937214,tile_match,,realistic_neutral,,none,no,none,no,no,no,no,no,no,no,no,no,no,no,no,no,no,no,no,medium,medium,high,no,3D-предметы на полках; классификация и хранение
52937215,other_puzzle,,abstract,,none,no,none,no,no,no,no,no,no,no,no,no,no,no,no,no,no,no,no,medium,medium,high,no,лопайте 3D-шары; новые шары на уровнях
52937582,tabletop,quiz_trivia,vehicles,,core,no,none,no,no,no,no,no,no,no,no,no,no,no,no,no,no,no,no,medium,medium,high,no,морской бой: ответь на вопрос чтобы выстрелить; флот
52941296,match3,,treasure_adventure,,none,no,none,no,no,no,no,no,no,no,no,no,no,no,no,no,no,no,no,medium,high,high,no,"жанр Three in a row, серия Тайны; Искатель и артефакты"
52948317,merge,,space_scifi,,none,no,none,no,no,no,no,no,no,no,no,no,no,no,no,no,no,no,unknown,medium,medium,high,no,лопанье шариков и 2048; слияние планет в космосе
52955347,non_puzzle,,magic_fantasy,,none,no,none,no,no,no,no,no,no,no,no,no,no,no,no,no,no,no,no,medium,high,high,no,"тайм-менеджмент; Тор и Зевс, квесты богов, Мидгард"
52968883,merge,,abstract,,none,no,none,no,no,no,no,no,no,no,no,no,no,no,no,no,no,no,no,high,high,high,no,"2048: соединяй падающие блоки, рейтинг, бонусы"
52977265,sort,screw,realistic_neutral,,none,no,renovation_story,no,no,no,no,no,no,no,no,no,no,no,no,no,no,no,no,high,medium,low,no,болты и гайки по цветам; звезды на уютные комнаты
52979805,word,,realistic_neutral,,none,no,none,no,no,no,no,no,no,no,no,no,no,no,no,no,no,no,no,high,medium,high,no,ассоциации между словами; уровни и турниры
52985007,merge,,abstract,,none,no,none,no,no,no,no,no,no,no,no,no,no,no,no,no,no,no,no,high,high,high,no,"2048 с треугольниками: бросай, слияние, физика"
53001208,match3,,treasure_adventure,,none,no,none,no,no,no,no,no,no,no,no,no,no,no,no,no,no,no,no,high,high,high,no,"три в ряд; пираты, острова, сокровища, Royal Island"
53004664,match3,,abstract,,none,no,pvp_tournament,no,no,no,no,no,no,no,no,no,no,no,no,no,no,no,no,high,medium,high,no,"PvP три в ряд на одном поле; команды, стикеры, турниры"
53004800,non_puzzle,,realistic_neutral,,core,no,none,no,no,no,no,no,no,no,no,no,no,no,no,no,no,no,no,medium,medium,high,no,"гексы: ресурсы, путь к острову, захват флага"
53009998,hidden_object,,cute_animals,,none,no,none,no,no,no,no,no,no,no,no,no,no,no,no,no,no,no,no,medium,high,high,no,помоги Саше найти 12 котов
53012445,merge,,abstract,,none,no,none,no,no,no,no,no,no,no,no,no,no,no,no,no,no,no,no,high,high,high,no,"2048: соединяй ящики; ряд давит, потолок проигрыш"
53013570,sort,,realistic_neutral,,none,no,none,no,no,no,no,no,no,no,no,no,no,no,no,no,no,no,no,medium,medium,high,no,"Сортировка в названии; женские предметы, уровни"
53014450,non_puzzle,,memes_pop_culture,,core,no,none,no,no,no,no,yes,no,no,no,no,no,no,no,no,no,no,no,high,medium,high,no,"дед уходит от погони; арсенал, боссы, 50 уровней"
53016679,tile_match,,realistic_neutral,,none,no,none,no,no,no,no,no,no,no,no,no,no,no,no,no,no,no,no,high,medium,high,no,"маджонг пары; Пекин, Киото, пирамиды, Париж"
53021580,sort,,food_household,,none,no,none,no,no,no,no,no,no,no,no,no,no,no,no,no,no,no,no,high,medium,high,no,"товары по полкам 3 рядом; магазин Боба, снеки"
53021720,block_hexa,,abstract,,none,no,none,no,no,no,no,no,no,no,no,no,no,no,no,no,no,no,no,medium,high,high,no,слайдер: двигай блоки заполни линию; мэр Блокфурта
53021757,other_puzzle,,space_scifi,cute_animals,none,no,none,no,no,no,no,no,no,no,no,no,no,no,no,no,no,no,no,high,medium,high,no,нарисуй путь зайцу к порталу цвета; планета
53021781,non_puzzle,,memes_pop_culture,,none,no,none,no,no,no,no,no,yes,no,no,no,no,no,no,no,no,no,no,high,high,high,no,"геометри даш; мемы, 9 уровней, 9 боссов-мемов"
53021792,merge,,cute_animals,,none,no,none,no,no,no,no,no,no,no,no,no,no,no,no,no,no,no,no,high,high,high,no,"2048: выпускай котиков, два объединяются; контейнер"
53026505,other_puzzle,,unknown_mixed,,none,no,none,no,no,no,no,no,no,no,no,no,no,no,no,no,no,no,no,medium,medium,high,no,"порази шарики; композитор, кот, привидение, ноты"
53032843,match3,,home_renovation,,none,no,renovation_story,no,no,no,no,no,no,no,no,no,no,no,no,no,no,no,no,high,medium,low,no,"три в ряд; украшай замок, задания, соревнования"
53038500,sort,,farm_garden,,none,no,none,no,no,no,no,no,no,no,no,no,no,no,no,no,no,no,no,high,high,high,no,цветы по полкам одного цвета; садовник Макар
53042807,sort,,cute_animals,treasure_adventure,none,no,none,no,no,no,no,no,no,no,no,no,no,no,no,no,no,no,unknown,high,medium,high,no,капибары по цвету на полках; золото инков
53043180,picture_reveal,,cute_animals,,none,no,none,no,no,no,no,no,no,no,no,no,no,no,no,no,no,no,no,high,medium,high,no,пазлы для детей; животные и сказочные сцены
53043222,merge,,horror,,core,no,none,no,no,no,no,no,no,no,no,no,no,no,no,no,no,no,no,high,medium,medium,no,"мердж солдат; крепость, волны зомби, арсенал"
53053956,merge,,monsters_combat,,core,no,none,no,no,no,no,yes,no,no,no,no,no,no,no,no,no,no,no,high,medium,high,no,"мердж брони и оружия; разбей отряд, могучие боссы"
53056123,non_puzzle,,memes_pop_culture,,core,no,none,no,no,no,no,no,no,no,no,no,no,no,no,no,no,no,no,medium,medium,high,no,"Нубик: шахта, торговля, деревня; сражайся с монстрами"
53056922,sort,,space_scifi,,none,no,none,no,no,no,no,no,no,no,no,no,no,no,no,no,no,no,no,high,medium,high,no,сортировка и слияние гексов; поле можно вращать; Фокс
53065901,merge,,memes_pop_culture,,none,no,collection,no,no,no,no,no,no,no,no,no,no,no,no,no,no,no,no,high,medium,medium,no,соединяй спрунки в новых; собери коллекцию
53071590,sort,merge,farm_garden,,none,no,none,no,no,no,no,no,no,no,no,no,no,no,no,no,no,no,no,high,high,high,no,цветы по горшочкам; соединяй в кусты; 8 марта
53082679,other_puzzle,,vehicles,,none,no,none,no,no,no,no,no,no,no,no,no,no,no,no,no,no,no,no,high,high,high,no,убирай машинки с парковки обходя препятствия
53084307,merge,,horror,,core,no,none,no,no,no,no,yes,no,no,no,no,no,no,no,no,no,no,no,high,medium,high,no,мердж снаряжения; зачисти локацию от зомби; боссы
53092945,other_puzzle,,monsters_combat,,core,no,none,no,no,no,no,no,no,no,no,no,no,no,no,no,no,no,no,medium,medium,high,no,"уровни-головоломки, стреляя в обезьян-врагов"
53094709,word,,realistic_neutral,,none,no,pvp_tournament,no,no,no,no,no,no,no,no,no,no,no,no,no,no,no,no,high,medium,high,no,"слова быстрее всех онлайн; локации, запас"
53105070,merge,,abstract,,none,no,none,no,no,no,no,no,no,no,no,no,no,no,no,no,no,no,no,high,high,high,no,нажимай блоки с числами чтобы объединить; таблица
53107756,merge,,horror,,core,no,none,no,no,no,no,yes,no,no,no,no,no,no,no,no,no,no,no,high,medium,high,no,"соединяй зомби в монстров; толпа, Боссы, стелс"
53110303,merge,,farm_garden,,none,no,none,no,no,no,no,no,no,no,no,no,no,no,no,no,no,no,no,medium,medium,high,no,объединяй цветы в соцветия; редкие виды
53111918,merge,,horror,,none,no,none,no,no,no,no,no,no,no,no,no,no,no,no,no,no,no,no,high,high,high,no,хоррор спрунки: соединяй монстров; мрачные сюрпризы
53114451,word,,realistic_neutral,,none,no,none,no,no,no,no,no,no,no,no,no,no,no,no,no,no,no,no,high,medium,high,no,спрятанные слова на досках; 50 категорий
53128417,merge,,abstract,,none,no,none,no,no,no,no,no,no,no,no,no,no,no,no,no,no,no,no,high,high,high,no,плитки по сетке объединяй до 2048; рекорды
53131314,arrow_tapaway,,abstract,,none,no,none,yes,yes,unknown,unknown,unknown,yes,yes,unknown,unknown,unknown,unknown,unknown,unknown,unknown,unknown,unknown,high,medium,medium,no,кубик в направлении стрелки; вращение фигуры; освободи поле
53138411,other_puzzle,,vehicles,,none,no,none,no,no,no,no,no,no,no,no,no,no,no,no,no,no,no,no,high,high,high,no,паркуй авто точно; стрелка лишь указатель места
53148435,merge,,realistic_neutral,,none,no,idle_economy,no,no,no,no,no,no,no,no,no,no,no,no,no,no,no,no,high,medium,medium,no,merge и idle: магазинчики в торговый центр
53151763,match3,,food_household,,none,no,none,no,no,no,no,no,no,no,no,no,no,no,no,no,no,no,no,high,high,high,no,"меняй конфетки 3 в ряд; шоколадки, бомбы, колесо"
53173186,hidden_object,,magic_fantasy,,none,no,none,no,no,no,no,no,no,no,no,no,no,no,no,no,no,no,no,high,high,high,no,уютный поиск предметов; фэнтези-улицы и жители
53178685,sort,,abstract,,none,no,none,no,no,no,no,no,no,no,no,no,no,no,no,no,no,no,no,high,high,high,no,монеты в стеки; совпадающие исчезают; Hexa Coin Sort
53182009,non_puzzle,,realistic_neutral,,none,no,none,no,no,no,no,no,no,no,no,no,no,no,no,no,no,no,no,high,medium,high,no,"рэгдолл шутер; поход в ларек, армия роботов"
53184846,match3,,food_household,,none,no,none,no,no,no,no,no,no,no,no,no,no,no,no,no,no,no,no,high,high,high,no,три в ряд; выжми сок из фруктов
53188277,merge,,abstract,,none,no,none,no,no,no,no,no,no,no,no,no,no,no,no,no,no,no,no,medium,high,high,no,шарики 2048 и надвигающиеся блоки; энергия
53198099,match3,,farm_garden,,none,no,collection,no,no,no,no,no,no,no,no,no,no,no,no,no,no,no,no,high,medium,medium,no,"3 цветка; Лукас, коллекция бабочек, бустеры"
53215173,non_puzzle,,unknown_mixed,,none,no,none,no,no,no,no,no,no,no,no,no,no,no,no,no,no,no,no,high,medium,high,no,"черная дыра ест все: люди, машины, планета"
53217960,non_puzzle,,cute_animals,,none,no,none,no,no,no,no,no,no,no,no,no,no,no,no,no,no,no,no,high,high,high,no,"ветклиника: спасай пациентов, развивай клинику"
53221653,merge,,magic_fantasy,,none,no,none,no,no,no,no,no,no,no,no,no,no,no,no,no,no,no,no,medium,medium,high,no,"Рука Бога 2048: небесные плитки, тайны богов"
53241718,quiz_trivia,,realistic_neutral,,none,no,none,no,no,no,no,no,no,no,no,no,no,no,no,no,no,no,no,high,high,high,no,"вопросы 7 тем, 4 варианта, лесенка, 3 подсказки"
53258749,block_hexa,,treasure_adventure,,none,no,none,no,no,no,no,no,no,no,no,no,no,no,no,no,no,no,no,medium,medium,high,no,"блок пазлы; тропические острова, звезды, зоны"
53261501,sort,,abstract,,none,no,none,no,no,no,no,no,no,no,no,no,no,no,no,no,no,no,no,high,high,high,no,"кольца по цветам от простого к сложному, Пружинки"
53263334,match3,,space_scifi,,none,no,none,no,no,no,no,no,no,no,no,no,no,no,no,no,no,no,no,high,high,high,no,"три в ряд; Инесса, порталы, астероиды, станции"
53267140,sort,,abstract,,none,no,none,no,no,no,no,no,no,no,no,no,no,no,no,no,no,no,no,high,high,high,no,веревки в катушках по цветам
53270258,non_puzzle,,realistic_neutral,,core,no,none,no,no,no,no,yes,no,no,no,no,no,no,no,no,no,no,no,high,medium,high,no,"уличный боец; комбо, предметы, одолей Боссов"
53293475,screw,,realistic_neutral,,none,no,none,no,no,no,no,no,no,no,no,no,no,no,no,no,no,no,no,high,medium,high,no,"Screw out: логика и стратегия, уровни и фигуры"
53298824,tile_match,,magic_fantasy,,none,no,none,no,no,no,no,no,no,no,no,no,no,no,no,no,no,no,no,high,medium,high,no,"маджонг пары кубиков; волшебный Divinex, тайны"
53300154,tile_match,,cute_animals,,none,no,none,no,no,no,no,no,no,no,no,no,no,no,no,no,no,no,no,high,medium,high,no,расслабляющий маджонг; милые кубики-питомцы
53307659,merge,,treasure_adventure,,none,no,none,no,no,no,no,no,no,no,no,no,no,no,no,no,no,no,no,medium,medium,high,no,копай шахту; объединяй шахтеров; сундуки и золото
53308488,sort,,abstract,,none,no,none,no,no,no,no,no,no,no,no,no,no,no,no,no,no,no,no,high,high,high,no,мячи по цветным коробкам от простого к сложному
53308516,merge,,cute_animals,,none,no,idle_economy,no,no,no,no,no,no,no,no,no,no,no,no,no,no,no,no,high,medium,medium,no,"сливай питомцев; острова, тайкун, империя"
53321885,non_puzzle,,realistic_neutral,,core,no,pvp_tournament,no,no,no,no,no,no,no,no,no,no,no,no,no,no,no,no,high,medium,high,no,"шутер: режимы, арсенал, боевой пропуск, матчи"
53329443,other_puzzle,,magic_fantasy,,none,no,none,no,no,no,no,no,no,no,no,no,no,no,no,no,no,no,no,medium,high,high,no,бродилка-квест школы волшебства; локации и зелья
53334526,sort,,abstract,,none,no,none,no,no,no,no,no,no,no,no,no,no,no,no,no,no,no,no,high,high,high,no,кубики по контейнерам; уровни и мастерство
53339067,other_puzzle,,monsters_combat,,core,no,none,no,no,no,no,no,yes,no,no,no,no,no,yes,no,no,no,no,high,high,medium,no,траектория рикошета; снаряды от стен; охота на монстров
53343087,other_puzzle,,vehicles,,none,no,none,no,no,no,no,no,no,no,no,no,no,no,no,no,no,no,no,high,medium,high,no,нарисуй дорогу и проедь физикой; 42 уровня
53344562,arrow_tapaway,,abstract,,none,no,none,yes,yes,unknown,unknown,unknown,unknown,unknown,unknown,unknown,unknown,unknown,unknown,unknown,unknown,unknown,unknown,medium,medium,medium,no,блоки распутай и выведи за пределы поля; Чубрики
53345921,non_puzzle,,realistic_neutral,,none,no,none,no,no,no,no,no,no,no,no,no,no,no,no,no,no,no,no,high,medium,high,no,"стимпанк город: биржа, заводы, налоги, союзы"
53350179,other_puzzle,,abstract,,none,no,none,no,no,no,no,no,no,no,no,no,no,no,no,no,no,no,no,high,high,high,no,включи лампочки: клик переворачивает соседние
53350181,other_puzzle,,realistic_neutral,,none,no,none,no,no,no,no,no,no,no,no,no,no,no,no,no,no,no,no,high,medium,high,no,мыло в воронку цвета; ходы лишь по горизонтали и вертикали
53350185,other_puzzle,,magic_fantasy,,none,no,none,no,no,no,no,no,no,no,no,no,no,no,no,no,no,no,no,high,medium,high,no,"камни на алтари; лава, стратегия и траектория"
53359352,merge,,abstract,,none,no,none,no,no,no,no,no,no,no,no,no,no,no,no,no,no,no,no,medium,high,high,no,комбинируй блоки на гексах; не заполни сетку
53359621,other_puzzle,,memes_pop_culture,horror,none,no,none,no,no,no,no,no,no,no,no,no,no,no,no,no,no,no,no,high,medium,high,no,"Нубик: путь из тюрьмы, ловушки, скелеты и зомби"
53359895,tile_match,,realistic_neutral,,none,no,none,no,no,no,no,no,no,no,no,no,no,no,no,no,no,no,no,high,medium,high,no,"классический маджонг; Гавайи, 500 досок, рекорды"
53360165,screw,,realistic_neutral,,none,no,none,no,no,no,no,no,no,no,no,no,no,no,no,no,no,no,no,high,medium,high,no,последовательность отвинчивания болтов очень важна
53369519,sort,,realistic_neutral,,none,no,none,no,no,no,no,no,no,no,no,no,no,no,no,no,no,no,no,high,medium,high,no,монеты по типу цвету номиналу в отделения
53371457,match3,,treasure_adventure,,none,no,none,no,no,no,no,no,no,no,no,no,no,no,no,no,no,no,no,high,medium,high,no,линии из 3+ изумрудов; древние сокровища
53371848,sort,,cute_animals,,none,no,none,no,no,no,no,no,no,no,no,no,no,no,no,no,no,no,no,high,high,high,no,птицы цвета на ветки; одного цвета улетают; режимы
53373450,non_puzzle,,magic_fantasy,,core,no,rpg_progression,no,no,no,no,yes,no,no,no,no,no,no,no,no,no,no,no,high,high,high,no,"RPG: монстры бездны, гильдия, замки, побеждай Боссов"
53376995,merge,,food_household,,none,no,none,no,no,no,no,no,no,no,no,no,no,no,no,no,no,no,no,high,medium,high,no,"Candy 2048: целевое число, мешающие кубики, бустеры"
53384440,block_hexa,,abstract,,none,no,none,no,no,no,no,no,no,no,no,no,no,no,no,no,no,no,no,high,high,high,no,фигуры на поле; линии очищают; мастер стратегии
53391764,merge,,food_household,,none,no,none,no,no,no,no,no,no,no,no,no,no,no,no,no,no,no,no,high,high,high,no,суйка фруктов; не переполни контейнер
53393011,match3,,cute_animals,,none,no,none,no,no,no,no,no,no,no,no,no,no,no,no,no,no,no,no,high,medium,high,no,"матч-3 с медведем; уровни, графика, бонусы"
53402966,sort,,abstract,,none,no,none,no,no,no,no,no,no,no,no,no,no,no,no,no,no,no,no,high,high,high,no,"шарики в колбы; 100 уровней, отмена и колбы"
53404405,tile_match,,memes_pop_culture,,none,no,none,no,no,no,no,no,no,no,no,no,no,no,no,no,no,no,no,high,high,high,no,три плитки на панель; K-pop биты
53404473,tile_match,,vehicles,,none,no,none,no,no,no,no,no,no,no,no,no,no,no,no,no,no,no,no,high,high,high,no,"три авто на панель; седаны, джипы, концепты"
53404495,tile_match,,abstract,,none,no,none,no,no,no,no,no,no,no,no,no,no,no,no,no,no,no,no,high,medium,high,no,"три плитки на панель; дзен, сотни уровней"
53416198,merge,,realistic_neutral,,none,no,none,no,no,no,no,no,no,no,no,no,no,no,no,no,no,no,no,high,medium,high,no,"пасьянс и 2048: карты в столбики, новые карты"
53416790,merge,,abstract,,none,no,none,no,no,no,no,no,no,no,no,no,no,no,no,no,no,no,no,medium,high,high,no,числовые ячейки объединяй; следи за ходами
53416819,tile_match,,unknown_mixed,,none,no,none,no,no,no,no,no,no,no,no,no,no,no,no,no,no,no,no,high,medium,high,no,"маджонг и матч-3: по 3 плитки, расчисти поле"
53416853,merge,,abstract,,none,no,none,no,no,no,no,no,no,no,no,no,no,no,no,no,no,no,no,high,high,high,no,слияние шариков с числами; очки и выживание
53421234,merge,,abstract,,none,no,none,no,no,no,no,no,no,no,no,no,no,no,no,no,no,no,no,high,high,high,no,стреляй кубиками и соединяй до максимума
53421811,non_puzzle,,food_household,,none,no,none,no,no,no,no,no,no,no,no,no,no,no,no,no,no,no,no,medium,low,high,no,разрушь мармеладную башню; спецэффекты
53422851,merge,,abstract,,none,no,none,no,no,no,no,no,no,no,no,no,no,no,no,no,no,no,no,high,high,high,no,суйка с физикой: тапай бросай соединяй; радуга
53428274,hidden_object,,detective_mystery,,none,no,none,no,no,no,no,no,no,no,no,no,no,no,no,no,no,no,no,high,medium,high,no,"найди Мари в особняке; ключи, двери, углы"
53429374,match3,,abstract,,none,no,none,no,no,no,no,no,no,no,no,no,no,no,no,no,no,no,no,medium,high,high,no,"найди совпадающие блоки; задачи уровня, бустеры"
53429574,merge,,abstract,,none,no,none,no,no,no,no,no,no,no,no,no,no,no,no,no,no,no,no,medium,high,high,no,стиль 2048; распределяй блоки в места
53433009,merge,,food_household,,none,no,none,no,no,no,no,no,no,no,no,no,no,no,no,no,no,no,no,high,medium,high,no,соединяй овощи; изучай названия; детям
53433964,merge,,abstract,,none,no,none,no,no,no,no,no,no,no,no,no,no,no,no,no,no,no,no,high,high,high,no,"четыре стопки карт; соединяй одинаковые, двигай стопки"
53440351,match3,,abstract,,none,no,none,no,no,no,no,no,no,no,no,no,no,no,no,no,no,no,no,medium,high,high,no,соединяй цепочки шаров против стены шаров
53444760,bubble_shooter,,abstract,,none,no,none,no,no,no,no,no,no,no,no,no,no,no,no,no,no,no,no,high,high,high,no,траектория выстрела; гроздь от потолка; мумия
53444829,other_puzzle,,abstract,,none,no,none,no,no,no,no,no,no,no,no,no,no,no,no,no,no,no,no,high,medium,high,no,перемещай блоки размести; минимум ходов
53447018,hidden_object,,cute_animals,,none,no,none,no,no,no,no,no,no,no,no,no,no,no,no,no,no,no,no,high,high,high,no,поиск предметов; спрятанные коты в парке аттракционов
53448227,match3,,vehicles,,core,no,rpg_progression,no,no,no,no,no,no,no,no,no,no,no,no,no,no,no,no,high,medium,medium,no,группы 2+ это выстрел по сопернику; гонки и прокачка
53466657,word,,realistic_neutral,,none,no,none,no,no,no,no,no,no,no,no,no,no,no,no,no,no,no,no,high,medium,high,no,"виселица: 9 попыток, темы, буквы"
53473067,block_hexa,,abstract,,none,no,none,no,no,no,no,no,no,no,no,no,no,no,no,no,no,no,no,medium,high,high,no,направление движения блоков задаешь сам; взрывы
53475510,sort,,realistic_neutral,,none,no,none,no,no,no,no,no,no,no,no,no,no,no,no,no,no,no,no,high,medium,high,no,"реагенты по колбам; профессор, ба-бах"
53477758,sort,,vehicles,,none,no,none,no,no,no,no,no,no,no,no,no,no,no,no,no,no,no,no,high,medium,high,no,сиденья и пассажиры в автобусах; освободи остановку
53478957,picture_reveal,,memes_pop_culture,,none,no,none,no,no,no,no,no,no,no,no,no,no,no,no,no,no,no,no,medium,medium,high,no,персонажи по кусочкам в пазле; потом арена
53480720,match3,,treasure_adventure,,none,no,none,no,no,no,no,no,no,no,no,no,no,no,no,no,no,no,no,high,medium,high,no,"три в ряд; пираты, порталы, сложность"
53495696,screw,,realistic_neutral,,none,no,none,no,no,no,no,no,no,no,no,no,no,no,no,no,no,no,no,high,medium,high,no,"откручивай болты; деревянные головоломки, уровни"
53495848,match3,,abstract,,none,no,none,no,no,no,no,no,no,no,no,no,no,no,no,no,no,no,no,high,high,high,no,"матч 3; сага-карта, усилители, уровни"
53496602,match3,,home_renovation,,none,no,renovation_story,no,no,no,no,no,no,no,no,no,no,no,no,no,no,no,no,high,high,medium,no,"три в ряд; особняк, комнаты, наследство"
53500261,match3,merge,abstract,,none,no,none,no,no,no,no,no,no,no,no,no,no,no,no,no,no,no,no,high,high,high,no,3+ предметов в очки; объединяй в высшее значение
53507392,non_puzzle,,memes_pop_culture,,none,no,none,no,no,no,no,no,no,no,no,no,no,no,no,no,no,no,no,medium,medium,high,no,"копай яму с лопатой; ресурсы, дед и жигуль"
53512514,sort,,abstract,,none,no,none,no,no,no,no,no,no,no,no,no,no,no,no,no,no,no,no,high,high,high,no,кубики цветов в ячейки; стратегия и бустеры
53514799,non_puzzle,,realistic_neutral,,core,no,pvp_tournament,no,no,no,no,no,no,no,no,no,no,no,no,no,no,no,no,high,medium,high,no,"шутер: режимы, арсенал, пропуск, матчи"
53515711,sort,,cute_animals,,none,no,none,no,no,no,no,no,no,no,no,no,no,no,no,no,no,no,no,high,high,high,no,"зверята 3 на полку; ключи, клетки, уровень дня"
53519106,merge,,cute_animals,,none,no,rpg_progression,no,no,no,no,no,no,no,no,no,no,no,no,no,no,no,no,medium,medium,low,no,"мердж котов; хаос в доме, прокачка, способности"
53524315,merge,,abstract,,none,no,none,no,no,no,no,no,no,no,no,no,no,no,no,no,no,no,no,high,high,high,no,объединяй плитки с числами до 2048; метро и перерывы
53524888,merge,,realistic_neutral,,none,no,none,no,no,no,no,no,no,no,no,no,no,no,no,no,no,no,no,high,medium,high,no,"стопочки: карточка на такую же, число удвоится"
53526998,merge,,cute_animals,magic_fantasy,none,no,none,no,no,no,no,no,no,no,no,no,no,no,no,no,no,no,no,high,medium,high,no,"merge-2: совмещай предметы; остров, питомцы, туча"
53539879,picture_reveal,,cute_animals,,none,no,none,no,no,no,no,no,no,no,no,no,no,no,no,no,no,no,no,high,medium,high,no,30 картинок кусочками; рыбки и котик
53542343,match3,,abstract,,none,no,none,no,no,no,no,no,no,no,no,no,no,no,no,no,no,no,no,medium,high,high,no,"собирай и комбинируй блоки; очисти поле, очки"
53542905,non_puzzle,,vehicles,,none,no,none,no,no,no,no,no,no,no,no,no,no,no,no,no,no,no,no,high,high,high,no,"краш-тест спорткаров: молоты, трамплины, рекорды"
53542940,non_puzzle,,vehicles,,none,no,none,no,no,no,no,no,no,no,no,no,no,no,no,no,no,no,no,high,high,high,no,"разрушение машинок: молоты, прессы, рекорды"
53543089,tabletop,,realistic_neutral,,none,no,none,no,no,no,no,no,no,no,no,no,no,no,no,no,no,no,no,high,medium,high,no,"домино: ИИ, дуэли, друг, экран; 7 костяшек"
53543534,merge,,abstract,,none,no,none,no,no,no,no,no,no,no,no,no,no,no,no,no,no,no,no,high,high,high,no,линией 3+ кубиков соедини в следующий; рекорды
53544548,sort,,abstract,,none,no,none,no,no,no,no,no,no,no,no,no,no,no,no,no,no,no,no,high,high,high,no,"веревки сортируй; катушки, звезды, откат"
53546633,other_puzzle,,abstract,,none,no,none,no,no,no,no,no,no,no,no,no,no,no,no,no,no,no,no,high,medium,high,no,двигайся и закрашивай лабиринт; сотни уровней
53556708,picture_reveal,,cute_animals,,none,no,none,no,no,no,no,no,no,no,no,no,no,no,no,no,no,no,no,high,medium,high,no,30 картинок-заплаток; рыбки и котик
53557986,tile_match,,unknown_mixed,,none,no,none,no,no,no,no,no,no,no,no,no,no,no,no,no,no,no,no,high,medium,high,no,по три предмета из кучи; задачи и поле
53565472,non_puzzle,,unknown_mixed,,none,no,none,no,no,no,no,no,no,no,no,no,no,no,no,no,no,no,no,high,medium,high,no,"паркур обби: платформы, ловушки, скины"
53566082,match3,,treasure_adventure,,none,no,none,no,no,no,no,no,no,no,no,no,no,no,no,no,no,no,no,medium,medium,high,no,удаляй соседей чтобы бриллиант спустился
53567406,word,,realistic_neutral,,none,no,none,no,no,no,no,no,no,no,no,no,no,no,no,no,no,no,no,high,medium,high,no,"филворды: тысячи уровней, бонусы, монеты"
53570081,tile_match,,realistic_neutral,,none,no,none,no,no,no,no,no,no,no,no,no,no,no,no,no,no,no,no,high,medium,high,no,"классический маджонг; Восток, плитки и фоны"
53572033,non_puzzle,,memes_pop_culture,horror,core,no,none,no,no,no,no,no,no,no,no,no,no,no,no,no,no,no,no,medium,medium,high,no,строй защиту от волн зомби; соло и дуо
53572069,merge,,abstract,,none,no,none,no,unknown,unknown,unknown,unknown,unknown,unknown,unknown,unknown,unknown,unknown,unknown,unknown,unknown,unknown,unknown,medium,medium,low,yes,пушка стреляет шарами; объединяй и урон; бомбы
53574414,bubble_shooter,,abstract,,none,no,none,no,no,no,no,no,no,no,no,no,no,no,no,no,no,no,no,high,high,high,no,"зума: поток шаров к дыре; комбо 3+, точность"
53580294,non_puzzle,,unknown_mixed,,none,no,none,no,no,no,no,no,no,no,no,no,no,no,no,no,no,no,no,medium,medium,high,no,многопользовательский побег обби; ключи и ловушки
53581245,other_puzzle,,treasure_adventure,detective_mystery,none,no,none,no,no,no,no,no,no,no,no,no,no,no,no,no,no,no,no,high,medium,high,no,"100 дверей: кругосветка, маска инков, монстры"
53582095,bubble_shooter,,farm_garden,,none,no,none,no,no,no,no,no,yes,no,no,no,no,no,yes,no,no,no,no,high,medium,medium,no,"бабл шутер; линия прицеливания, отскоки от стен, луг"
53582279,tile_match,,realistic_neutral,,none,no,none,no,no,no,no,no,no,no,no,no,no,no,no,no,no,no,no,high,medium,high,no,"три шарика на панель; домик на шарах, дедушка"
53584246,match3,,magic_fantasy,,none,no,none,no,no,no,no,no,no,no,no,no,no,no,no,no,no,no,no,medium,medium,high,no,"жанр Three in a row; Фонарщик, маяк, скверна"
53585935,hidden_object,,detective_mystery,,none,no,none,no,no,no,no,no,no,no,no,no,no,no,no,no,no,no,no,high,high,high,no,"улики в комнатах и кафе; детектив, зум, расследование"
53589973,merge,,farm_garden,,none,no,none,no,no,no,no,no,no,no,no,no,no,no,no,no,no,no,no,high,medium,high,no,соединяй грибы; доберись до гриба-арбуза; лес
53603592,screw,,realistic_neutral,,none,no,none,no,no,no,no,no,no,no,no,no,no,no,no,no,no,no,no,high,medium,high,no,открути болтики в последовательности; фигурки
53606447,merge,,abstract,,none,no,none,no,no,no,no,no,no,no,no,no,no,no,no,no,no,no,no,medium,high,high,no,каждый ход серия слияний; мир чисел и логика
53606774,non_puzzle,,vehicles,,none,no,none,no,no,no,no,no,no,no,no,no,no,no,no,no,no,no,no,high,high,high,no,"краш-тест спуска: финиш, препятствия, рекорды"
53612890,match3,,abstract,,none,no,none,no,no,no,no,no,no,no,no,no,no,no,no,no,no,no,no,medium,medium,high,no,"жанр Three in a row; Поп Блоки, уровни и бонусы"
53614048,non_puzzle,,realistic_neutral,,none,no,none,no,no,no,no,no,no,no,no,no,no,no,no,no,no,no,no,high,medium,high,no,"отмыв наличных: проверь, очисти, фасуй; офис"
53621326,non_puzzle,,abstract,,none,no,none,no,no,no,no,no,no,no,no,no,no,no,no,no,no,no,no,medium,medium,high,no,охота на ускоряющуюся змейку; промах ей корм
53624698,bubble_shooter,,treasure_adventure,,none,no,none,no,no,no,no,no,no,no,no,no,no,no,no,no,no,no,no,high,high,high,no,"зума из пиратской пушки; цепочки, попугай, руины"
53629016,non_puzzle,,vehicles,,none,no,none,no,no,no,no,no,no,no,no,no,no,no,no,no,no,no,no,high,high,high,no,"название про шашки, но правило гонки: 118 машин, драг"
53646156,block_hexa,,farm_garden,,none,no,none,no,no,no,no,no,no,no,no,no,no,no,no,no,no,no,no,high,medium,high,no,"фигуры в ряды; топор, подсказки, волшебный лес"
53663472,non_puzzle,,memes_pop_culture,,none,no,none,no,no,no,no,yes,no,no,no,no,no,no,no,no,no,no,no,high,high,high,no,"блендер-соковыжималка мемов; собери капли, БОСС Чинуша"
53665330,quiz_trivia,,realistic_neutral,,none,no,none,no,no,no,no,no,no,no,no,no,no,no,no,no,no,no,no,high,medium,high,no,угадывай частые ответы людей
53666491,other_puzzle,,horror,food_household,none,no,none,no,no,no,no,no,no,no,no,no,no,no,no,no,no,no,no,medium,medium,high,no,"побег из парка; головоломки, монстры-фрукты"
53666703,tabletop,,realistic_neutral,,none,no,none,no,no,no,no,no,no,no,no,no,no,no,no,no,no,no,no,high,medium,high,no,"Четыре в ряд 7х6; атака и защита, ИИ и друг"
53681722,bubble_shooter,,abstract,,none,no,none,no,no,no,no,no,no,no,no,no,no,no,no,no,no,no,no,high,high,high,no,"зума: змейка шаров, комбо 3+, заморозка и бомбы"
53682511,sort,,abstract,,none,no,none,no,no,no,no,no,no,no,no,no,no,no,no,no,no,no,no,high,high,high,no,жидкости по пробиркам одного цвета; отмена хода
53685412,other_puzzle,,abstract,,none,no,none,no,no,no,no,no,no,no,no,no,no,no,no,no,no,no,no,medium,medium,high,no,механика пузырей и скины; правил нет
53695641,other_puzzle,,horror,,none,no,none,no,no,no,no,no,no,no,no,no,no,no,no,no,no,no,no,medium,high,high,no,"квест цирка: загадки, предметы, 5 концовок"
53699075,merge,,realistic_neutral,,none,no,none,no,no,no,no,no,no,no,no,no,no,no,no,no,no,no,no,high,medium,high,no,"2048 монет; стеклянный бокс, 100 золотых"
53713131,bubble_shooter,,cute_animals,,none,no,none,no,no,no,no,no,no,no,no,no,no,no,no,no,no,no,no,high,high,high,no,кидай шарики в цепочки; освободи енотов
53715292,unknown,,abstract,,unknown,unknown,unknown,unknown,unknown,unknown,unknown,unknown,unknown,unknown,unknown,unknown,unknown,unknown,unknown,unknown,unknown,unknown,unknown,low,medium,low,yes,номинал и логика; механики нет
53729818,sort,,abstract,,none,no,none,no,no,no,no,no,no,no,no,no,no,no,no,no,no,no,no,high,high,high,no,шары по колбам одного цвета; релакс
53729819,sort,,abstract,,none,no,none,no,no,no,no,no,no,no,no,no,no,no,no,no,no,no,no,high,high,high,no,"вода по колбам; тысячи уровней, без таймеров"
53729822,non_puzzle,,memes_pop_culture,,none,no,none,no,no,no,no,yes,no,no,no,no,no,no,no,no,no,no,no,high,high,high,no,"гонки на тракторе; мемы, осколки, БОСС Мамонт"
53742893,match3,,food_household,,none,no,none,no,no,no,no,no,no,no,no,no,no,no,no,no,no,no,no,high,high,high,no,"три в ряд; конфеты и мармелад, задания, очки"
53750332,other_puzzle,,abstract,,none,no,none,no,no,no,no,no,no,no,no,no,no,no,no,no,no,no,no,high,medium,high,no,удерживай экран веди блок к финишу без препятствий
53755070,non_puzzle,,monsters_combat,,core,no,none,no,no,no,no,no,no,no,no,no,no,no,no,no,no,no,no,medium,medium,high,no,"оборона от монстров: пушки, мины, баррикады"
53759483,sort,,food_household,,none,no,none,no,no,no,no,no,no,no,no,no,no,no,no,no,no,no,no,high,high,high,no,"15 шампуров в один тип; мясо, креветки, грибы"
53761900,sort,,realistic_neutral,,none,no,none,no,no,no,no,no,no,no,no,no,no,no,no,no,no,no,no,high,medium,high,no,булавки по коробочкам чтобы совпадали цвета
53774010,match3,,abstract,,none,no,none,no,no,no,no,no,no,no,no,no,no,no,no,no,no,no,no,high,high,high,no,соединяй 3+ числа в ряд; перетаскивай блоки
53787314,match3,,food_household,,none,no,none,no,no,no,no,no,no,no,no,no,no,no,no,no,no,no,no,high,high,high,no,сладкое 3 в ряд; ягодное приключение
53787377,non_puzzle,,memes_pop_culture,,core,no,none,no,no,no,no,no,no,no,no,no,no,no,no,no,no,no,no,high,high,high,no,"охота на мемных животных; стелс, оружие, миры"
53788339,picture_reveal,,unknown_mixed,,none,no,none,no,no,no,no,no,no,no,no,no,no,no,no,no,no,no,no,high,medium,high,no,классические пазлы; сотни иллюстраций
53791644,merge,,food_household,,none,no,none,no,no,no,no,no,no,no,no,no,no,no,no,no,no,no,no,high,high,high,no,два слоя торта в лучший; распредели по местам
53801016,other_puzzle,,abstract,,none,no,none,no,no,no,no,no,no,no,no,no,no,no,no,no,no,no,no,medium,medium,high,no,разукрась клетки как на образце; уровни сложнее
53803962,hidden_object,,realistic_neutral,,core,no,none,no,no,no,no,no,no,no,no,no,no,no,no,no,no,no,no,medium,medium,medium,no,ищи замаскированных врагов и уничтожь; лагерь
53813365,hidden_object,,treasure_adventure,,none,no,none,no,no,no,no,no,no,no,no,no,no,no,no,no,no,no,no,high,high,high,no,"поиск предметов; руины, храмы, сокровища острова"
53820780,hidden_object,,detective_mystery,horror,none,no,none,no,no,no,no,no,no,no,no,no,no,no,no,no,no,no,no,high,medium,high,no,"скрытые предметы; тайны рода, улики, замок"
53820806,merge,,cute_animals,,none,no,collection,no,no,no,no,no,no,no,no,no,no,no,no,no,no,no,no,high,medium,medium,no,"мердж предметов; коллекция Лабубу, кафе"
53820888,hidden_object,,memes_pop_culture,,none,no,none,no,no,no,no,no,no,no,no,no,no,no,no,no,no,no,no,high,high,high,no,"5 отличий; мем-зверушки, брейнрот-арт"
53821626,merge,,food_household,,none,no,none,no,no,no,no,no,no,no,no,no,no,no,no,no,no,no,no,high,high,high,no,соединяй продукты до секретного блюда; 100к
53825510,other_puzzle,,realistic_neutral,,none,no,none,no,no,no,no,no,no,no,no,no,no,no,no,no,no,no,no,high,medium,high,no,лифт 100 этажей: блоки в уравнения; Хранитель
53825760,tabletop,,realistic_neutral,,none,no,none,no,no,no,no,no,no,no,no,no,no,no,no,no,no,no,no,medium,medium,high,no,"Девятка: монеты, боты, ставки; карточная игра"
53825925,merge,,food_household,,none,no,none,no,no,no,no,no,no,no,no,no,no,no,no,no,no,no,no,high,medium,high,no,"мердж летающих фруктов; бомбочки, коллекция"
53834944,match3,,treasure_adventure,,none,no,none,no,no,no,no,no,no,no,no,no,no,no,no,no,no,no,no,high,high,high,no,"меняй артефакты 3+; пирамиды, фараоны, звезды"
53835983,hidden_object,,magic_fantasy,,none,no,none,no,no,no,no,no,no,no,no,no,no,no,no,no,no,no,no,high,medium,high,no,найди спрятанных драконов; фэнтези-пейзажи
53843698,match3,merge,realistic_neutral,,none,no,none,no,no,no,no,no,no,no,no,no,no,no,no,no,no,no,no,high,medium,high,no,три в ряд где матрешки растут; семья и сессии
53863334,other_puzzle,,abstract,,none,no,none,no,no,no,no,no,no,no,no,no,no,no,no,no,no,no,no,high,medium,high,no,"веди кубик закрась поле; взрывы блоков, пути"
53867861,other_puzzle,,abstract,,none,no,none,no,no,no,no,no,no,no,no,no,no,no,no,no,no,no,no,high,high,high,no,последовательности из 5+ шариков; стратегия ходов
53870404,merge,,abstract,,none,no,none,no,no,no,no,no,no,no,no,no,no,no,no,no,no,no,no,medium,high,high,no,стиль 2048: цепочки блоков до большого числа
53872649,word,,realistic_neutral,,none,no,none,no,no,no,no,no,no,no,no,no,no,no,no,no,no,no,unknown,high,medium,high,no,"слова по теме: горизонталь, вертикаль, диагонали"
53881173,non_puzzle,,cute_animals,,none,no,none,no,no,no,no,no,no,no,no,no,no,no,no,no,no,no,no,high,high,high,no,"3D аквариум: рыбки, декор, друзья и подарки"
53881849,other_puzzle,,cute_animals,food_household,none,no,none,no,no,no,no,no,no,no,no,no,no,no,no,no,no,no,no,high,medium,high,no,пятнашки: двигай блоки открой боксы; монстр и сладости
53883886,merge,,abstract,,none,no,none,no,no,no,no,no,no,no,no,no,no,no,no,no,no,no,no,high,high,high,no,"2048: блоки в любых направлениях, цепочки, комбо"
53892645,merge,,abstract,,none,no,none,no,no,no,no,no,no,no,no,no,no,no,no,no,no,no,no,medium,high,high,no,шарики 2048 до максимума; петарда и бомба
53893216,other_puzzle,,romance_love,,none,no,none,no,no,no,no,no,no,no,no,no,no,no,no,no,no,no,no,high,high,high,no,рисуй линии и мосты; подтолкни шарики; купидон
53894290,match3,,cute_animals,magic_fantasy,none,no,none,no,no,no,no,no,no,no,no,no,no,no,no,no,no,no,no,high,medium,high,no,"три в ряд; лагеря, фэнтези, Мышонок Шон"
53896033,match3,,memes_pop_culture,,none,no,none,no,no,no,no,no,no,no,no,no,no,no,no,no,no,no,no,high,medium,high,no,"три в ряд; маски и жетоны, дух выживания сериала"
53902490,non_puzzle,,monsters_combat,,core,no,none,no,no,no,no,no,no,no,no,no,no,no,no,no,no,no,no,medium,medium,high,no,"клинки режут слаймов; толпы, выживи, стиль боя"
53905078,merge,,abstract,space_scifi,none,no,none,no,no,no,no,no,no,no,no,no,no,no,no,no,no,no,no,high,medium,high,no,гексы с числами объединяй; Space лишь в названии
53909060,word,,magic_fantasy,,none,no,pvp_tournament,no,no,no,no,no,no,no,no,no,no,no,no,no,no,no,no,high,low,high,no,собирай слова; сундуки и турниры Королевства
53917906,other_puzzle,,horror,memes_pop_culture,none,no,none,no,no,no,no,no,no,no,no,no,no,no,no,no,no,no,unknown,medium,high,high,no,"квест Скулбоево: NPC, мемы, концовки, хоррор"
53928815,merge,,magic_fantasy,,none,no,none,no,no,no,no,no,no,no,no,no,no,no,no,no,no,no,no,high,medium,high,no,алхимия: 540 элементов от стихий к миру
53935012,match3,,cute_animals,,none,no,none,no,no,no,no,no,no,no,no,no,no,no,no,no,no,no,no,high,medium,high,no,рыбки в ряды; бустеры пузырь-бах и поворот
53936294,other_puzzle,,realistic_neutral,,none,no,none,no,no,no,no,no,no,no,no,no,no,no,no,no,no,no,no,medium,medium,high,no,бросай мяч разбей стаканы; физика и уровни
53938184,non_puzzle,,space_scifi,,none,no,none,no,no,no,no,no,no,no,no,no,no,no,no,no,no,no,no,medium,medium,high,no,платформер-головоломка; Алиса на планете тайн
53938398,hidden_object,,detective_mystery,,none,no,none,no,no,no,no,no,no,no,no,no,no,no,no,no,no,no,no,high,high,high,no,"улики Лондона; пропавшая наследница, мини-игры"
53944599,word,,realistic_neutral,,none,no,none,no,no,no,no,no,no,no,no,no,no,no,no,no,no,no,no,high,medium,high,no,буквы в слова по 8 направлениям; уровни и время
53952770,merge,,abstract,,none,no,none,no,no,no,no,no,no,no,no,no,no,no,no,no,no,no,no,medium,high,high,no,кубики 2048 3D: физика и напряжение
53954891,merge,,realistic_neutral,,none,no,none,no,no,no,no,no,no,no,no,no,no,no,no,no,no,no,no,medium,medium,high,no,плитки 2048 и кликеры; таблица лидеров
53960445,non_puzzle,,realistic_neutral,,cosmetic,no,none,no,no,no,no,no,no,no,no,no,no,no,no,no,no,no,no,high,high,medium,no,"симулятор СССР: быт, драки, голод; выживание"
53965248,other_puzzle,,horror,,none,no,none,no,no,no,no,no,no,no,no,no,no,no,no,no,no,no,no,medium,high,high,no,"ужастик: 8 записок в лесу, Слендер, без сражений"
53965278,non_puzzle,,abstract,,none,no,none,no,no,no,no,no,no,no,no,no,no,no,no,no,no,no,no,high,medium,high,no,"обби вверх: красные блоки смерть, чекпоинты"
53965380,merge,,abstract,,none,no,none,no,no,no,no,no,no,no,no,no,no,no,no,no,no,no,no,high,high,high,no,классика 2048 Чирулли; простота и стратегия
53966904,sort,,cute_animals,,none,no,none,no,no,no,no,no,no,no,no,no,no,no,no,no,no,no,no,high,high,high,no,"птицы по гнездам: цвет, размер, тип; радужная стая"
53970162,bubble_shooter,,abstract,,none,no,none,no,no,no,no,no,no,no,no,no,no,no,no,no,no,no,no,high,high,high,no,"классический бабл шутер; группы 3+, траектория"
53977441,other_puzzle,,abstract,,none,no,none,no,no,no,no,no,no,no,no,no,no,no,no,no,no,no,no,high,medium,high,no,мячом по перевернутым; каждый пройденный переворачивается
53977781,hidden_object,,home_renovation,,none,no,none,no,no,no,no,no,no,no,no,no,no,no,no,no,no,no,no,high,high,high,no,расслабленный поиск в интерьерах домов и природы
53977827,word,,realistic_neutral,,none,no,none,no,no,no,no,no,no,no,no,no,no,no,no,no,no,no,no,high,medium,high,no,из слова множество производных; викторины и кроссворды
53981531,match3,,magic_fantasy,,core,no,rpg_progression,no,no,no,no,no,no,no,no,no,no,no,no,no,no,no,no,high,high,medium,no,"три в ряд; Академия Чудес, заклинания, существа"
53981913,non_puzzle,,realistic_neutral,,none,no,none,no,no,no,no,no,no,no,no,no,no,no,no,no,no,no,no,high,medium,high,no,"добеги до туалета; лужи, двери, короткий путь"
53981961,tile_match,,romance_love,,none,no,pvp_tournament,no,no,no,no,no,no,no,no,no,no,no,no,no,no,no,no,high,medium,high,no,три плитки на панель быстрее всех; флирт и стикеры
53983344,word,,realistic_neutral,,none,no,none,no,no,no,no,no,no,no,no,no,no,no,no,no,no,no,no,high,medium,high,no,"слова из букв; уровни, награды, рекорды"
53983543,merge,,cute_animals,,none,no,none,no,no,no,no,no,no,no,no,no,no,no,no,no,no,no,no,medium,medium,high,no,Котики Слияние в карточном стиле; логика
53987709,non_puzzle,,realistic_neutral,,none,no,none,no,no,no,no,no,no,no,no,no,no,no,no,no,no,no,no,high,medium,high,no,"стелс: данные, охрана, побег; пистолет и отмычки"
53992911,arrow_tapaway,,abstract,,none,no,none,yes,yes,yes,unknown,unknown,yes,yes,unknown,unknown,unknown,unknown,unknown,unknown,unknown,unknown,unknown,high,medium,medium,no,блоки по стрелке в шредеры цветов; смена направления; UnPuzzle
53994810,merge,,realistic_neutral,,none,no,none,no,no,no,no,no,no,no,no,no,no,no,no,no,no,no,no,high,medium,high,no,суйка новогодних шариков; очки и друзья
53994811,match3,,realistic_neutral,,none,no,none,no,no,no,no,no,no,no,no,no,no,no,no,no,no,no,no,medium,medium,high,no,"три предмета соединились; Новый год, уровни"
53996376,merge,,food_household,,none,no,none,no,no,no,no,no,no,no,no,no,no,no,no,no,no,no,no,high,medium,high,no,"суйка живых фруктов; 26 героев, бонусы, колесо"
53999614,match3,,realistic_neutral,,none,no,none,no,no,no,no,no,no,no,no,no,no,no,no,no,no,no,no,medium,medium,high,no,деревяшки 3+ соприкасаясь исчезают; фигуры и магазин
54004906,match3,,abstract,,none,no,none,no,no,no,no,no,no,no,no,no,no,no,no,no,no,no,no,medium,high,high,no,"взрывай блоки; геммы, режимы, рейтинг"
54007326,match3,,magic_fantasy,,none,no,renovation_story,no,no,no,no,no,no,no,no,no,no,no,no,no,no,no,no,high,high,medium,no,"три в ряд; Сабрина, школа магии, кабинеты"
54011111,merge,,memes_pop_culture,,none,no,none,no,no,no,no,no,no,no,no,no,no,no,no,no,no,no,no,high,high,high,no,"суйка брейнрота; Сахур и Бананини, физика"
54013309,tile_match,,food_household,,none,no,none,no,no,no,no,no,no,no,no,no,no,no,no,no,no,no,no,high,low,high,no,тройное нажатие плиток; Плиточки Кофе
54027484,sort,,home_renovation,,none,no,collection,no,no,no,no,no,no,no,no,no,no,no,no,no,no,no,no,high,medium,medium,no,"вещи по три на полки; наборы комнат, коллекция"
54032709,tile_match,,realistic_neutral,,none,no,none,no,no,no,no,no,no,no,no,no,no,no,no,no,no,no,no,high,medium,high,no,"3 фишки; деревня Poppytile, маджонг и три в ряд"
54032780,tile_match,,unknown_mixed,,none,no,none,no,no,no,no,no,no,no,no,no,no,no,no,no,no,no,no,high,medium,high,no,"тайлы в поле; ходы, друзья, мастер тайлов"
54045061,tile_match,,abstract,,none,no,none,no,no,no,no,no,no,no,no,no,no,no,no,no,no,no,no,medium,high,high,no,"пары элементов; уровни, бонусы, возрасты"
54046127,other_puzzle,,treasure_adventure,,none,no,none,no,no,no,no,no,no,no,no,no,no,no,no,no,no,no,no,medium,low,high,no,"песок соедини стороны; гравитация, сокровища, домик"
54051411,bubble_shooter,,abstract,,none,no,none,no,no,no,no,no,yes,no,no,no,no,no,yes,no,no,no,no,high,high,medium,no,"классика и хардкор; прицел, отскок от стен, ряды"
54051629,merge,,food_household,,none,no,none,no,no,no,no,no,no,no,no,no,no,no,no,no,no,no,no,high,high,high,no,суйка фруктов до арбуза; комбо и рекорды
54051647,merge,,abstract,,none,no,none,no,no,no,no,no,no,no,no,no,no,no,no,no,no,no,no,high,high,high,no,падающие блоки 6х10; одинаковые в следующий номер
54051783,merge,,abstract,,none,no,none,no,no,no,no,no,no,no,no,no,no,no,no,no,no,no,no,medium,high,high,no,числа по значению и операциям; уровни и статистика
54052573,word,tabletop,realistic_neutral,,none,no,none,no,no,no,no,no,no,no,no,no,no,no,no,no,no,no,no,high,medium,high,no,"пасьянс с буквами; составляй слова, уровни"
54053097,hidden_object,,home_renovation,,none,no,none,no,no,no,no,no,no,no,no,no,no,no,no,no,no,no,no,high,high,high,no,спрятанные вещи; восстанови старый отель
54056747,other_puzzle,,abstract,,none,no,none,no,no,no,no,no,no,no,no,no,no,no,no,no,no,no,no,medium,medium,high,no,"сборник: тетрис, 2048, пентамино; друзья"
54062983,match3,,farm_garden,,none,no,none,no,no,no,no,no,no,no,no,no,no,no,no,no,no,no,no,high,medium,high,no,"три в ряд; деревня, бабушка, квесты жителей"
54063535,merge,,monsters_combat,,core,no,none,no,no,no,no,yes,no,no,no,no,no,no,no,no,no,no,no,high,medium,high,no,"слияние муравьев; жуки и пауки, боссы, ворота"
54065515,match3,,realistic_neutral,,none,no,none,no,no,no,no,no,no,no,no,no,no,no,no,no,no,no,no,medium,medium,high,no,"три в ряд и престиж; крестьянин в царя, ходы"
54065951,bubble_shooter,,abstract,,none,no,none,no,no,no,no,no,no,no,no,no,no,no,no,no,no,no,no,high,high,high,no,классический бабл шутер три в ряд; вторжение шаров
54066583,sort,,realistic_neutral,,none,no,none,no,no,no,no,no,no,no,no,no,no,no,no,no,no,no,no,high,medium,high,no,"веревочки по цветам; вяжи вещи, очередность"
54072229,merge,,treasure_adventure,,none,no,none,no,no,no,no,no,no,no,no,no,no,no,no,no,no,no,no,medium,medium,high,no,"объединяй сокровища; затонувший мир, руины"
54072338,non_puzzle,,realistic_neutral,,none,no,none,no,no,no,no,no,no,no,no,no,no,no,no,no,no,no,no,high,high,high,no,"рыбалка: удочки, прикормка, квесты, чат"
54077634,merge,,abstract,,none,no,none,no,no,no,no,no,no,no,no,no,no,no,no,no,no,no,no,high,high,high,no,"2048 уровни с целями; камни, откат, трофеи"
54086750,non_puzzle,,food_household,,none,no,none,no,no,no,no,no,no,no,no,no,no,no,no,no,no,no,no,medium,medium,high,no,падающая еда; грамотно собирай для толстяка
54091173,hidden_object,,treasure_adventure,detective_mystery,none,no,none,no,no,no,no,no,no,no,no,no,no,no,no,no,no,no,no,high,high,high,no,"София и дед Виктор; руины, улики, корпорация"
54097758,hidden_object,,treasure_adventure,,none,no,none,no,no,no,no,no,no,no,no,no,no,no,no,no,no,no,no,high,high,high,no,"джунгли и сестра; артефакты, судоку, офлайн"
54099954,tile_match,,realistic_neutral,,none,no,collection,no,no,no,no,no,no,no,no,no,no,no,no,no,no,no,no,high,medium,medium,no,маджонг СССР: значки и кружки; марки и курорты
54101040,screw,,realistic_neutral,,none,no,none,no,no,no,no,no,no,no,no,no,no,no,no,no,no,no,no,high,medium,high,no,"инженерный пазл: отвертки, винты, 200+ задач"
54101041,merge,,vehicles,,none,no,idle_economy,no,no,no,no,no,no,no,no,no,no,no,no,no,no,no,no,high,high,medium,no,"соедини машины в болид; гонки, гараж, доход"
54102266,tile_match,,monsters_combat,,none,no,none,no,no,no,no,no,no,no,no,no,no,no,no,no,no,no,no,high,medium,high,no,парные картинки монстриков; 100 уровней
54102802,merge,,treasure_adventure,,none,no,none,no,no,no,no,no,no,no,no,no,no,no,no,no,no,no,no,high,low,high,no,"мердж и дизайн; тропический городок, сюжет"
54105321,merge,,realistic_neutral,,none,no,none,no,no,no,no,no,no,no,no,no,no,no,no,no,no,no,no,high,medium,high,no,бросай монеты в слияние до 100 рублей; линия
54107973,quiz_trivia,,unknown_mixed,,none,no,none,no,no,no,no,no,no,no,no,no,no,no,no,no,no,no,no,medium,medium,high,no,"распутывай вопросы дня; подсказки, мозг"
54110622,non_puzzle,,vehicles,,none,no,none,no,no,no,no,no,no,no,no,no,no,no,no,no,no,no,no,high,high,high,no,"гоночный экшен: трассы, трюки, финиш"
54111128,match3,,farm_garden,,none,no,none,no,no,no,no,no,no,no,no,no,no,no,no,no,no,no,no,medium,medium,high,no,Цветочный матч; уровни и награды без правил
54111604,other_puzzle,,farm_garden,,none,no,none,no,no,no,no,no,no,no,no,no,no,no,no,no,no,no,no,medium,medium,high,no,"лабиринт на острове; ресурсы, урожай, ферма"
54112561,non_puzzle,,realistic_neutral,,none,no,pvp_tournament,no,no,no,no,no,no,no,no,no,no,no,no,no,no,no,no,high,high,high,no,"рыбалка: снасти, локации, турниры, коллекция"
54117490,non_puzzle,,vehicles,,none,no,none,no,no,no,no,no,no,no,no,no,no,no,no,no,no,no,no,high,medium,high,no,"обби на велосипеде; миры, режимы, препятствия"
54121045,sort,,realistic_neutral,,none,no,none,no,no,no,no,no,no,no,no,no,no,no,no,no,no,no,no,high,medium,high,no,столы цвета клиентам по очереди
54128728,bubble_shooter,,cute_animals,,none,no,none,no,no,no,no,no,no,no,no,no,no,no,no,no,no,no,no,high,medium,high,no,"стреляй шариками в группы 3+; заяц, уровни"
54131311,sort,,abstract,,none,no,none,no,no,no,no,no,no,no,no,no,no,no,no,no,no,no,no,medium,medium,high,no,блоки в ворота цвета; тысячи уровней без таймера
54134135,other_puzzle,,horror,,none,no,none,no,no,no,no,no,no,no,no,no,no,no,no,no,no,no,no,high,high,high,no,"квест посылок: предметы, окружение, сюжет"
54139670,match3,,abstract,,none,no,none,no,no,no,no,no,no,no,no,no,no,no,no,no,no,no,no,high,medium,high,no,передвигай камни освободи светяшки; рекорды
54143992,sort,,abstract,,none,no,none,no,no,no,no,no,no,no,no,no,no,no,no,no,no,no,no,high,high,high,no,"жидкости по пробиркам; тысячи уровней, палец"
54145457,hidden_object,,realistic_neutral,,none,no,none,no,no,no,no,no,no,no,no,no,no,no,no,no,no,no,no,high,medium,high,no,"предметы СССР; быт, ГОСТ, локации"
54154005,sort,,abstract,,none,no,none,no,no,no,no,no,no,no,no,no,no,no,no,no,no,no,no,high,high,high,no,"кубики по нишам; гармония цветов, сотни пазлов"
54155240,sort,match3,farm_garden,,none,no,none,no,no,no,no,no,no,no,no,no,no,no,no,no,no,no,no,high,medium,high,no,"мусор по видам; три в ряд и пары; Крыска, сюжет"
54160342,other_puzzle,,abstract,,none,no,none,no,no,no,no,no,no,no,no,no,no,no,no,no,no,no,no,high,high,high,no,"судоку: 5 сложностей, заметки, отмена"
54163194,match3,,treasure_adventure,,none,no,none,no,no,no,no,no,no,no,no,no,no,no,no,no,no,no,no,high,medium,high,no,"ледяные уровни; замороженные сокровища, бустеры"
54163370,merge,,abstract,,none,no,none,no,no,no,no,no,no,no,no,no,no,no,no,no,no,no,no,high,high,high,no,2248 Хексов: числа сливаются; шесть сторон
54164742,merge,,food_household,,none,no,renovation_story,no,no,no,no,no,no,no,no,no,no,no,no,no,no,no,no,high,medium,medium,no,"сливай предметы; Лиза, кафе, тайны прошлого"
54165946,tabletop,,realistic_neutral,,none,no,none,no,no,no,no,no,no,no,no,no,no,no,no,no,no,no,no,high,medium,high,no,"сеги: резерв, превращения, мат королю"
54173700,match3,,magic_fantasy,,none,no,renovation_story,no,no,no,no,no,no,no,no,no,no,no,no,no,no,no,no,high,medium,medium,no,"три в ряд; особняк, колдовство, тайны"
54174190,sort,screw,realistic_neutral,,none,no,none,no,no,no,no,no,no,no,no,no,no,no,no,no,no,no,no,high,medium,high,no,гайки на болты по цвету; точность и стратегия
54174583,non_puzzle,,magic_fantasy,,core,yes,rpg_progression,no,no,no,no,yes,no,no,no,no,no,no,no,no,no,no,yes,high,high,high,no,"рогалик: забеги, стихии огня льда, босс Василиск"
54175144,bubble_shooter,,abstract,,none,no,pvp_tournament,no,no,no,no,no,no,no,no,no,no,no,no,no,no,no,no,high,medium,high,no,бабл дуэль: одно поле на всех; кубки и рейтинг
54176454,merge,match3,abstract,,none,no,none,no,no,no,no,no,no,no,no,no,no,no,no,no,no,no,no,high,high,high,no,три в ряд и 2048; блоки в числа побольше
54184191,arrow_tapaway,picture_reveal,abstract,,none,no,none,yes,unknown,unknown,unknown,unknown,yes,unknown,unknown,unknown,unknown,unknown,unknown,unknown,unknown,unknown,unknown,high,medium,medium,no,стрелки движутся лишь в указанном; очисти доску; картинка
54184207,sort,,abstract,magic_fantasy,none,no,none,no,no,no,no,no,no,no,no,no,no,no,no,no,no,no,no,high,medium,high,no,жидкости по бутылкам в один цвет; волшебство лишь в названии
54184211,arrow_tapaway,picture_reveal,abstract,,none,no,none,yes,no,unknown,unknown,unknown,yes,unknown,unknown,unknown,unknown,unknown,unknown,unknown,unknown,unknown,unknown,high,medium,medium,no,тапни плитку сдвинется по стрелке; очисти и открой картинку
54185688,non_puzzle,,romance_love,memes_pop_culture,none,no,other,no,no,no,no,no,no,no,no,no,no,no,no,no,no,no,no,medium,medium,high,no,"менеджер к-поп группы; дом, свидания, мини-игры"
54188508,merge,,abstract,,none,no,none,no,no,no,no,no,no,no,no,no,no,no,no,no,no,no,no,high,high,high,no,сдвигай плитки объединяй до 2048; неон
54189738,merge,,realistic_neutral,,none,no,none,no,no,no,no,no,no,no,no,no,no,no,no,no,no,no,no,high,medium,high,no,соединяй циферки в крупные; чай и настроение
54194975,non_puzzle,,realistic_neutral,,none,no,other,no,no,no,no,no,no,no,no,no,no,no,no,no,no,no,no,high,high,high,no,"симулятор жизни: работы, бизнес, особняки, отношения"
54195270,other_puzzle,picture_reveal,unknown_mixed,,none,no,none,no,no,no,no,no,no,no,no,no,no,no,no,no,no,no,no,high,medium,high,no,пятнашки 4х4-6х6; категории и свое фото
54195526,merge,,abstract,,none,no,none,no,no,no,no,no,no,no,no,no,no,no,no,no,no,no,no,high,high,high,no,соединяй блоки; рекорды и фан
54198173,other_puzzle,,horror,,none,no,none,no,no,no,no,no,no,no,no,no,no,no,no,no,no,no,no,high,high,high,no,"побег от бабки и деда; крафт, ловушки, ужас"
54204755,merge,,abstract,,none,no,none,no,no,no,no,no,no,no,no,no,no,no,no,no,no,no,no,high,high,high,no,числа сливаются в двойное; дойди до 13
54208303,other_puzzle,,magic_fantasy,,none,no,none,no,no,no,no,no,no,no,no,no,no,no,no,no,no,no,no,high,medium,high,no,тяни штифты спаси русалку от чудовищ; образы
54208351,picture_reveal,,unknown_mixed,,none,no,none,no,no,no,no,no,no,no,no,no,no,no,no,no,no,no,no,high,medium,high,no,"рисуй по номерам; пиксель-арт, галерея"
54208550,tile_match,,unknown_mixed,,none,no,none,no,no,no,no,no,no,no,no,no,no,no,no,no,no,no,no,high,medium,high,no,маджонг с танчиками в названии; описание лишь маджонг
54208557,merge,,abstract,,none,no,none,no,no,no,no,no,no,no,no,no,no,no,no,no,no,no,no,high,high,high,no,запускай блоки в такие же; три в ряд и уровни
54208568,merge,,abstract,,none,no,none,no,no,no,no,no,no,no,no,no,no,no,no,no,no,no,no,medium,high,high,no,слияние блоков; расстановка и рекорды
54209536,merge,,abstract,,none,no,none,no,no,no,no,no,no,no,no,no,no,no,no,no,no,no,no,high,high,high,no,"двойки в четверки; классика и хардкор, цепи"
54211630,non_puzzle,,realistic_neutral,,none,no,none,no,no,no,no,no,no,no,no,no,no,no,no,no,no,no,no,high,medium,high,no,"слоты люкс; 2 млрд монет, фриспины, VIP"
54212896,match3,,realistic_neutral,,none,no,none,no,no,no,no,no,no,no,no,no,no,no,no,no,no,no,no,high,medium,high,no,"три-в-ряд; Да Винчи, чертежи, Италия XV века"
54213455,other_puzzle,,abstract,,none,no,none,no,no,no,no,no,yes,unknown,unknown,unknown,unknown,unknown,unknown,unknown,unknown,unknown,unknown,high,high,low,yes,пушка и шары в корзину
54213723,other_puzzle,,cute_animals,,none,no,none,no,no,no,no,no,no,no,no,no,no,no,no,no,no,no,no,high,medium,high,no,рисуй пути для воды в аквариум; спаси рыбку
54213743,hidden_object,,realistic_neutral,,none,no,none,no,no,no,no,no,no,no,no,no,no,no,no,no,no,no,no,high,medium,high,no,предметы в Англии; уровни и места
54214533,sort,,home_renovation,,none,no,none,no,no,no,no,no,no,no,no,no,no,no,no,no,no,no,no,medium,medium,high,no,соединяй и сортируй хлам; уборка квартиры
54214882,non_puzzle,,vehicles,,core,no,pvp_tournament,no,no,no,no,no,unknown,unknown,unknown,unknown,unknown,yes,unknown,unknown,unknown,unknown,yes,high,high,low,yes,танки с элементалями
54222402,bubble_shooter,,unknown_mixed,,none,no,other,no,no,no,no,no,no,no,no,no,no,no,no,no,no,no,no,high,medium,low,no,"бабл шутер; Стужа, постройки, турниры"
54228452,word,,realistic_neutral,,none,no,none,no,no,no,no,no,no,no,no,no,no,no,no,no,no,no,no,high,medium,high,no,"буквы в слова; сетка, уровни, мир"
54231094,block_hexa,,abstract,,none,no,none,no,no,no,no,no,no,no,no,no,no,no,no,no,no,no,no,high,high,high,no,"тетрис: линии, очки; ФЫВА движение, поворот"
54231100,non_puzzle,,vehicles,,none,no,none,no,no,no,no,no,no,no,no,no,no,no,no,no,no,no,no,high,high,high,no,"шашки в потоке: тюнинг, заезды, выживание; Москва"
54234885,non_puzzle,,realistic_neutral,,none,no,none,no,no,no,no,no,no,no,no,no,no,no,no,no,no,no,no,high,medium,high,no,"супермаркет: полки, персонал, цены, империя"
54240170,screw,,realistic_neutral,,none,no,none,no,no,no,no,no,no,no,no,no,no,no,no,no,no,no,no,high,medium,high,no,откручивай болты в порядке; механизм заклинит
54241455,sort,,abstract,,none,no,none,no,no,no,no,no,no,no,no,no,no,no,no,no,no,no,no,high,high,high,no,мячики по пробиркам в один оттенок; 2000 уровней
54250604,other_puzzle,,realistic_neutral,cute_animals,none,no,none,no,no,no,no,no,no,no,no,no,no,no,no,no,no,no,no,high,medium,high,no,распутай гирлянды без пересечений; Граф котик
54252648,non_puzzle,,realistic_neutral,,core,no,none,no,no,no,no,no,no,no,no,no,no,no,no,no,no,no,no,high,medium,high,no,"шутер ограблений: ключи, дрель, полиция; PAYDAY"
54254065,sort,screw,realistic_neutral,,none,no,none,no,no,no,no,no,no,no,no,no,no,no,no,no,no,no,no,high,medium,high,no,гайки по болтам по цветам; внимание и реакция
54255702,sort,screw,realistic_neutral,,none,no,none,no,no,no,no,no,no,no,no,no,no,no,no,no,no,no,no,high,medium,high,no,гайки по болтам одного цвета; тупики и стратегия
54258496,sort,,food_household,,none,no,none,no,no,no,no,no,no,no,no,no,no,no,no,no,no,no,no,high,medium,high,no,товары 3 в ряд на полках; овощи и десерты
54258500,sort,,food_household,,none,no,none,no,no,no,no,no,no,no,no,no,no,no,no,no,no,no,no,high,high,high,no,"слои чая и молока; замки бутылочек, курьер"
54259960,non_puzzle,,realistic_neutral,monsters_combat,core,no,none,no,no,no,no,no,no,no,no,no,no,no,no,no,no,no,no,high,medium,high,no,"шутер из кубов; арены, зомби, оружие"
54263990,match3,,realistic_neutral,,none,no,none,no,no,no,no,no,no,no,no,no,no,no,no,no,no,no,no,medium,medium,high,no,"жанр Three in a row; Дед Мороз, снеговик, настроение"
54266190,bubble_shooter,,space_scifi,,none,no,none,no,no,no,no,no,no,no,no,no,no,no,no,no,no,no,no,medium,medium,high,no,"метай шары в цель; НЛО, взрывай и соединяй"
54267218,tile_match,,abstract,,none,no,none,no,no,no,no,no,no,no,no,no,no,no,no,no,no,no,no,high,medium,high,no,маджонг со сдвигом плиток; пары и линии
54268101,merge,,magic_fantasy,,none,no,none,no,no,no,no,no,no,no,no,no,no,no,no,no,no,no,no,medium,medium,high,no,смешивай зелья в число кристалла; математика
54269036,sort,,abstract,,none,no,none,no,no,no,no,no,no,no,no,no,no,no,no,no,no,no,no,high,high,high,no,гексы в башни без смешивания; цвета и планирование
54273130,hidden_object,,detective_mystery,,none,no,none,no,no,no,no,no,no,no,no,no,no,no,no,no,no,no,no,high,medium,high,no,"предметы и карты; детективы, ребусы, подсказки"
54277449,screw,,realistic_neutral,,none,no,none,no,no,no,no,no,no,no,no,no,no,no,no,no,no,no,no,high,medium,high,no,шурупы в последовательности; деревянные планки
54289236,other_puzzle,,realistic_neutral,,none,no,none,no,no,no,no,no,no,no,no,no,no,no,no,no,no,no,no,high,medium,high,no,распутай нити в катушки по цветам; порядок
54290482,merge,,farm_garden,,none,no,none,no,no,no,no,no,no,no,no,no,no,no,no,no,no,no,no,high,high,high,no,2048: комбинируй живность и растения; бестиарий
54290693,other_puzzle,,realistic_neutral,,none,no,none,no,no,no,no,no,no,no,no,no,no,no,no,no,no,no,no,high,medium,high,no,кадастр 8х8: дом на цвет ряд и столбец; без соседства
54292875,non_puzzle,,realistic_neutral,,none,no,pvp_tournament,no,no,no,no,no,no,no,no,no,no,no,no,no,no,no,no,high,medium,high,no,"Вегас: слоты, покер, турниры; хайроллер"
54293966,sort,,food_household,,none,no,none,no,no,no,no,no,no,no,no,no,no,no,no,no,no,no,no,high,high,high,no,бублики из стопки в стопку в один цвет
54297945,match3,,treasure_adventure,,none,no,none,no,no,no,no,no,no,no,no,no,no,no,no,no,no,no,no,high,medium,high,no,"3-в-ряд; архипелаг, острова, герои, коллекции"
54298965,merge,,magic_fantasy,,none,no,none,no,no,no,no,no,no,no,no,no,no,no,no,no,no,no,no,medium,medium,high,no,"котлы с числами и зелья; нужное число, волшебник"
54303118,sort,,abstract,,none,no,none,no,no,no,no,no,no,no,no,no,no,no,no,no,no,no,no,high,high,high,no,жидкости по колбам в один цвет; ходы наперед
54305838,non_puzzle,,memes_pop_culture,,none,no,none,no,no,no,no,no,no,no,no,no,no,no,no,no,no,no,no,high,medium,high,no,"роблокс обби: прыжки, платформы, точность"
54306936,non_puzzle,,abstract,,none,no,none,no,no,no,no,no,no,no,no,no,no,no,no,no,no,no,no,high,medium,high,no,хеликс: мяч падает сквозь платформы; цвета
54308038,other_puzzle,,abstract,,none,no,none,no,no,no,no,no,no,no,no,no,no,no,no,no,no,no,no,medium,medium,high,no,не лабиринт а живой механизм; найди путь
54310379,non_puzzle,,memes_pop_culture,,none,no,none,no,no,no,no,no,no,no,no,no,no,no,no,no,no,no,no,medium,medium,high,no,"кликер-обби: клики в прыжки; питомцы, перерождения"
54315727,hidden_object,,realistic_neutral,,none,no,collection,no,no,no,no,no,no,no,no,no,no,no,no,no,no,no,no,high,medium,medium,no,"предметы и тайны; эльф Спарки, коллекции, елка"
54315949,merge,,cute_animals,,none,no,collection,no,no,no,no,no,no,no,no,no,no,no,no,no,no,no,no,high,medium,medium,no,"суйка лабубу; монеты на кран-машину, коллекция"
54317158,tabletop,,realistic_neutral,,none,no,pvp_tournament,no,no,no,no,no,no,no,no,no,no,no,no,no,no,no,no,high,medium,high,no,"холдем; турниры, задания, рейтинг, столы"
54325610,non_puzzle,,vehicles,,none,no,none,no,no,no,no,no,no,no,no,no,no,no,no,no,no,no,no,medium,medium,high,no,строй железную дорогу; творчество и галерея
54330401,merge,,realistic_neutral,,none,no,none,no,no,no,no,no,no,no,no,no,no,no,no,no,no,no,no,high,medium,high,no,этажи с номерами объединяй; город и горизонт
54335179,non_puzzle,,memes_pop_culture,,core,no,none,no,no,no,no,no,no,no,no,no,no,no,no,no,no,no,no,high,high,high,no,аркада против скибиди-туалетов; арсенал и волны
54335383,picture_reveal,,unknown_mixed,,none,no,none,no,no,no,no,no,no,no,no,no,no,no,no,no,no,no,no,high,medium,high,no,"картины из блоков; пейзажи и домики, тысячи уровней"
54335423,arrow_tapaway,,abstract,,none,no,none,yes,unknown,unknown,unknown,unknown,unknown,unknown,unknown,unknown,unknown,unknown,unknown,unknown,unknown,unknown,unknown,medium,medium,low,yes,вытяни правильный блок; разбор конструкций; Unpuzzle
54341878,sort,,food_household,,none,no,none,no,no,no,no,no,no,no,no,no,no,no,no,no,no,no,no,high,high,high,no,роллы и суши по видам в наборы; медитатив
54343105,other_puzzle,,abstract,,none,no,none,no,no,no,no,no,no,no,no,no,no,no,no,no,no,no,no,high,high,high,no,распутай сеть шаров без пересечений; гармония
54344811,merge,,abstract,,none,no,none,no,no,no,no,no,no,no,no,no,no,no,no,no,no,no,no,high,high,high,no,"тетрис и 2048: падающие числа, соприкосновение"
54346382,sort,,abstract,,none,no,none,no,no,no,no,no,no,no,no,no,no,no,no,no,no,no,no,high,high,high,no,кубики тройками в ряд исчезают; Кубомир
54346417,non_puzzle,,realistic_neutral,,none,no,none,no,no,no,no,no,no,no,no,no,no,no,no,no,no,no,no,high,high,high,no,"трамвай-созерцание; бумажный мир, ностальгия"
54348027,match3,,abstract,,none,no,none,no,no,no,no,no,no,no,no,no,no,no,no,no,no,no,no,medium,high,high,no,взрыв цветных блоков; цвета и формы
54350770,bubble_shooter,,unknown_mixed,,none,no,none,no,no,no,no,no,no,no,no,no,no,no,no,no,no,no,no,high,medium,high,no,"бабл-шутер Хлюпия; преграды, коллекции, рекорды"
54352869,other_puzzle,,cute_animals,,none,no,none,no,no,no,no,no,no,no,no,no,no,no,no,no,no,no,no,medium,medium,high,no,"рычаги и двери; Боб на острове, городок, костюмы"
54358773,other_puzzle,,abstract,,none,no,none,no,no,no,no,no,no,no,no,no,no,no,no,no,no,no,no,high,medium,high,no,двигай блоки открой путь шарику; звезды
54362561,merge,,abstract,,none,no,none,no,no,no,no,no,no,no,no,no,no,no,no,no,no,no,no,high,high,high,no,"2048: бонусы, коллекции, рейтинги, стратегия"
54367473,non_puzzle,,unknown_mixed,,none,no,none,no,no,no,no,no,no,no,no,no,no,no,no,no,no,no,no,high,medium,high,no,яйцо-платформер на физике; баланс и скины
54367793,word,,realistic_neutral,,none,no,none,no,no,no,no,no,no,no,no,no,no,no,no,no,no,no,no,high,medium,high,no,5 букв за 6 попыток; зеленые и желтые подсказки
54379839,word,,monsters_combat,,core,yes,none,no,no,no,no,no,no,no,no,no,no,no,no,no,no,no,no,high,medium,medium,no,слова и Tower Defense и RogueLite; сбивай Оом
54380425,sort,,magic_fantasy,,none,no,none,no,no,no,no,no,no,no,no,no,no,no,no,no,no,no,no,high,high,high,no,"зелья по бутылкам; заказы, избушка Яги, ферма"
54381470,match3,,realistic_neutral,,none,no,none,no,no,no,no,no,no,no,no,no,no,no,no,no,no,no,no,high,medium,high,no,"матч-3; елка, город, подарки, Новый год"
54381494,match3,,treasure_adventure,,none,no,none,no,no,no,no,no,no,no,no,no,no,no,no,no,no,no,no,high,high,high,no,"три-в-ряд; остров, руины, артефакты, туман"
54382392,non_puzzle,,realistic_neutral,,none,no,none,no,no,no,no,no,no,no,no,no,no,no,no,no,no,no,no,medium,medium,high,no,город как твой; репутация валюта; правил нет
54390045,sort,,abstract,,none,no,none,no,no,no,no,no,no,no,no,no,no,no,no,no,no,no,no,high,high,high,no,гексаплитки сортируй; релакс и анимации
54390349,match3,,realistic_neutral,,none,no,none,no,no,no,no,no,no,no,no,no,no,no,no,no,no,no,no,high,medium,high,no,"три в ряд; поляны, подарки, Новый год"
54392435,non_puzzle,,magic_fantasy,space_scifi,core,no,rpg_progression,no,no,no,no,no,no,no,no,no,no,no,no,no,no,no,no,medium,medium,high,no,база и измерения; милые богини; бой тьме
54401028,match3,,treasure_adventure,,none,no,none,no,no,no,no,no,no,no,no,no,no,no,no,no,no,no,no,high,high,high,no,"три в ряд; принц, острова, пираты, мини-игры"
54401577,tile_match,,farm_garden,,none,no,pvp_tournament,no,no,no,no,no,no,no,no,no,no,no,no,no,no,no,no,medium,high,medium,no,"пары овощей; сад, регионы, турниры областей"
54402909,merge,,abstract,,none,no,none,no,no,no,no,no,no,no,no,no,no,no,no,no,no,no,no,high,high,high,no,"домино сливаются в следующее; цепи, режимы, шахматы"
54405875,tile_match,,farm_garden,cute_animals,none,no,none,no,no,no,no,no,no,no,no,no,no,no,no,no,no,no,no,high,medium,high,no,"3 плитки овощей; кошечка, декор, комикс"
54407288,tile_match,,farm_garden,,none,no,none,no,no,no,no,no,no,no,no,no,no,no,no,no,no,no,no,high,medium,high,no,"плитки леса по три; грибы, бустеры, звезды"
54407509,bubble_shooter,,magic_fantasy,,core,no,none,no,no,no,no,yes,no,no,no,no,no,no,no,no,no,no,yes,high,medium,low,yes,"зума; пазл Дракона, Босс-Дракон, лед и огонь"
54410638,merge,,treasure_adventure,,none,no,idle_economy,no,no,no,no,no,no,no,no,no,no,no,no,no,no,no,no,high,medium,low,no,"объединяй пиратов в армию; миссии, офлайн доход"
54410808,hidden_object,,treasure_adventure,magic_fantasy,none,no,none,no,no,no,no,no,no,no,no,no,no,no,no,no,no,no,no,high,high,high,no,"предметы и время; руины, кристалл, эпохи"
54411310,other_puzzle,,realistic_neutral,,none,no,none,no,no,no,no,no,no,no,no,no,no,no,no,no,no,no,no,high,medium,high,no,"отмерь воду сосудами; Кран, подсказки, 9 уровней"
54412594,merge,,monsters_combat,,core,no,none,no,no,no,no,no,no,no,no,no,no,no,no,no,no,no,no,high,medium,medium,no,"объединяй пушки; волны куриц, стена, магазин"
54412730,match3,,abstract,,none,no,none,no,no,no,no,no,no,no,no,no,no,no,no,no,no,no,no,medium,medium,high,no,"жанр Three in a row; шарики три в ряд, рейтинг"
54416559,other_puzzle,,realistic_neutral,,none,no,none,no,no,no,no,no,no,no,no,no,no,no,no,no,no,no,no,high,medium,high,no,родословные: расставь родню по древу; 60 уровней
54417237,merge,,abstract,,none,no,none,no,no,no,no,no,no,no,no,no,no,no,no,no,no,no,no,medium,high,high,no,маршрут до соединения; очки за длину; новые шарики
54417459,merge,,monsters_combat,,core,no,none,no,no,no,no,no,no,no,no,no,no,no,no,no,no,no,no,high,medium,medium,no,"объединяй башни; волны врагов, оборона"
54417523,merge,,abstract,,none,no,none,no,no,no,no,no,no,no,no,no,no,no,no,no,no,no,no,high,high,high,no,гексагоны 2048; пространство и стратегия
54417596,match3,,home_renovation,,none,no,none,no,no,no,no,no,no,no,no,no,no,no,no,no,no,no,no,high,medium,high,no,"пазлы и звезды на декор; город, мэр, кварталы"
54419995,merge,,magic_fantasy,,none,no,pvp_tournament,no,no,no,no,no,no,no,no,no,no,no,no,no,no,no,no,high,medium,low,no,"мерж и замок; принцесса, династия, события"
54421760,word,,realistic_neutral,,none,no,none,no,no,no,no,no,no,no,no,no,no,no,no,no,no,no,no,high,medium,high,no,"кроссворд дня; буквы, слова, пейзажи"
54422232,merge,,abstract,,none,no,none,no,no,no,no,no,no,no,no,no,no,no,no,no,no,no,no,high,high,high,no,падающие блоки 2+2; тетрис и 2048
54422234,sort,,abstract,,none,no,none,no,no,no,no,no,no,no,no,no,no,no,no,no,no,no,no,high,high,high,no,гексаплитки по цветам в стопки; уровни
54422674,tile_match,,abstract,,none,no,none,no,no,no,no,no,no,no,no,no,no,no,no,no,no,no,no,high,medium,high,no,три в ряд и маджонг; убери все плитки
54425355,other_puzzle,,abstract,,none,no,none,no,no,no,no,no,no,no,no,no,no,no,no,no,no,no,no,medium,medium,high,no,коснись шарика веревка отпустит; физика и облачко
54426780,non_puzzle,,realistic_neutral,,none,no,none,no,no,no,no,no,no,no,no,no,no,no,no,no,no,no,no,high,medium,high,no,"бильярд 3D: пул 8 и 9, ИИ, задания"
54427569,non_puzzle,,memes_pop_culture,,core,no,none,no,no,no,no,no,no,no,no,no,no,no,no,no,no,no,no,high,medium,high,no,"снайпер в мире блоков; миссии, вертолет, майнкрафт"
54428194,word,,realistic_neutral,,none,no,none,no,no,no,no,no,no,no,no,no,no,no,no,no,no,no,no,high,medium,high,no,кроссворд и слова; страны и культуры
54428199,picture_reveal,,unknown_mixed,,none,no,none,no,no,no,no,no,no,no,no,no,no,no,no,no,no,no,no,high,medium,high,no,"пазлы по кусочкам; ежедневные, темы"
54428273,other_puzzle,,space_scifi,,none,no,none,no,no,no,no,no,no,no,no,no,no,no,no,no,no,no,no,high,medium,high,no,Mastermind: 4 цифры за 100 секунд; киберпанк
54432978,arrow_tapaway,,abstract,,none,no,none,yes,unknown,unknown,unknown,unknown,yes,unknown,unknown,unknown,unknown,unknown,unknown,unknown,unknown,unknown,unknown,high,medium,medium,no,стрелки блокируют друг друга; распутай и очисти; тап-ход
54433201,unknown,,magic_fantasy,,unknown,unknown,unknown,unknown,unknown,unknown,unknown,unknown,unknown,unknown,unknown,unknown,unknown,unknown,unknown,unknown,unknown,unknown,unknown,low,medium,low,yes,Волшебный Лес и Маша; механики нет
54433517,non_puzzle,,monsters_combat,cute_animals,core,no,none,no,no,no,no,yes,no,no,no,no,no,no,no,no,no,no,no,medium,medium,high,no,кликер и стратегия; коты против зомби и боссов
54434392,merge,,magic_fantasy,romance_love,none,no,none,no,no,no,no,no,no,no,no,no,no,no,no,no,no,no,no,high,medium,high,no,"мерж курорта; магия, романтика, Тео"
54434678,picture_reveal,,realistic_neutral,,none,no,none,no,no,no,no,no,no,no,no,no,no,no,no,no,no,no,no,high,medium,high,no,видео-пазлы океана; коллекции и релакс
54435107,other_puzzle,,realistic_neutral,,none,no,none,no,no,no,no,no,no,no,no,no,no,no,no,no,no,no,no,medium,high,high,no,квест Петра I; артефакты и головоломки
54436978,quiz_trivia,,realistic_neutral,,none,no,none,no,no,no,no,no,no,no,no,no,no,no,no,no,no,no,no,high,medium,high,no,угадай мелодию СССР без вариантов и вокала
54438665,unknown,,unknown_mixed,,unknown,unknown,unknown,unknown,unknown,unknown,unknown,unknown,unknown,unknown,unknown,unknown,unknown,unknown,unknown,unknown,unknown,unknown,unknown,low,low,low,yes,только Стрелочки и логика; правил нет
54439262,sort,,realistic_neutral,,none,no,none,no,no,no,no,no,no,no,no,no,no,no,no,no,no,no,no,high,medium,high,no,карты по цветным коробкам; буфер и бустеры
54441642,tabletop,,realistic_neutral,,none,no,none,no,no,no,no,no,no,no,no,no,no,no,no,no,no,no,no,medium,medium,high,no,"бросай но не сгори; риск и общение, кубики"
54441697,other_puzzle,,abstract,,none,no,none,no,no,no,no,no,no,no,no,no,no,no,no,no,no,no,no,medium,medium,high,no,9 матголоволомок; сложность и рейтинг
54443024,non_puzzle,,realistic_neutral,,core,no,rpg_progression,no,no,no,no,no,no,no,no,no,no,no,no,no,no,no,no,high,medium,high,no,"пошаговые бои; убежище, отряд, сундуки"
54443714,tile_match,,unknown_mixed,,none,no,none,no,no,no,no,no,no,no,no,no,no,no,no,no,no,no,no,high,medium,high,no,"по 3 плитки; 10000 уровней, коллекции, дзен"
54447687,hidden_object,,detective_mystery,,none,no,none,no,no,no,no,no,no,no,no,no,no,no,no,no,no,no,no,high,medium,high,no,сцены и расследование; монеты и секреты
54448969,merge,,food_household,,none,no,none,no,no,no,no,no,no,no,no,no,no,no,no,no,no,no,no,high,high,high,no,"объединение продуктов; 100+ сладостей, кафе и город"
54449328,other_puzzle,,unknown_mixed,,none,no,none,no,no,no,no,no,no,no,no,no,no,no,no,no,no,no,no,high,medium,high,no,"японские кроссворды; сюжетные картинки, рекорды"
54449993,tabletop,,cute_animals,,none,no,none,no,no,no,no,no,no,no,no,no,no,no,no,no,no,no,no,high,medium,high,no,"монополия животных; кубики, участки, банкротство"
54450316,merge,,abstract,,none,no,none,no,no,no,no,no,no,no,no,no,no,no,no,no,no,no,no,high,high,high,no,"2048: приключения, расширенный, классика; комбо"
54450348,merge,,abstract,,none,no,none,no,no,no,no,no,no,no,no,no,no,no,no,no,no,no,no,high,high,high,no,треугольники рядом объединяй в большие; рекорд
54451942,match3,,abstract,,none,no,none,no,no,no,no,no,no,no,no,no,no,no,no,no,no,no,no,medium,high,high,no,блоки кубиков исчезают; без спешки и правил
54454139,sort,,cute_animals,,none,no,none,no,no,no,no,no,no,no,no,no,no,no,no,no,no,no,no,high,high,high,no,"птицы по веткам; время, ходы, 12 веток"
54456338,merge,,food_household,,none,no,idle_economy,no,no,no,no,no,no,no,no,no,no,no,no,no,no,no,no,high,medium,medium,no,"объединяй мармеладки; доход в секунду, ускорители"
54457124,hidden_object,,horror,,none,no,none,no,no,no,no,no,no,no,no,no,no,no,no,no,no,no,no,medium,medium,high,no,"мониторь камеры, классифицируй аномалии; бункер"
54458245,match3,picture_reveal,unknown_mixed,,none,no,none,no,no,no,no,no,no,no,no,no,no,no,no,no,no,no,no,medium,medium,high,no,тапай плитки очищай блоки; скрытые изображения
54459865,merge,,abstract,,none,no,none,no,no,no,no,no,no,no,no,no,no,no,no,no,no,no,no,high,high,high,no,блоки объединяются в крупные; комбо и монеты
54463056,hidden_object,,unknown_mixed,,none,no,pvp_tournament,no,no,no,no,no,no,no,no,no,no,no,no,no,no,no,no,high,medium,high,no,"отличия быстрее соперника; PvP-турниры, дом"
54463777,block_hexa,,abstract,,none,no,pvp_tournament,no,no,no,no,no,no,no,no,no,no,no,no,no,no,no,no,high,high,high,no,"фигуры в линии; 1000 уровней, турниры, комбо"
54463871,merge,,abstract,,none,no,none,no,no,no,no,no,no,no,no,no,no,no,no,no,no,no,no,medium,high,high,no,числа до бесконечности; рекорд и стратегия
54464162,hidden_object,,treasure_adventure,detective_mystery,none,no,none,no,no,no,no,no,no,no,no,no,no,no,no,no,no,no,no,high,high,high,no,"Фогг 80 дней; силуэты, мини-игры, стимпанк"
54466061,non_puzzle,,horror,,core,no,rpg_progression,no,no,no,no,no,no,no,no,no,no,no,no,no,no,no,no,high,medium,high,no,"команда и бункер; зомби, мутанты, PvP, кланы"
54467048,match3,,abstract,,none,no,none,no,no,no,no,no,no,no,no,no,no,no,no,no,no,no,no,high,high,high,no,"меняй камни 3+; самоцветы, каскады, опал"
54468287,sort,,farm_garden,,none,no,none,no,no,no,no,no,no,no,no,no,no,no,no,no,no,no,no,high,high,high,no,цветы по горшкам; подсказки и планирование
54468554,non_puzzle,,realistic_neutral,,none,no,none,no,no,no,no,no,no,no,no,no,no,no,no,no,no,no,no,high,medium,high,no,рыбалка-аркада: целься и стреляй в садок; удочки
54468944,sort,,abstract,magic_fantasy,none,no,none,no,no,no,no,no,no,no,no,no,no,no,no,no,no,no,no,high,medium,high,no,жидкости по колбам; магия лишь в названии
54469522,tile_match,,unknown_mixed,,none,no,none,no,no,no,no,no,no,no,no,no,no,no,no,no,no,no,no,high,medium,high,no,парные плитки; релакс для пожилых
54476896,merge,,farm_garden,horror,core,no,none,no,no,no,no,no,no,no,no,no,no,no,no,no,no,no,no,high,medium,medium,no,гибриды растений слиянием; волны зомби
54478968,tabletop,,realistic_neutral,,none,no,pvp_tournament,no,no,no,no,no,no,no,no,no,no,no,no,no,no,no,no,high,medium,high,no,"15 пасьянсов; дуэли, карта, задания"
54479560,merge,tabletop,realistic_neutral,,none,no,none,no,no,no,no,no,no,no,no,no,no,no,no,no,no,no,no,medium,medium,high,no,"пасьянс и 2048; режимы, корзина, рейтинг"
54481329,sort,,food_household,,none,no,none,no,no,no,no,no,no,no,no,no,no,no,no,no,no,no,no,high,high,high,no,бублики на стержнях в один цвет; сотни уровней
54481481,match3,,treasure_adventure,,none,no,none,no,no,no,no,no,no,no,no,no,no,no,no,no,no,no,no,medium,low,high,no,"жанр Three in a row; 2000 уровней, Король, соревнования"
54483973,quiz_trivia,,realistic_neutral,,none,no,none,no,no,no,no,no,no,no,no,no,no,no,no,no,no,no,no,high,medium,high,no,"литературная арена; Толстой, Гоголь, герои книг"
54484029,non_puzzle,,realistic_neutral,,none,no,none,no,no,no,no,no,no,no,no,no,no,no,no,no,no,no,no,high,medium,high,no,"книжная лавка: запросы, ассортимент, стратегия"
54489190,hidden_object,,detective_mystery,,none,no,none,no,no,no,no,no,no,no,no,no,no,no,no,no,no,no,no,high,high,high,no,"детектив и помощница; спрятанные предметы, локации"
54489790,other_puzzle,,abstract,,none,no,none,no,unknown,unknown,unknown,unknown,yes,unknown,unknown,unknown,unknown,unknown,unknown,unknown,unknown,unknown,unknown,high,medium,medium,no,проведи стрелку через лабиринт поворачивая элементы
54490546,non_puzzle,,romance_love,,none,no,other,no,no,no,no,no,no,no,no,no,no,no,no,no,no,no,no,high,high,high,no,"вечеринка: чат, бутылочка, рейтинги, флирт"
54491598,non_puzzle,,memes_pop_culture,,none,no,none,no,no,no,no,no,no,no,no,no,no,no,no,no,no,no,no,high,medium,high,no,"рыбалка на брейнротов; острова, снасти, лодки"
54492019,merge,,cute_animals,,none,no,none,no,no,no,no,no,no,no,no,no,no,no,no,no,no,no,no,high,medium,high,no,2048 гексы и желейная физика; кошачья атмосфера
54496145,word,tabletop,realistic_neutral,,none,no,none,no,no,no,no,no,no,no,no,no,no,no,no,no,no,no,no,high,medium,high,no,солитер цепочек слов; ассоциации и категории
54496464,merge,,farm_garden,,none,no,none,no,no,no,no,no,no,no,no,no,no,no,no,no,no,no,no,high,medium,high,no,"суйка цветов; заказы на букеты, секатор"
54496813,non_puzzle,,abstract,,none,no,none,no,no,no,no,no,no,no,no,no,no,no,no,no,no,no,no,medium,medium,high,no,"удар мяча, вспышки; классика в новом обличье"
54500920,other_puzzle,,farm_garden,,none,no,none,no,no,no,no,no,no,no,no,no,no,no,no,no,no,no,no,high,medium,high,no,"овцы движутся лишь по прямой; очисти поле, ферма"
54504368,non_puzzle,,realistic_neutral,,none,no,pvp_tournament,no,no,no,no,no,no,no,no,no,no,no,no,no,no,no,no,high,medium,high,no,"слоты; джекпоты, турниры, бонусы"
54504594,tile_match,,horror,,none,no,none,no,no,no,no,no,no,no,no,no,no,no,no,no,no,no,no,high,medium,high,no,"совпадения плиток; мир хеллоуин, комбо"
54509847,tabletop,,realistic_neutral,cute_animals,none,no,none,no,no,no,no,no,no,no,no,no,no,no,no,no,no,no,no,medium,medium,high,no,"сбрасывай карты цвета и числа; котики, комбо"
54518606,non_puzzle,,romance_love,,none,no,none,no,no,no,no,no,no,no,no,no,no,no,no,no,no,no,no,high,high,high,no,интерактивные истории любви; выборы и концовки
54519087,non_puzzle,,monsters_combat,,none,no,none,no,no,no,no,no,no,no,no,no,no,no,no,no,no,no,no,medium,medium,high,no,"строй мост из блоков; соперник, дракон, зомби"
54519094,tile_match,,farm_garden,,none,no,none,no,no,no,no,no,no,no,no,no,no,no,no,no,no,no,no,high,high,high,no,"по три плитки; холм в ферму, 90 уровней"
54528991,match3,,home_renovation,,none,no,pvp_tournament,no,no,no,no,no,no,no,no,no,no,no,no,no,no,no,no,high,medium,low,no,"match-3; город, здания, дуэли, лидеры"
54531151,arrow_tapaway,,abstract,,none,no,none,yes,yes,unknown,unknown,unknown,yes,unknown,unknown,unknown,unknown,unknown,unknown,unknown,unknown,unknown,unknown,high,medium,medium,no,нажимай на стрелки убери с поля; путь свободен; порядок
54533769,tile_match,,abstract,,none,no,none,no,no,no,no,no,no,no,no,no,no,no,no,no,no,no,no,high,medium,high,no,"пары плиток 3 линиями; одно поле, результат"
54539273,sort,picture_reveal,romance_love,,none,no,none,no,no,no,no,no,no,no,no,no,no,no,no,no,no,no,no,medium,medium,high,no,"название Стрелочки, но правило сортировка плиток; Катя"
54539824,bubble_shooter,,cute_animals,,none,no,none,no,no,no,no,no,no,no,no,no,no,no,no,no,no,no,no,high,medium,high,no,"зума; лисенок, цепные реакции, история"
54543545,picture_reveal,,unknown_mixed,,none,no,none,no,no,no,no,no,no,no,no,no,no,no,no,no,no,no,no,high,medium,high,no,"jigsaw 16-1024; животные, фэнтези, квесты"
54547320,merge,,abstract,,none,no,none,no,no,no,no,no,no,no,no,no,no,no,no,no,no,no,no,high,high,high,no,"числа 2-4096; гекса и блоки, лидеры"
54549092,picture_reveal,,unknown_mixed,,none,no,none,no,no,no,no,no,no,no,no,no,no,no,no,no,no,no,no,high,medium,high,no,"раскраски по цветам; категории, прогресс, релакс"
54549357,other_puzzle,,abstract,,none,no,none,no,no,no,no,no,no,no,no,no,no,no,no,no,no,no,no,medium,medium,medium,no,"пушки по пикселям цвета; поток выстрелов, конвейер"
54549654,non_puzzle,,farm_garden,,none,no,pvp_tournament,no,no,no,no,no,no,no,no,no,no,no,no,no,no,no,no,high,medium,high,no,"остров: культуры, здания, рынок; лиги и дуэли"
54552194,merge,,memes_pop_culture,,none,no,idle_economy,no,no,no,no,no,no,no,no,no,no,no,no,no,no,no,no,high,high,medium,no,"мердж-инкубатор брейнрота; мутации, доход, экспедиции"
54553732,non_puzzle,,unknown_mixed,,none,no,none,no,no,no,no,no,no,no,no,no,no,no,no,no,no,no,no,medium,medium,high,no,"повтори рисунок с образца; 300 уровней, медали"
54554576,other_puzzle,,space_scifi,,none,no,none,no,no,no,no,no,no,no,no,no,no,no,no,no,no,no,no,high,medium,high,no,"петли времени: прошлый ты, лазеры, зеркала, редактор"
54554906,merge,,cute_animals,,none,no,none,no,no,no,no,no,no,no,no,no,no,no,no,no,no,no,no,high,medium,high,no,"слияние яиц и питомцев; разведение, сундуки"
54555066,tabletop,,food_household,,none,yes,none,no,no,no,no,no,no,no,no,no,no,no,no,no,no,no,no,medium,high,medium,no,"карточная кухня: забеги, комбо, аренда; рогалик"
54556370,hidden_object,,cute_animals,,none,no,none,no,no,no,no,no,no,no,no,no,no,no,no,no,no,no,no,medium,high,high,no,найди спрятанных капибар; шлепки и монстры
54556504,merge,,food_household,,none,no,none,no,no,no,no,no,no,no,no,no,no,no,no,no,no,no,no,high,high,high,no,суйка фруктов до арбуза; лидерборд и скины
54556519,picture_reveal,,memes_pop_culture,,none,no,none,no,no,no,no,no,no,no,no,no,no,no,no,no,no,no,no,high,high,high,no,"аниме тайл пазл; вайфу, слайд, сотни уровней"
54556697,non_puzzle,,vehicles,,none,no,none,no,no,no,no,no,no,no,no,no,no,no,no,no,no,no,no,high,medium,high,no,"обби на мотоцикле; миры, трюки, хаос"
54561700,non_puzzle,,vehicles,,none,no,none,no,no,no,no,yes,no,no,no,no,no,no,no,no,no,no,no,high,high,high,no,"мотогонки; 45 трасс, 15 боссов, гараж, призраки"
54563032,merge,,abstract,,none,no,none,no,no,no,no,no,no,no,no,no,no,no,no,no,no,no,no,high,high,high,no,"поле 4х4, сдвиг и слияние; угловой метод, змея"
54566786,other_puzzle,,abstract,,none,no,none,no,no,no,no,no,no,no,no,no,no,no,no,no,no,no,no,high,high,high,no,судоку; сложности и подсказки
54567036,word,tabletop,realistic_neutral,,none,no,none,no,no,no,no,no,no,no,no,no,no,no,no,no,no,no,no,high,medium,high,no,солитер ассоциаций слов; категории и уровни
54567131,non_puzzle,,realistic_neutral,,none,no,pvp_tournament,no,no,no,no,no,no,no,no,no,no,no,no,no,no,no,no,medium,medium,medium,no,"долби стены, ресурсы, дом; турнир и коллекции"
54567845,other_puzzle,,treasure_adventure,,none,no,none,no,no,no,no,no,no,no,no,no,no,no,no,no,no,no,no,high,medium,high,no,"сапер и клады; радиусы, флаги, сложности"
54568502,tabletop,,realistic_neutral,,none,no,pvp_tournament,no,no,no,no,no,no,no,no,no,no,no,no,no,no,no,no,high,medium,high,no,"зонк: комбинации, риск, лиги, соперники"
54568590,arrow_tapaway,picture_reveal,abstract,,none,no,none,yes,no,unknown,unknown,unknown,yes,unknown,unknown,unknown,unknown,unknown,unknown,unknown,unknown,unknown,unknown,high,medium,medium,no,блоки со стрелкой сдвинь; путь свободен; картинка
54569366,non_puzzle,,realistic_neutral,,core,no,pvp_tournament,no,no,no,no,yes,no,no,no,no,no,no,no,no,no,no,no,medium,medium,high,no,"территории и кланы; боссы, кости, прокачка"
54571310,non_puzzle,,memes_pop_culture,,none,no,none,no,no,no,no,yes,no,no,no,no,no,no,no,no,no,no,no,high,high,high,no,"выживи забег от боссов; трансформации, брейнроты"
54571681,tile_match,,magic_fantasy,,none,no,none,no,no,no,no,no,no,no,no,no,no,no,no,no,no,no,no,high,medium,high,no,"три плитки на панель; Софи, дракон, усилители"
54572646,word,,magic_fantasy,,none,no,none,no,no,no,no,no,no,no,no,no,no,no,no,no,no,no,no,high,medium,high,no,"филворд и алхимия; рецепты, книги, лаборатория"
54573508,other_puzzle,,food_household,,none,no,none,no,no,no,no,no,no,no,no,no,no,no,no,no,no,no,no,medium,high,high,no,ингредиенты по рецептам; общие продукты ключ
54573917,merge,,magic_fantasy,,none,no,none,no,no,no,no,no,no,no,no,no,no,no,no,no,no,no,no,high,medium,high,no,классическая алхимия: два элемента в новый; подсказки
54574340,merge,,food_household,,none,no,none,no,no,no,no,no,no,no,no,no,no,no,no,no,no,no,no,high,medium,high,no,"суйка с физикой; фрукты падают, прогноз ходов"
54575150,tile_match,,farm_garden,,none,no,none,no,no,no,no,no,no,no,no,no,no,no,no,no,no,no,no,high,medium,high,no,"классический маджонг; лесные картинки, поднос"
54576194,match3,,abstract,,none,no,none,no,no,no,no,no,no,no,no,no,no,no,no,no,no,no,no,high,high,high,no,"группы кликом; гравитация, столбцы влево, бустеры"
54577006,non_puzzle,,realistic_neutral,,core,no,none,no,no,no,no,no,no,no,no,no,no,no,no,no,no,no,no,high,medium,high,no,"стратегия: здания, экономика, армия, дипломатия"
54577018,non_puzzle,,memes_pop_culture,,none,no,none,no,no,no,no,no,no,no,no,no,no,no,no,no,no,no,no,high,high,high,no,"гарпун-обби; Brainrots, тайкун, скорость"
54577917,merge,,memes_pop_culture,,core,no,none,no,no,no,no,no,no,no,no,no,no,no,no,no,no,no,no,high,high,low,no,"сливай мемов в эпичных; PvP автобои, кликер"
54579195,arrow_tapaway,,abstract,,none,no,none,yes,yes,unknown,unknown,unknown,yes,unknown,unknown,unknown,unknown,unknown,unknown,unknown,unknown,unknown,unknown,high,medium,high,no,нажимай стрелка улетит; путь свободен; порядок
54579291,arrow_tapaway,,abstract,,none,no,none,yes,yes,unknown,unknown,unknown,yes,unknown,unknown,unknown,unknown,unknown,unknown,unknown,unknown,unknown,unknown,high,medium,high,no,нажми вылетит с поля; путь перекрыт; порядок
54579601,arrow_tapaway,,abstract,,none,no,none,yes,yes,unknown,unknown,unknown,yes,unknown,unknown,unknown,unknown,unknown,unknown,unknown,unknown,unknown,unknown,high,medium,medium,no,сдвинь лишь в сторону стрелки; порядок; разбери фигуру
54580672,match3,,magic_fantasy,,core,no,rpg_progression,no,no,no,no,no,no,no,no,no,no,no,no,no,no,no,no,high,medium,medium,no,"3-в-ряд в бой; мечи и щиты, герои, PvP-арена"
54582396,match3,,magic_fantasy,,none,no,none,no,no,no,no,no,no,no,no,no,no,no,no,no,no,no,no,high,medium,high,no,"самоцветы в удары; охотники, замок, сокровища"
54583313,sort,screw,realistic_neutral,,none,no,none,no,no,no,no,no,no,no,no,no,no,no,no,no,no,no,no,high,medium,high,no,гайки между болтами в один цвет; небоскребы
54584298,tile_match,,home_renovation,,none,no,pvp_tournament,no,no,no,no,no,no,no,no,no,no,no,no,no,no,no,no,high,medium,high,no,"группы по 3; скрытые предметы, дом, турниры"
54585243,tabletop,,realistic_neutral,,none,no,none,no,no,no,no,no,no,no,no,no,no,no,no,no,no,no,no,high,medium,high,no,"крестики 5х5 окно 3х3; сдвиг рамки, ИИ"
54587791,match3,,food_household,,none,no,none,no,no,no,no,no,no,no,no,no,no,no,no,no,no,no,no,high,high,high,no,"ряды из пельменей; заказы, кухня, колесо"
54590436,other_puzzle,,unknown_mixed,,none,no,none,no,no,no,no,no,no,no,no,no,no,no,no,no,no,no,no,high,medium,high,no,рисуй формы направь воду; миры и звезды
54590940,non_puzzle,,realistic_neutral,,none,no,none,no,no,no,no,no,no,no,no,no,no,no,no,no,no,no,no,high,medium,high,no,"экономстратегия темок; риск, тюрьма, инвестиции"
54593380,picture_reveal,,unknown_mixed,,none,no,none,no,no,no,no,no,no,no,no,no,no,no,no,no,no,no,no,high,medium,high,no,мега сборник раскрасок; транспорт и животные
54593977,non_puzzle,,abstract,,none,no,none,no,no,no,no,no,no,no,no,no,no,no,no,no,no,no,no,high,medium,high,no,Red Ball платформер; стрелки лишь управление
54594449,match3,,food_household,,none,no,none,no,no,no,no,no,no,no,no,no,no,no,no,no,no,no,no,high,high,high,no,"фрукты 3+ в ряд; рынок, бонусы, уровни"
54596100,word,,horror,,none,no,none,no,no,no,no,no,no,no,no,no,no,no,no,no,no,no,no,high,high,high,no,собери ответ из букв; монстры и легенды
54597038,block_hexa,,space_scifi,,none,no,none,no,no,no,no,no,no,no,no,no,no,no,no,no,no,no,no,high,medium,high,no,"тетрис на цилиндре; кольца и линии, орбита"
54597286,sort,,cute_animals,,none,no,none,no,no,no,no,no,no,no,no,no,no,no,no,no,no,no,no,medium,high,high,no,потоп: рассели зверят по комнатам; характеры
54598270,sort,,abstract,,none,no,none,no,no,no,no,no,no,no,no,no,no,no,no,no,no,no,no,high,high,high,no,круги по шестам в один цвет; стратегия ходов
54600379,non_puzzle,,food_household,,none,no,none,no,no,no,no,no,no,no,no,no,no,no,no,no,no,no,no,high,high,high,no,"тайм-менеджмент: кухни, кафе, рецепты, время"
54601773,tabletop,,farm_garden,,none,no,none,no,no,no,no,no,no,no,no,no,no,no,no,no,no,no,no,high,medium,high,no,Три Пика: цепочки и монеты; ферма и урожай
54604116,sort,,realistic_neutral,,none,no,none,no,no,no,no,no,no,no,no,no,no,no,no,no,no,no,no,high,medium,high,no,"пряжа по катушкам цвета; 400 уровней, Клубок"
54606540,merge,,abstract,magic_fantasy,none,no,none,no,no,no,no,no,no,no,no,no,no,no,no,no,no,no,no,medium,medium,high,no,соединяй пузыри в новые; ходы и цели
54608047,arrow_tapaway,,abstract,,none,no,none,yes,yes,unknown,unknown,unknown,yes,unknown,unknown,unknown,unknown,unknown,unknown,unknown,unknown,unknown,unknown,high,medium,high,no,Tap Away: плитка покинет поле; стрелка и порядок; Slink
54608433,non_puzzle,,farm_garden,,none,no,pvp_tournament,no,no,no,no,no,no,no,no,no,no,no,no,no,no,no,no,high,high,high,no,"сад: цветы, заказы, гильдии; турниры"
54608510,non_puzzle,,treasure_adventure,,none,no,none,no,no,no,no,no,no,no,no,no,no,no,no,no,no,no,no,high,medium,high,no,"платформер: темница, принцесса, Джаффар"
54608797,merge,,magic_fantasy,,none,no,none,no,no,no,no,no,no,no,no,no,no,no,no,no,no,no,no,high,medium,high,no,земля вода огонь воздух; рецепты и коллекция
54609613,merge,,abstract,,none,no,none,no,no,no,no,no,no,no,no,no,no,no,no,no,no,no,no,medium,high,high,no,объединяй плитки; очки и лидеры
54611496,sort,,realistic_neutral,,none,no,none,no,no,no,no,no,no,no,no,no,no,no,no,no,no,no,no,high,medium,high,no,пряжа между катушками; цвета и тупики
54612765,merge,,cute_animals,,none,no,none,no,no,no,no,no,no,no,no,no,no,no,no,no,no,no,no,high,high,high,no,котики друг на друга в следующего; коллекция
54612801,merge,,food_household,,none,no,none,no,no,no,no,no,no,no,no,no,no,no,no,no,no,no,no,high,medium,high,no,"суйка онлайн: стакан, арбуз, комбо, рекорды"
54612821,quiz_trivia,,realistic_neutral,,none,no,none,no,no,no,no,no,no,no,no,no,no,no,no,no,no,no,no,high,medium,high,no,"Поле Чудес: вопросы, раунды, финал, дом"
54612839,non_puzzle,,horror,,core,no,none,no,no,no,no,yes,no,no,no,no,no,no,no,no,no,no,no,high,medium,high,no,"вылазки в зону; мутанты, боссы, артефакты"
54613094,match3,,farm_garden,,none,no,pvp_tournament,no,no,no,no,no,no,no,no,no,no,no,no,no,no,no,no,high,high,high,no,"овощи три в ряд; рейтинг, турниры"
54613781,arrow_tapaway,,abstract,,none,no,none,yes,yes,unknown,unknown,unknown,yes,unknown,unknown,unknown,unknown,unknown,unknown,unknown,unknown,unknown,unknown,high,medium,medium,no,стрелки с куба; направление и путь; последовательность
54614420,merge,,treasure_adventure,,none,no,none,no,no,no,no,no,no,no,no,no,no,no,no,no,no,no,no,high,medium,high,no,"предметы в новые; курорт, заказы, остров"
54614938,non_puzzle,,magic_fantasy,,core,no,rpg_progression,no,no,no,no,no,no,no,no,no,no,no,no,no,no,no,no,high,medium,high,no,"MMORPG фэнтези: команда, PVP и PVE"
54616467,other_puzzle,,cute_animals,,none,no,none,no,no,no,no,no,no,no,no,no,no,no,no,no,no,no,no,high,medium,high,no,"рогатка и физика; Флип, крепости, миры"
54617048,tile_match,,magic_fantasy,,none,no,none,no,no,no,no,no,no,no,no,no,no,no,no,no,no,no,no,high,medium,high,no,"плитки с рисунком; Элли, школа, главы"
54619196,merge,,abstract,,none,no,none,no,no,no,no,no,no,no,no,no,no,no,no,no,no,no,no,high,high,high,no,"физика 2048: режимы, рекорды, пространство"
54619918,non_puzzle,,realistic_neutral,,none,no,none,no,no,no,no,no,no,no,no,no,no,no,no,no,no,no,no,high,medium,high,no,"королевство после чумы; карта, стройки, лорды"
54621633,tile_match,,realistic_neutral,,none,no,none,no,no,no,no,no,no,no,no,no,no,no,no,no,no,no,no,high,medium,high,no,"маджонг барахолки; тройки, бустеры, сокровища"
54621697,non_puzzle,,vehicles,,none,no,none,no,no,no,no,no,no,no,no,no,no,no,no,no,no,no,no,high,medium,high,no,велоаркада; стрелки лишь управление; финиш
54623740,merge,,cute_animals,,none,no,none,no,no,no,no,no,no,no,no,no,no,no,no,no,no,no,no,high,high,high,no,котики друг на друга; коллекция и уровни
54623957,non_puzzle,,abstract,,none,no,none,no,no,no,no,no,no,no,no,no,no,no,no,no,no,no,no,high,medium,high,no,хардкор платформер; ловушки и прыжки; стрелки управление
54626372,merge,,abstract,,none,no,none,no,no,no,no,no,no,no,no,no,no,no,no,no,no,no,no,medium,high,high,no,цепочка кубиков собирает числа; слияния и арена
54626694,tile_match,,abstract,,none,no,pvp_tournament,no,no,no,no,no,no,no,no,no,no,no,no,no,no,no,no,high,medium,high,no,пары и суммы 10; перенос строк; дуэли и турниры
54628255,other_puzzle,,realistic_neutral,,none,no,none,no,no,no,no,no,no,no,no,no,no,no,no,no,no,no,no,high,medium,high,no,взломай замок: пластины и штифт; связи и сброс
54628526,non_puzzle,,treasure_adventure,,core,no,pvp_tournament,no,no,no,no,no,no,no,no,no,no,no,no,no,no,no,no,high,high,high,no,"пираты: строй корабль, бои онлайн, арена, сюжет"
54628827,match3,,farm_garden,,none,no,none,no,no,no,no,no,no,no,no,no,no,no,no,no,no,no,no,high,high,high,no,"фрукты тройками; сад дедушки, звезды, зоны"
54628971,match3,,cute_animals,,none,no,none,no,no,no,no,no,no,no,no,no,no,no,no,no,no,no,no,high,high,high,no,"хаски и корги тройками; 15 уровней, реакции"
54628975,quiz_trivia,,detective_mystery,,none,no,none,no,no,no,no,no,no,no,no,no,no,no,no,no,no,no,no,high,medium,high,no,"викторина добывает улики; синтез разгадки, эпохи"
54629332,arrow_tapaway,,abstract,,none,no,none,yes,no,unknown,unknown,unknown,yes,unknown,unknown,unknown,unknown,unknown,unknown,unknown,unknown,unknown,unknown,high,medium,medium,no,двигай стрелки в направлении; порядок и пути; очисти поле
54629726,other_puzzle,,cute_animals,,none,no,none,no,no,no,no,no,yes,no,no,no,no,no,no,no,no,no,no,high,high,medium,no,маршрут хомяков по стрелкам; порядок и выход
54630365,other_puzzle,,cute_animals,,none,no,none,no,no,no,no,no,no,no,no,no,no,no,no,no,no,no,no,high,high,high,no,котик в области строке и колонке; без касаний
54630379,non_puzzle,,realistic_neutral,,none,no,idle_economy,no,no,no,no,no,no,no,no,no,no,no,no,no,no,no,no,high,medium,high,no,"завод с нуля; цеха, престиж, магнат"
54630757,non_puzzle,,space_scifi,,core,no,none,no,no,no,no,yes,no,no,no,no,no,no,no,no,no,no,no,high,medium,high,no,"топ-даун выживание; волны, босс каждая 5-я, оружие"
54631079,arrow_tapaway,,abstract,,none,no,none,yes,yes,unknown,unknown,unknown,yes,unknown,unknown,unknown,unknown,unknown,unknown,unknown,unknown,unknown,unknown,high,medium,high,no,фишка едет по стрелке; улетает за пределы; порядок
54632273,sort,,food_household,,none,no,none,no,no,no,no,no,no,no,no,no,no,no,no,no,no,no,no,medium,high,high,no,лишние ингредиенты по тарелкам; рецепты пиццы
54633990,merge,,cute_animals,,none,no,idle_economy,no,no,no,no,no,no,no,no,no,no,no,no,no,no,no,no,high,high,medium,no,коты в повышение; работают пока нет; учреждения
54634467,unknown,,treasure_adventure,,unknown,unknown,unknown,unknown,unknown,unknown,unknown,unknown,unknown,unknown,unknown,unknown,unknown,unknown,unknown,unknown,unknown,unknown,unknown,low,medium,low,yes,Атлантида и артефакты; механики нет
54635319,non_puzzle,,abstract,,none,no,idle_economy,no,no,no,no,no,no,no,no,no,no,no,no,no,no,no,no,high,medium,high,no,"пушки авто; престиж, шары, взрывы; idle"
54636684,match3,,farm_garden,,none,no,none,no,no,no,no,no,no,no,no,no,no,no,no,no,no,no,no,high,medium,high,no,"три в ряд; лесные предметы, карта, сундуки"
54637823,word,,treasure_adventure,,none,no,none,no,no,no,no,no,no,no,no,no,no,no,no,no,no,no,no,high,medium,high,no,гекса-филворд в 6 направлениях; острова
54637825,merge,,farm_garden,,none,no,none,no,no,no,no,no,no,no,no,no,no,no,no,no,no,no,no,high,high,high,no,"слияние овощей; сорняки, перчик-бомба, урожай"
54637960,other_puzzle,picture_reveal,abstract,,none,no,none,no,no,no,no,no,no,no,no,no,no,no,no,no,no,no,no,medium,medium,high,no,тап по стрелке исчезает; фрагменты рисунка
54639813,merge,,food_household,,none,no,none,no,no,no,no,no,no,no,no,no,no,no,no,no,no,no,no,high,high,high,no,"мерж-2 пекарни; заказы, монеты, залы"
54641447,other_puzzle,,abstract,,none,no,none,no,no,no,no,no,yes,unknown,unknown,unknown,unknown,unknown,unknown,unknown,unknown,unknown,unknown,medium,medium,low,yes,направляй стрелки очисти уровень; детали неясны
54642480,tabletop,,realistic_neutral,,none,no,none,no,no,no,no,no,no,no,no,no,no,no,no,no,no,no,no,high,medium,high,no,"шахматные задачи; король в ловушку, ходы"
54642802,tile_match,,cute_animals,,none,no,none,no,no,no,no,no,no,no,no,no,no,no,no,no,no,no,no,high,medium,high,no,"тройки плиток; Бобр Борис, заведения, звезды"
54643096,arrow_tapaway,,abstract,,none,no,none,yes,yes,unknown,unknown,unknown,yes,unknown,unknown,unknown,unknown,unknown,unknown,unknown,unknown,unknown,unknown,high,medium,medium,no,"змей по стрелкам; порядок, проходы, 400 уровней"
54643268,non_puzzle,,monsters_combat,,core,no,none,no,no,no,no,no,no,no,no,no,no,no,no,no,no,no,no,medium,medium,high,no,"эволюция существа; территории, PvP, головоломки"
54643503,non_puzzle,,abstract,,none,no,none,no,no,no,no,no,no,no,no,no,no,no,no,no,no,no,no,medium,medium,high,no,"катание шариков и меткость; блоки, рейтинг"
54643862,word,,realistic_neutral,,none,no,none,no,no,no,no,no,no,no,no,no,no,no,no,no,no,no,no,high,medium,high,no,"слова по теме; 150 тем, сложности, подсказки"
54643911,other_puzzle,,home_renovation,,none,no,none,no,no,no,no,no,no,no,no,no,no,no,no,no,no,no,no,medium,medium,high,no,стринг-арт: точки по цветам; нити и комнаты
54644271,arrow_tapaway,picture_reveal,abstract,,none,no,none,yes,yes,unknown,unknown,unknown,yes,unknown,unknown,unknown,unknown,unknown,unknown,unknown,unknown,unknown,unknown,high,medium,medium,no,фигура лишь в направлении стрелки; очисти; картина
54645336,sort,merge,realistic_neutral,,none,no,none,no,no,no,no,no,no,no,no,no,no,no,no,no,no,no,no,high,medium,high,no,монеты по ячейкам; стопки в ценные; казна
54646011,arrow_tapaway,,abstract,,none,no,none,yes,yes,unknown,unknown,unknown,yes,unknown,unknown,unknown,unknown,unknown,unknown,unknown,unknown,unknown,unknown,high,medium,medium,no,Snake Escape Tap Away; змей из сеток по порядку
54647451,non_puzzle,,magic_fantasy,,core,yes,rpg_progression,no,no,no,no,yes,no,no,no,no,no,no,no,no,no,no,no,high,medium,high,no,"RPG-рогалик; забеги, слияние, босс этажа"
54649206,arrow_tapaway,,abstract,,none,no,none,yes,yes,unknown,unknown,unknown,yes,unknown,unknown,unknown,unknown,unknown,unknown,unknown,unknown,unknown,unknown,high,medium,medium,no,кубики лишь в сторону стрелки; покинуть поле; порядок
54649914,tabletop,,unknown_mixed,,none,no,none,no,no,no,no,no,no,no,no,no,no,no,no,no,no,no,no,high,medium,high,no,солитер с пейзажами; стопки и гармония
54650664,other_puzzle,,abstract,,none,no,none,no,no,no,no,no,no,no,no,no,no,no,no,no,no,no,no,medium,medium,high,no,"нажимай пузырьки; комбо и множитель, топ"
54650960,match3,,memes_pop_culture,,none,no,none,no,no,no,no,no,no,no,no,no,no,no,no,no,no,no,no,high,medium,high,no,"три в ряд; аниме-городок, бустеры, лидеры"
54651109,non_puzzle,,magic_fantasy,,core,no,rpg_progression,no,no,no,no,no,no,no,no,no,no,no,no,no,no,no,no,high,medium,high,no,"отряд и арена; рейд-боссы, войны кланов"
54651801,merge,,abstract,,none,no,none,no,no,no,no,no,no,no,no,no,no,no,no,no,no,no,no,high,high,high,no,3+ кубиков сливаются; цепи и поле
54651903,other_puzzle,,cute_animals,,none,no,none,no,no,no,no,no,no,no,no,no,no,no,no,no,no,no,no,medium,high,high,no,"6 мини-игр про котов; поиск, пазлы, змейка"
54652146,non_puzzle,,unknown_mixed,,none,no,none,no,no,no,no,no,no,no,no,no,no,no,no,no,no,no,no,medium,medium,high,no,текстовая онлайн RPG MMO Arena
54653063,tabletop,,treasure_adventure,,none,no,none,no,no,no,no,no,no,no,no,no,no,no,no,no,no,no,no,high,low,high,no,Перудо: кости и блеф; Дудо и Кальза
54653215,other_puzzle,,abstract,,none,no,none,no,no,no,no,no,no,no,no,no,no,no,no,no,no,no,no,high,medium,high,no,кати шарик закрась путь; маршрут и уровни
54653453,sort,,realistic_neutral,,none,no,none,no,no,no,no,no,no,no,no,no,no,no,no,no,no,no,no,high,medium,high,no,предметы между стопками в один цвет; уровни
54653496,match3,sort,home_renovation,,none,no,renovation_story,no,no,no,no,no,no,no,no,no,no,no,no,no,no,no,no,high,medium,medium,no,"3 в ряд и сортировка; Люда, ремонт, турниры"
54653840,merge,,realistic_neutral,,none,no,idle_economy,no,no,no,no,no,no,no,no,no,no,no,no,no,no,no,no,medium,medium,medium,no,"копай и объединяй камни; заказы, пассивный доход"
54655149,arrow_tapaway,,abstract,,none,no,none,yes,yes,unknown,unknown,unknown,yes,unknown,unknown,unknown,unknown,unknown,unknown,unknown,unknown,unknown,unknown,high,medium,medium,no,кубы в направлении; путь и порядок; очисти уровень
54655421,sort,,abstract,,none,no,none,no,no,no,no,no,no,no,no,no,no,no,no,no,no,no,no,high,high,high,no,самоцветы в лоток по местам; фигуры и монеты
54655842,match3,,abstract,,none,no,none,no,no,no,no,no,no,no,no,no,no,no,no,no,no,no,no,high,high,high,no,"комбинации 3+; уровни, бустеры, задания"
54657068,non_puzzle,,vehicles,,none,no,none,no,no,no,no,no,no,no,no,no,no,no,no,no,no,no,no,medium,medium,high,no,торпедная атака; глазомер и точность стрельбы
54657624,arrow_tapaway,,abstract,,none,no,none,yes,unknown,unknown,unknown,unknown,yes,unknown,unknown,unknown,unknown,unknown,unknown,unknown,unknown,unknown,unknown,medium,medium,medium,yes,сортируй стрелки; маршруты и порядок; раскрой поле
54658484,merge,match3,food_household,,none,no,none,no,no,no,no,no,no,no,no,no,no,no,no,no,no,no,no,high,high,high,no,"мердж и три-в-ряд; повар Лео, кухни, коллекции"
54658940,non_puzzle,,realistic_neutral,,none,no,none,no,no,no,no,no,no,no,no,no,no,no,no,no,no,no,no,medium,medium,high,no,10 глав компании; выборы и 6 концовок; коты
54661641,match3,,abstract,,none,no,none,no,no,no,no,no,no,no,no,no,no,no,no,no,no,no,no,high,high,high,no,"меняй фигуры линии от 3; каскады, бустеры"
54661725,word,,abstract,,none,no,none,no,no,no,no,no,no,no,no,no,no,no,no,no,no,no,no,high,medium,high,no,слова в пузырьках по категориям; IQ и словарь
54662458,screw,,realistic_neutral,,none,no,none,no,no,no,no,no,no,no,no,no,no,no,no,no,no,no,no,high,medium,high,no,"винты в отверстия; доски, места, усилители"
54665669,other_puzzle,,abstract,,none,no,none,no,no,no,no,yes,no,no,no,no,no,no,no,no,no,no,no,high,medium,high,no,"гравитация и лабиринт; звезды, сферы, босс-магнит"
54666161,merge,,food_household,,none,no,none,no,no,no,no,no,no,no,no,no,no,no,no,no,no,no,no,high,medium,high,no,"суйка фруктов; Чудо-Дерево, бомба, Джем"
54666734,merge,,magic_fantasy,,none,no,idle_economy,no,no,no,no,no,no,no,no,no,no,no,no,no,no,no,no,high,medium,medium,no,"30 тиров драконов; офлайн доход, престиж"
54667724,other_puzzle,,treasure_adventure,,none,no,none,no,no,no,no,no,no,no,no,no,no,no,no,no,no,no,no,high,medium,high,no,японская мозаика; артефакты и цивилизации
54668751,bubble_shooter,,abstract,,none,no,none,no,no,no,no,no,no,no,no,no,no,no,no,no,no,no,no,high,high,high,no,"целься и стреляй; комбо 3+, сотни уровней"
54669377,other_puzzle,,cute_animals,,none,no,none,no,no,no,no,no,no,no,no,no,no,no,no,no,no,no,no,medium,medium,high,no,"сказка-сериал; предметы, кочки, тени, танец"
54669674,other_puzzle,,home_renovation,romance_love,none,no,none,no,no,no,no,no,no,no,no,no,no,no,no,no,no,no,no,medium,medium,low,yes,порядок удаления стрелок; механика не описана; Анна
54670108,match3,,monsters_combat,,core,no,none,no,no,no,no,no,no,no,no,no,no,no,no,no,no,no,no,medium,medium,medium,no,"тюльпаны по цвету блоков; 100 монстров, боезапас"
54670833,tile_match,,realistic_neutral,,none,no,none,no,no,no,no,no,no,no,no,no,no,no,no,no,no,no,no,high,medium,high,no,товары по три на полках; уровни и планирование
54673015,match3,,abstract,,none,no,none,no,no,no,no,no,no,no,no,no,no,no,no,no,no,no,no,high,high,high,no,кристаллы местами 3+; очки и звезды
54673391,arrow_tapaway,picture_reveal,abstract,,none,no,none,yes,yes,unknown,unknown,unknown,yes,unknown,unknown,unknown,unknown,unknown,unknown,unknown,unknown,unknown,unknown,high,medium,high,no,нажимай стрелки уедет с поля; порядок; картина
54673712,non_puzzle,,unknown_mixed,,none,no,none,no,no,no,no,no,no,no,no,no,no,no,no,no,no,no,no,medium,medium,high,no,"прятки-маскировка; охотник, друзья, матчи"
54673875,non_puzzle,,treasure_adventure,,core,no,none,no,no,no,no,no,no,no,no,no,no,no,no,no,no,no,no,high,medium,high,no,"выживи на острове; крокодилы, золото, вуду"
54674180,non_puzzle,,cute_animals,,none,no,none,no,no,no,no,no,no,no,no,no,no,no,no,no,no,no,no,high,medium,high,no,"пингвин на лыжах; рыбки, жизни, вираж"
54674634,other_puzzle,,abstract,,none,no,none,no,no,no,no,no,no,no,no,no,no,no,no,no,no,no,no,high,high,high,no,пары точек линиями без пересечений; поле 9х9
54675804,other_puzzle,,memes_pop_culture,,none,no,none,no,no,no,no,no,no,no,no,no,no,no,no,no,no,no,no,high,medium,high,no,"рогатка по башням монстров; Нубик, 50 уровней"
54677112,merge,,horror,,core,no,none,no,no,no,no,no,no,no,no,no,no,no,no,no,no,no,no,high,medium,medium,no,"объединяй оружие; волны зомби, поезд, турели"
54677512,non_puzzle,,realistic_neutral,,core,no,pvp_tournament,no,no,no,no,no,no,no,no,no,no,no,no,no,no,no,no,medium,medium,high,no,пошаговая дуэль: голова или корпус; ранг и салун
54677666,non_puzzle,,unknown_mixed,,none,no,none,no,no,no,no,no,no,no,no,no,no,no,no,no,no,no,no,medium,medium,high,no,"ставь кубики под собой; лава, враги, побег"
54678488,non_puzzle,,vehicles,,core,no,none,no,no,no,no,no,no,no,no,no,no,no,no,no,no,no,no,high,high,high,no,"танки онлайн: арена, NPC-фигуры, снаряды, скины"
54678489,picture_reveal,,unknown_mixed,,none,no,collection,no,no,no,no,no,no,no,no,no,no,no,no,no,no,no,no,high,medium,medium,no,"раскраска; звезды и свитки мудрости, лидеры"
54678704,merge,,realistic_neutral,,none,no,none,no,no,no,no,no,no,no,no,no,no,no,no,no,no,no,no,high,medium,high,no,бросай и объединяй монеты; банки и звезда
54679256,tile_match,,abstract,,none,no,none,no,no,no,no,no,no,no,no,no,no,no,no,no,no,no,no,high,medium,high,no,"маджонг: двигай плитки, пары, очисти уровень"
54680224,other_puzzle,,detective_mystery,,none,no,none,no,no,no,no,no,no,no,no,no,no,no,no,no,no,no,no,medium,high,high,no,соединяй улики нитью; назови преступника и мотив
54680231,merge,,abstract,,none,no,none,no,no,no,no,no,no,no,no,no,no,no,no,no,no,no,no,high,high,high,no,нажимай фишки создавай уровень; иди до 10
54681620,sort,,realistic_neutral,,none,no,none,no,no,no,no,no,no,no,no,no,no,no,no,no,no,no,no,high,medium,high,no,"предметы по коробкам: цвет, форма, назначение"
54682453,merge,,abstract,,none,no,none,no,no,no,no,no,no,no,no,no,no,no,no,no,no,no,no,medium,high,high,no,"падающие блоки; оттенки серого, линии, рекорд"
54683476,word,,realistic_neutral,,none,no,none,no,no,no,no,no,no,no,no,no,no,no,no,no,no,no,no,high,medium,high,no,вордли: слово за попытки; зеленые и желтые
54683518,match3,,abstract,,none,no,none,no,no,no,no,no,no,no,no,no,no,no,no,no,no,no,no,high,high,high,no,кольца 3х3: линии и башни; рандом и рекорд
54683949,sort,,abstract,,none,no,none,no,no,no,no,no,no,no,no,no,no,no,no,no,no,no,no,high,high,high,no,"колбы: цвет и форма; две оси, без таймера"
54684402,merge,,abstract,,none,no,none,no,no,no,no,no,no,no,no,no,no,no,no,no,no,no,no,high,high,high,no,"2048: расширяй поле, магазин, лидеры"
54684518,quiz_trivia,,realistic_neutral,,none,no,none,no,no,no,no,no,no,no,no,no,no,no,no,no,no,no,no,high,medium,high,no,"кадры мультиков СССР; 4 режима, лидеры"
54686037,non_puzzle,,monsters_combat,,core,yes,rpg_progression,no,no,no,no,yes,no,no,no,no,no,no,no,no,no,no,no,medium,medium,high,no,"клешня-рогалик; забеги, монстры, боссы, билды"
54686517,arrow_tapaway,,home_renovation,,none,no,none,yes,yes,unknown,unknown,unknown,yes,unknown,unknown,unknown,unknown,unknown,unknown,unknown,unknown,unknown,unknown,high,medium,medium,no,змейки-стрелки; порядок и путь; восстанови дом
54686636,sort,,food_household,,none,no,none,no,no,no,no,no,no,no,no,no,no,no,no,no,no,no,no,high,medium,high,no,"сортируй сладости; звезды, деревня, ураган"
54686777,merge,,abstract,,none,no,none,no,no,no,no,no,no,no,no,no,no,no,no,no,no,no,no,high,high,high,no,"числа 2048; поле, свайпы, темы"
54688135,word,,realistic_neutral,,none,no,none,no,no,no,no,no,no,no,no,no,no,no,no,no,no,no,no,high,medium,high,no,"слова СССР на сетке; 700 головоломок, звезды"
54688278,non_puzzle,,monsters_combat,,core,no,idle_economy,no,no,no,no,no,no,no,no,no,no,no,no,no,no,no,no,high,medium,high,no,"кликер отряда; монстры, артефакты, сотни уровней"
54690771,match3,,cute_animals,,none,no,none,no,no,no,no,no,no,no,no,no,no,no,no,no,no,no,no,high,medium,high,no,"фишки по три; панда, комбо, рейтинг"
54690989,merge,,abstract,,none,no,none,no,no,no,no,no,no,no,no,no,no,no,no,no,no,no,no,high,high,high,no,группы чисел в большие; 2048 и выше
54691613,non_puzzle,,realistic_neutral,,core,no,none,no,no,no,no,no,no,no,no,no,no,no,no,no,no,no,no,medium,medium,high,no,"тактика на гексах; найм, мана, золото"
54691807,match3,,treasure_adventure,,none,no,none,no,no,no,no,no,no,no,no,no,no,no,no,no,no,no,no,high,low,high,no,кристаллы местами 3+; сокровища в названии
54691906,screw,,cute_animals,,none,no,collection,no,no,no,no,no,no,no,no,no,no,no,no,no,no,no,no,high,medium,medium,no,"выкручивай винты; спасай птиц, коллекция парка"
54691983,tabletop,,magic_fantasy,,core,no,none,no,no,no,no,no,no,no,no,no,no,no,no,no,no,no,no,medium,medium,high,no,автобаттлер стихийных кубиков; заклинание и цель
54692847,block_hexa,,abstract,,none,no,none,no,no,no,no,no,no,no,no,no,no,no,no,no,no,no,no,high,high,high,no,"фигуры в строки; комбо, бомба, режимы"
54694915,match3,,cute_animals,,none,no,none,no,no,no,no,no,no,no,no,no,no,no,no,no,no,no,no,high,high,high,no,"тройки питомцев; шарики 60 секунд, линия"
54695340,non_puzzle,,realistic_neutral,,none,no,none,no,no,no,no,no,no,no,no,no,no,no,no,no,no,no,no,medium,medium,high,no,"офисная RPG: карьера, бои-совещания"
54695570,merge,,memes_pop_culture,,core,no,none,no,no,no,no,yes,no,no,no,no,no,no,no,no,no,no,no,high,high,high,no,объединяй пушки; боссы Тралала и Сахур
54696200,sort,,abstract,,none,no,none,no,no,no,no,no,no,no,no,no,no,no,no,no,no,no,no,high,high,high,no,"жидкости по колбам; уровень дня, эксперт"
54696297,hidden_object,,detective_mystery,magic_fantasy,none,no,none,no,no,no,no,no,no,no,no,no,no,no,no,no,no,no,no,high,medium,high,no,"особняк книг; эпохи, артефакты, библиотекарь"
54696712,merge,,food_household,,none,no,none,no,no,no,no,no,no,no,no,no,no,no,no,no,no,no,no,high,medium,high,no,тапнул уронил слилось; арбузная механика
54696932,non_puzzle,,realistic_neutral,,none,no,idle_economy,no,no,no,no,no,no,no,no,no,no,no,no,no,no,no,no,high,medium,high,no,"идл-фармилка крипты; офлайн доход, престиж"
54696962,non_puzzle,,realistic_neutral,,none,no,none,no,no,no,no,no,no,no,no,no,no,no,no,no,no,no,no,medium,medium,high,no,"рулетка кейсов; батлы, контракты, апгрейд"
54697402,word,,realistic_neutral,,none,no,none,no,no,no,no,no,no,no,no,no,no,no,no,no,no,no,no,high,medium,high,no,слова из букв; очки и уровни
54697900,merge,,food_household,,none,no,collection,no,no,no,no,no,no,no,no,no,no,no,no,no,no,no,no,high,medium,medium,no,"суйка в банку; коллекции кладовой, ярмарка"
54698377,hidden_object,,magic_fantasy,,none,no,none,no,no,no,no,no,no,no,no,no,no,no,no,no,no,no,no,high,high,high,no,"ведьмочка и кот; миры, уровни, подсказки"
54698383,arrow_tapaway,,abstract,,none,no,none,yes,yes,unknown,unknown,unknown,yes,unknown,unknown,unknown,unknown,unknown,unknown,unknown,unknown,unknown,unknown,high,medium,high,no,стрелочка едет; улетает за пределы; порядок
54698669,match3,,abstract,,none,no,none,no,no,no,no,no,no,no,no,no,no,no,no,no,no,no,no,high,high,high,no,кольца 3х3 в линии; комбо и рекорды
54698740,non_puzzle,,space_scifi,,none,no,none,no,no,no,no,no,no,no,no,no,no,no,no,no,no,no,no,high,medium,high,no,"пылесос частиц; батарея, труба, рекорды"
54698931,sort,,realistic_neutral,,none,no,none,no,no,no,no,no,no,no,no,no,no,no,no,no,no,no,no,high,medium,high,no,посылки по цвету и форме; смена и сбои
54699415,block_hexa,,abstract,,none,yes,none,no,no,no,no,no,no,no,no,yes,yes,no,no,no,no,no,no,high,high,high,no,ряды 8х8; выбор 1 из 3 усилений до конца забега
54700321,non_puzzle,,food_household,,none,no,none,no,no,no,no,no,no,no,no,no,no,no,no,no,no,no,no,medium,medium,high,no,плинко шарики по пинам; множители и джекпот
54701520,non_puzzle,,space_scifi,,core,no,none,no,no,no,no,no,no,no,no,no,no,no,no,no,no,no,no,high,medium,high,no,"выживание; автопушка, позиция, эволюции"
54701847,match3,,magic_fantasy,,cosmetic,no,none,no,no,no,no,no,no,no,no,no,no,no,no,no,no,no,no,high,medium,medium,no,"цепочки и петли; алтари, феи, боссы кампании"
54702048,sort,,abstract,,none,no,none,no,no,no,no,no,no,no,no,no,no,no,no,no,no,no,no,high,high,high,no,"гексы 7 подряд сгорают; перетекание, вращение"
54702054,merge,,cute_animals,,none,no,idle_economy,no,no,no,no,no,no,no,no,no,no,no,no,no,no,no,no,high,high,medium,no,"мердж-кликер котиков; пассивный доход, империя"
54702502,match3,,abstract,,none,no,none,no,no,no,no,no,no,no,no,no,no,no,no,no,no,no,no,high,high,high,no,"группы 2+ взрываются; ракеты, бомбы, вертушки"
54702664,non_puzzle,,romance_love,,none,no,pvp_tournament,no,no,no,no,no,no,no,no,no,no,no,no,no,no,no,no,high,high,high,no,"бутылочка 18+; поцелуи, рейтинги, контесты"
54702801,arrow_tapaway,,abstract,,none,no,none,yes,yes,unknown,unknown,unknown,yes,yes,unknown,unknown,unknown,unknown,unknown,unknown,unknown,unknown,unknown,high,medium,high,no,тап путь свободен улетит; поворот 90; ключи и замки
54703143,sort,,magic_fantasy,,none,no,none,no,no,no,no,no,no,no,no,no,no,no,no,no,no,no,no,high,medium,high,no,"Water Sort в аптеке; заказы, колбы, декор"
54703918,merge,,memes_pop_culture,,none,no,none,no,no,no,no,no,no,no,no,no,no,no,no,no,no,no,no,high,medium,high,no,мерж-кликер бравлов; коллекция и битвы
54704785,other_puzzle,,cute_animals,,none,no,none,no,no,no,no,no,no,no,no,no,no,no,no,no,no,no,no,medium,medium,high,no,28 мини-игр с котом; погода и коллекция
54705504,non_puzzle,,memes_pop_culture,,none,no,none,no,no,no,no,no,no,no,no,no,no,no,no,no,no,no,no,medium,medium,high,no,"ивент Genshin: мини-игры, открытки, призы"
54705583,non_puzzle,,magic_fantasy,,core,no,rpg_progression,no,no,no,no,yes,no,no,no,no,no,no,no,no,no,no,no,high,medium,high,no,"башня 20 этажей; боссы, PvP, кланы, пропуск"
54705924,quiz_trivia,,realistic_neutral,,none,no,none,no,no,no,no,no,no,no,no,no,no,no,no,no,no,no,no,high,medium,high,no,"школа СССР: 10 классов, оценки, аттестат"
54705965,non_puzzle,,monsters_combat,,core,no,idle_economy,no,no,no,no,yes,no,no,no,no,no,no,no,no,no,no,no,high,medium,high,no,"кликер: монстры, босс каждые 10, офлайн"
54706915,arrow_tapaway,,abstract,,none,no,none,yes,unknown,unknown,unknown,unknown,yes,unknown,unknown,unknown,unknown,unknown,unknown,unknown,unknown,unknown,unknown,high,medium,medium,no,убрать когда нет препятствий; порядок; лабиринты
54706938,merge,,abstract,,none,no,none,no,no,no,no,no,no,no,no,no,no,no,no,no,no,no,no,high,high,high,no,"классика 2048; темы, вызов дня, друзья"
54707136,non_puzzle,,cute_animals,,none,no,none,no,no,no,no,no,no,no,no,no,no,no,no,no,no,no,no,high,medium,high,no,"деревня енотов; ресурсы, постройки, лес"
54707848,sort,,cute_animals,,none,no,collection,no,no,no,no,no,no,no,no,no,no,no,no,no,no,no,no,high,high,medium,no,"коты по деревьям масти; 54 породы, альбом"
54707984,merge,,treasure_adventure,,none,no,none,no,no,no,no,no,no,no,no,no,no,no,no,no,no,no,no,high,high,high,no,"мерж снаряжения; пираты, море, легенда"
54708178,word,,unknown_mixed,,none,no,none,no,no,no,no,no,no,no,no,no,no,no,no,no,no,no,no,high,medium,high,no,слова-ассоциации в пузырях; категории и уровни
54708575,non_puzzle,,realistic_neutral,space_scifi,none,no,none,no,no,no,no,no,no,no,no,no,no,no,no,no,no,no,no,high,medium,high,no,"рыбалка: удочки, базы, крафт; орбитальный лифт"
54708779,sort,,realistic_neutral,,none,no,none,no,no,no,no,no,no,no,no,no,no,no,no,no,no,no,no,high,medium,high,no,предметы тройками на полки; дом и уют
54708984,other_puzzle,,abstract,,none,no,none,no,no,no,no,no,no,no,no,no,no,no,no,no,no,no,no,medium,medium,high,no,"захват фишек; улучшения, цепные реакции"
54709871,screw,,cute_animals,,none,no,none,no,no,no,no,no,no,no,no,no,no,no,no,no,no,no,no,high,medium,high,no,"болты и лоток цветов; 115 психокотов, бонус"
54711008,sort,,magic_fantasy,,none,no,none,no,no,no,no,no,no,no,no,no,no,no,no,no,no,no,no,high,medium,high,no,слои зелий по колбам; главы и рецепты
54711115,tile_match,,unknown_mixed,,none,no,none,no,no,no,no,no,no,no,no,no,no,no,no,no,no,no,no,high,medium,high,no,"классический солитер; 3 раскладки, путь гармонии"
54713874,merge,,horror,,none,no,idle_economy,no,no,no,no,no,no,no,no,no,no,no,no,no,no,no,no,high,medium,medium,no,"сливай аномалии; бэкрумс, офлайн, престиж"
54713878,merge,,magic_fantasy,,none,no,idle_economy,no,no,no,no,no,no,no,no,no,no,no,no,no,no,no,no,high,medium,medium,no,"големы в формы; офлайн, престиж, гора"
54713924,match3,,space_scifi,,none,no,none,no,no,no,no,no,no,no,no,no,no,no,no,no,no,no,no,high,high,high,no,"три в ряд; планеты, артефакты, корабль"
54714749,tile_match,,food_household,,none,no,none,no,no,no,no,no,no,no,no,no,no,no,no,no,no,no,no,high,medium,high,no,плитки сладостей; ходы и уровни
54715555,merge,,space_scifi,,core,yes,none,no,no,no,no,no,no,no,no,no,no,no,no,no,no,no,no,high,high,medium,no,тапай корабли; мерж-3 обороны; самоцветы за забег
54716044,picture_reveal,,unknown_mixed,,none,no,pvp_tournament,no,no,no,no,no,no,no,no,no,no,no,no,no,no,no,no,high,medium,high,no,"пазлы; турниры, поместье мечты"
54716330,hidden_object,,detective_mystery,,none,no,none,no,no,no,no,no,no,no,no,no,no,no,no,no,no,no,no,high,high,high,no,"лайнер Аврора; улики, персонажи, расследование"
54716700,tabletop,,realistic_neutral,,none,no,none,no,no,no,no,no,no,no,no,no,no,no,no,no,no,no,no,high,medium,high,no,камень-ножницы-бумага-колодец; Сакро и 30 очков
54716790,sort,screw,realistic_neutral,,none,no,none,no,no,no,no,no,no,no,no,no,no,no,no,no,no,no,no,high,medium,high,no,"гайки на болтах в цвет; уровень дня, рекорды"
54718172,non_puzzle,,vehicles,,none,no,none,no,no,no,no,no,no,no,no,no,no,no,no,no,no,no,no,medium,medium,high,no,"поезд по кольцу; вагоны, скорость, ресурсы"
54718363,non_puzzle,,realistic_neutral,,core,no,none,no,no,no,no,no,no,no,no,no,no,no,no,no,no,no,no,high,medium,high,no,"FPS тюрьма; процедурность, главари, документы"
54719347,non_puzzle,,vehicles,,core,no,none,no,no,no,no,no,no,no,no,no,no,no,yes,no,no,no,no,high,high,low,yes,танки WWII; броня и рикошеты; серебро и танки
54720714,word,,realistic_neutral,,none,no,none,no,no,no,no,no,no,no,no,no,no,no,no,no,no,no,no,high,medium,high,no,"английский для кода; уроки, лига, сердца"
54721224,tile_match,,realistic_neutral,,none,no,none,no,no,no,no,no,no,no,no,no,no,no,no,no,no,no,no,high,medium,high,no,"пары свободных плиток; сакура, храм, магазин"
54721308,merge,,realistic_neutral,,none,no,none,no,no,no,no,no,no,no,no,no,no,no,no,no,no,no,no,medium,medium,high,no,"2048 ракет; атакуй базы, щит, валюта"
54721740,tile_match,,realistic_neutral,,none,no,none,no,no,no,no,no,no,no,no,no,no,no,no,no,no,no,no,high,medium,high,no,"пары в лоток; комбо, альбом, лидеры; терем"
54721933,match3,,realistic_neutral,,none,no,none,no,no,no,no,no,no,no,no,no,no,no,no,no,no,no,no,high,medium,high,no,"меняй фишки ряды от 3; Япония, 60 уровней"
54722196,block_hexa,,abstract,,none,no,pvp_tournament,no,no,no,no,no,no,no,no,no,no,no,no,no,no,no,no,high,high,high,no,"фигуры в линии; арена дня, дуэли, клубы"
54722223,other_puzzle,,horror,,none,no,none,no,no,no,no,no,no,no,no,no,no,no,no,no,no,no,no,medium,medium,high,no,"звуковой стелс; эхо, монстры, выход"
54722886,other_puzzle,,abstract,,none,no,none,no,no,no,no,no,no,no,no,no,no,no,no,no,no,no,no,high,medium,high,no,шар до упора красит; порядок ходов
54722946,hidden_object,,realistic_neutral,,none,no,none,no,no,no,no,no,no,no,no,no,no,no,no,no,no,no,no,high,medium,high,no,"различия картинок; горная деревня, 25 уровней"
54723060,merge,,horror,,core,no,none,no,no,no,no,no,no,no,no,no,no,no,no,no,no,no,no,high,medium,medium,no,"объединяй оружие; волны зомби, навыки"
54723115,arrow_tapaway,,abstract,,none,no,none,yes,yes,unknown,unknown,unknown,yes,unknown,unknown,unknown,unknown,unknown,unknown,unknown,unknown,unknown,unknown,high,medium,high,no,стрелка со свободным выходом; тап и распутай
54723170,arrow_tapaway,,abstract,,none,no,none,yes,yes,unknown,unknown,unknown,yes,unknown,unknown,unknown,unknown,unknown,unknown,unknown,unknown,unknown,unknown,high,medium,high,no,нажимай путь свободен покидает поле; порядок
54723320,non_puzzle,,realistic_neutral,,none,no,none,no,no,no,no,no,no,no,no,no,no,no,no,no,no,no,no,medium,medium,high,no,свайп-выборы жизни; деньги и 15 концовок
54723945,match3,,magic_fantasy,,core,no,none,no,no,no,no,yes,no,no,no,no,no,no,no,no,no,no,no,high,medium,high,no,"свайп удар; стихии, мобы, мировые боссы"
54724792,merge,,magic_fantasy,,none,no,none,no,no,no,no,no,no,no,no,no,no,no,no,no,no,no,no,high,medium,high,no,"мерж-2 лавки; заказы, 6 цепочек, таблица"
54725284,non_puzzle,,cute_animals,,none,no,none,no,no,no,no,no,no,no,no,no,no,no,no,no,no,no,no,high,medium,high,no,"пингвин от лавины; рыбки, жизни, склон"
54725690,tile_match,,food_household,,none,no,none,no,no,no,no,no,no,no,no,no,no,no,no,no,no,no,no,high,high,high,no,"тайлы по три; кафе, заказы, бустеры"
54726074,tabletop,,abstract,,none,no,none,no,no,no,no,no,no,no,no,no,no,no,no,no,no,no,no,medium,medium,high,no,фишки до финиша; ловушки и ходы; правил мало
54726404,non_puzzle,,realistic_neutral,,core,no,none,no,no,no,no,yes,no,no,no,no,no,no,no,no,no,no,no,high,medium,high,no,"Tower Defense замка; 5 башен, 6 боссов, звезды"
54726806,non_puzzle,,realistic_neutral,,none,no,collection,no,no,no,no,no,no,no,no,no,no,no,no,no,no,no,no,medium,medium,medium,no,"кейсы и ножи; коллекция, апгрейд, лидеры"
54727742,merge,,realistic_neutral,,none,no,none,no,no,no,no,no,no,no,no,no,no,no,no,no,no,no,no,high,medium,high,no,алхимия открытий; вода и почва в грязь; книга
54728035,non_puzzle,,realistic_neutral,,none,no,none,no,no,no,no,no,yes,no,no,no,no,no,yes,no,no,no,no,medium,medium,low,yes,тап-футбол: сила и угол; отскоки от бортов; голы
54728083,non_puzzle,,vehicles,,none,no,none,no,no,no,no,no,no,no,no,no,no,no,no,no,no,no,no,high,high,high,no,передачи в зеленой зоне; гараж и обгоны
54729819,other_puzzle,,horror,,none,no,none,no,no,no,no,no,no,no,no,no,no,no,no,no,no,no,no,medium,medium,high,no,устрани агентов физикой; город и зомби
54730119,non_puzzle,,realistic_neutral,,core,no,pvp_tournament,no,no,no,no,no,no,no,no,no,no,no,no,no,no,no,no,high,medium,high,no,"замок и осады; армия, набеги, лиги"
54730201,tile_match,,abstract,,none,no,none,no,no,no,no,no,no,no,no,no,no,no,no,no,no,no,no,medium,medium,high,no,"блоки парами; траектории и комбо, рейтинг"
54730685,non_puzzle,,realistic_neutral,,none,no,none,no,no,no,no,no,no,no,no,no,no,no,no,no,no,no,no,high,medium,high,no,"раннер по путям; поезда, монеты, города"
54730918,picture_reveal,,memes_pop_culture,,none,no,none,no,no,no,no,no,no,no,no,no,no,no,no,no,no,no,no,high,medium,high,no,"пазл-история Йору; 39 сцен, lo-fi, неон"
54731799,word,,realistic_neutral,,none,no,none,no,no,no,no,no,no,no,no,no,no,no,no,no,no,no,no,high,medium,high,no,"буквы местами; определения в сетке, день"
54732019,arrow_tapaway,,abstract,,none,no,none,yes,unknown,unknown,unknown,unknown,yes,yes,unknown,unknown,unknown,unknown,unknown,unknown,unknown,unknown,unknown,high,medium,medium,no,свободные направления; стрелки меняют направление; маршруты
54734398,tabletop,,abstract,,none,no,none,no,no,no,no,no,no,no,no,no,no,no,no,no,no,no,no,medium,medium,high,no,пузырьки в ряду; последний проигрывает; ИИ и дуо
54734586,bubble_shooter,,realistic_neutral,,none,no,none,no,no,no,no,no,yes,no,no,no,no,no,yes,no,no,no,no,high,medium,medium,no,"бабл матрешки; рикошеты от стен, линия прицела"
54736486,non_puzzle,,magic_fantasy,,none,no,idle_economy,no,no,no,no,no,no,no,no,no,no,no,no,no,no,no,no,high,medium,high,no,"башня алхимика; офлайн, перерождение, руны"
54737745,screw,,home_renovation,,none,no,none,no,no,no,no,no,no,no,no,no,no,no,no,no,no,no,no,high,medium,high,no,"винты парами цвета; мама и сын, ремонт дома"
54737748,non_puzzle,,realistic_neutral,,none,no,none,no,no,no,no,no,no,no,no,no,no,no,no,no,no,no,no,high,medium,high,no,"криминальная RPG; районы, кланы, легенда"
54738820,non_puzzle,,space_scifi,,none,no,none,no,no,no,no,no,no,no,no,no,no,no,no,no,no,no,no,high,medium,high,no,полярность робота; шипы и лазеры; шторм
54739790,block_hexa,,abstract,magic_fantasy,none,no,none,no,no,no,no,no,no,no,no,no,no,no,no,no,no,no,no,high,medium,high,no,фигуры в ряды; магия лишь в названии
54740346,tabletop,,realistic_neutral,,none,no,none,no,no,no,no,no,no,no,no,no,no,no,no,no,no,no,no,medium,medium,high,no,наперстки с картами; следи и укажи; альбом
54740352,other_puzzle,,realistic_neutral,,none,no,none,no,no,no,no,no,no,no,no,no,no,no,no,no,no,no,no,medium,medium,high,no,запомни карты найди новую; альбом и комбо
54740804,non_puzzle,,treasure_adventure,,core,no,none,no,no,no,no,no,no,no,no,no,no,no,no,no,no,no,no,high,medium,high,no,"катера и миссии; пираты, засады, патрули"
54741214,match3,,farm_garden,,none,no,none,no,no,no,no,no,no,no,no,no,no,no,no,no,no,no,no,high,medium,high,no,"самоцветы в ряд; сад, черепашка, локации"
54742639,non_puzzle,,realistic_neutral,,none,no,idle_economy,no,no,no,no,no,no,no,no,no,no,no,no,no,no,no,no,high,medium,high,no,"прииск сам; люди, слитки, престиж"
54742775,arrow_tapaway,,abstract,,none,no,none,yes,yes,unknown,unknown,unknown,yes,unknown,unknown,unknown,unknown,unknown,unknown,unknown,unknown,unknown,unknown,high,medium,high,no,стрелка хочет выбраться; покинет поле; порядок
54743461,tile_match,,unknown_mixed,,none,no,none,no,no,no,no,no,no,no,no,no,no,no,no,no,no,no,no,high,medium,high,no,плитки свободной линией; части пазла и темы
54743661,merge,,realistic_neutral,,none,no,none,no,no,no,no,no,no,no,no,no,no,no,no,no,no,no,no,high,medium,high,no,объединяй логистику; империя и лига
54745184,merge,,realistic_neutral,,none,no,none,no,no,no,no,no,no,no,no,no,no,no,no,no,no,no,no,high,medium,high,no,два объекта в следующий; нефть и корпорация
54748520,match3,merge,cute_animals,,none,no,none,no,no,no,no,no,no,no,no,no,no,no,no,no,no,no,no,high,medium,high,no,группы 3+ и 2048; суслики и рекорды
54749981,other_puzzle,,detective_mystery,,none,no,none,no,no,no,no,no,no,no,no,no,no,no,no,no,no,no,no,high,medium,high,no,судоку и детектив; подозреваемые и дела
54752934,merge,,food_household,,none,no,none,no,no,no,no,no,no,no,no,no,no,no,no,no,no,no,no,high,medium,high,no,"суйка Джелли; страны, стикеры, рейтинг"
54752943,other_puzzle,,farm_garden,cute_animals,none,no,none,no,no,no,no,no,no,no,no,no,no,no,no,no,no,no,no,medium,medium,high,no,"стелс курицы; патрули, коробка, зерна"
54754375,tile_match,,food_household,,none,no,none,no,no,no,no,no,no,no,no,no,no,no,no,no,no,no,no,high,medium,high,no,"пары чайников; полки, залы, церемонии"
54754987,screw,,realistic_neutral,,none,no,none,no,no,no,no,no,no,no,no,no,no,no,no,no,no,no,no,high,medium,high,no,"винты по материалу; мастерская деда, чертеж"
54756455,other_puzzle,,realistic_neutral,,none,no,none,no,no,no,no,no,no,no,no,no,no,no,no,no,no,no,no,medium,medium,high,no,порядок тележек на складе; 150 уровней
54757390,unknown,,treasure_adventure,,unknown,unknown,unknown,unknown,unknown,unknown,unknown,unknown,unknown,unknown,unknown,unknown,unknown,unknown,unknown,unknown,unknown,unknown,unknown,low,medium,low,yes,тьма и сокровища гномов; механики нет
54758855,other_puzzle,,treasure_adventure,,none,no,none,no,no,no,no,no,no,no,no,no,no,no,no,no,no,no,no,high,medium,high,no,"лодка до упора; маяк, водовороты, марки"
54759951,other_puzzle,,abstract,,none,no,none,no,no,no,no,no,yes,no,no,no,no,no,no,no,no,no,no,high,medium,medium,no,стрелки красят в направлении; порядок ходов
54762397,other_puzzle,,cute_animals,,none,no,none,no,no,no,no,no,no,no,no,no,no,no,no,no,no,no,no,high,high,high,no,судоку с котятами; подсказки и логика
